timestamp,amplitude
0.00000000,0.0550981015
0.00004000,0.0471298024
0.00008000,0.0270496849
0.00012000,0.00218858896
0.00016000,0.00824449677
0.00020000,0.00155112497
0.00024000,-0.0108794225
0.00028000,0.00410098117
0.00032000,-0.0312782712
0.00036000,-0.0370154455
0.00040000,-0.0182102583
0.00044000,-0.0025923911
0.00048000,-0.0296846107
0.00052000,-0.0526333153
0.00056000,-0.0255410951
0.00060000,-0.0354217887
0.00064000,0.00123239297
0.00068000,-0.0331906639
0.00072000,-0.0188477226
0.00076000,-0.00769210281
0.00080000,-0.0194851868
0.00084000,-0.014704207
0.00088000,-0.0264972914
0.00092000,0.0299182739
0.00096000,0.008881961
0.00100000,-0.0255410951
0.00104000,-0.0236287024
0.00108000,-0.0140667427
0.00112000,-0.0430713557
0.00116000,-0.0229912382
0.00120000,0.00856322888
0.00124000,-0.000361267012
0.00128000,0.0203563124
0.00132000,0.0359741822
0.00136000,0.0490421914
0.00140000,0.0123880133
0.00144000,-0.00227365899
0.00148000,0.0315119326
0.00152000,0.0267309528
0.00156000,0.0401176959
0.00160000,0.0318306647
0.00164000,0.011431817
0.00168000,0.000913660973
0.00172000,-0.00769210281
0.00176000,-0.0290471464
0.00180000,-0.0402027667
0.00184000,-0.0255410951
0.00188000,-0.0322344676
0.00192000,0.00696956879
0.00196000,-0.0172540639
0.00200000,-0.0159791354
0.00204000,-0.0111981547
0.00208000,-0.00291112298
0.00212000,-0.00386731909
0.00216000,0.0111130849
0.00220000,0.00601337291
0.00224000,0.00696956879
0.00228000,0.00505717704
0.00232000,-0.00322985509
0.00236000,0.00983815733
0.00240000,0.00250732107
0.00244000,-0.0127918152
0.00248000,-0.000679999008
0.00252000,-0.0025923911
0.00256000,0.0366116464
0.00260000,-0.00992322713
0.00264000,-0.00450478308
0.00268000,0.000913660973
0.00272000,-0.00928576291
0.00276000,-0.00705463905
0.00280000,-0.0185289904
0.00284000,-0.0204413831
0.00288000,-0.0303220749
0.00292000,-0.0631514713
0.00296000,-0.0303220749
0.00300000,-0.0580517575
0.00304000,-0.0449837483
0.00308000,-0.0188477226
0.00312000,-0.0127918152
0.00316000,-0.0284096822
0.00320000,0.00218858896
0.00324000,-0.0143854748
0.00328000,-0.0236287024
0.00332000,0.0203563124
0.00336000,0.0283246133
0.00340000,0.0171689931
0.00344000,0.0120692812
0.00348000,0.0127067454
0.00352000,0.0468110703
0.00356000,0.0324681289
0.00360000,0.0241810977
0.00364000,0.0200375803
0.00368000,0.0366116464
0.00372000,0.00282605295
0.00376000,0.0072883009
0.00380000,-0.000679999008
0.00384000,-0.0331906639
0.00388000,-0.000679999008
0.00392000,-0.0134292794
0.00396000,-0.0137480106
0.00400000,-0.0191664547
0.00404000,-0.000998731004
0.00408000,-0.00322985509
0.00412000,-0.00705463905
0.00416000,-0.000361267012
0.00420000,0.00537590915
0.00424000,0.0366116464
0.00428000,0.0130254766
0.00432000,0.0194001179
0.00436000,0.0171689931
0.00440000,0.0401176959
0.00444000,0.0184439216
0.00448000,0.00186985696
0.00452000,0.014300405
0.00456000,0.0235436335
0.00460000,0.0605165437
0.00464000,0.0200375803
0.00468000,-0.0271347556
0.00472000,0.0127067454
0.00476000,0.0311932005
0.00480000,-0.0261785593
0.00484000,-0.0255410951
0.00488000,0.0155753326
0.00492000,-0.0443462841
0.00496000,-0.00673590694
0.00500000,-0.00801083539
0.00504000,-0.0765382126
0.00508000,-0.0175727941
0.00512000,0.00186985696
0.00516000,0.0130254766
0.00520000,-0.0319157355
0.00524000,0.00505717704
0.00528000,-0.0143854748
0.00532000,0.0149378693
0.00536000,-0.0166165996
0.00540000,0.00378224906
0.00544000,-0.00546097895
0.00548000,-0.0290471464
0.00552000,-0.0105606914
0.00556000,0.0280058812
0.00560000,0.00824449677
0.00564000,0.027368417
0.00568000,-0.00801083539
0.00572000,-0.0293658786
0.00576000,-0.0166165996
0.00580000,-0.0127918152
0.00584000,-0.0277722199
0.00588000,0.0111130849
0.00592000,-0.001317463
0.00596000,0.00186985696
0.00600000,-0.001636195
0.00604000,0.00250732107
0.00608000,-0.0319157355
0.00612000,0.0391614996
0.00616000,0.0187626537
0.00620000,-0.0242661666
0.00624000,0.00696956879
0.00628000,-0.0134292794
0.00632000,-0.0395653024
0.00636000,-0.0733508915
0.00640000,-0.0631514713
0.00644000,-0.0453024805
0.00648000,-0.0392465703
0.00652000,-0.0491272621
0.00656000,0.00250732107
0.00660000,-0.0331906639
0.00664000,-0.0395653024
0.00668000,-0.0226725079
0.00672000,-0.0303220749
0.00676000,-0.0025923911
0.00680000,0.00505717704
0.00684000,0.0299182739
0.00688000,0.00760703301
0.00692000,0.0171689931
0.00696000,-0.00386731909
0.00700000,0.0394802317
0.00704000,0.0350179859
0.00708000,0.0072883009
0.00712000,-0.00928576291
0.00716000,0.0382053033
0.00720000,-0.0319157355
0.00724000,-0.103311703
0.00728000,-0.0548644401
0.00732000,-0.0810004622
0.00736000,-0.0915186182
0.00740000,-0.000679999008
0.00744000,-0.0417964272
0.00748000,-0.0736696273
0.00752000,-0.0277722199
0.00756000,-0.059326686
0.00760000,-0.0370154455
0.00764000,0.0318306647
0.00768000,0.0104756206
0.00772000,0.00760703301
0.00776000,0.014300405
0.00780000,0.0487234592
0.00784000,0.0888836905
0.00788000,0.0595603473
0.00792000,0.0197188482
0.00796000,0.0758156776
0.00800000,0.0413926244
0.00804000,0.00473844493
0.00808000,0.0378865711
0.00812000,0.0104756206
0.00816000,-0.0213975795
0.00820000,0.00856322888
0.00824000,0.0238623656
0.00828000,-0.0185289904
0.00832000,0.00027619701
0.00836000,0.0158940647
0.00840000,0.0111130849
0.00844000,-0.00386731909
0.00848000,-0.0124730831
0.00852000,-0.0188477226
0.00856000,-0.0105606914
0.00860000,-0.000679999008
0.00864000,0.00824449677
0.00868000,-0.0379716419
0.00872000,-0.0427526236
0.00876000,0.027368417
0.00880000,-0.0166165996
0.00884000,0.0407551602
0.00888000,-0.00864829868
0.00892000,0.00760703301
0.00896000,0.0149378693
0.00900000,-0.00960449502
0.00904000,-0.000361267012
0.00908000,-0.0242661666
0.00912000,-0.0500834584
0.00916000,-0.00291112298
0.00920000,-0.00577971106
0.00924000,0.008881961
0.00928000,0.00951942522
0.00932000,-0.0264972914
0.00936000,-0.0236287024
0.00940000,-0.0274534877
0.00944000,-0.0150229391
0.00948000,-0.030640807
0.00952000,-0.0140667427
0.00956000,-0.054545708
0.00960000,-0.00864829868
0.00964000,0.00441971282
0.00968000,-0.0140667427
0.00972000,-0.0258598272
0.00976000,0.008881961
0.00980000,0.00505717704
0.00984000,-0.0303220749
0.00988000,-0.012154351
0.00992000,-0.0261785593
0.00996000,0.0155753326
0.01000000,-0.0255410951
0.01004000,-0.0172540639
0.01008000,0.00505717704
0.01012000,0.0174877252
0.01016000,0.0104756206
0.01020000,0.0433050171
0.01024000,0.0659349859
0.01028000,0.00951942522
0.01032000,0.0700785071
0.01036000,0.0637038648
0.01040000,0.0662537217
0.01044000,0.0487234592
0.01048000,0.0455361418
0.01052000,0.00378224906
0.01056000,0.0072883009
0.01060000,0.0745407566
0.01064000,0.0162127968
0.01068000,-0.0204413831
0.01072000,-0.04880853
0.01076000,-0.0446650162
0.01080000,-0.0580517575
0.01084000,-0.0854627118
0.01088000,-0.0615578108
0.01092000,0.027368417
0.01096000,0.00441971282
0.01100000,0.0264122207
0.01104000,-0.014704207
0.01108000,-0.0229912382
0.01112000,-0.0398840345
0.01116000,0.0152566014
0.01120000,0.0311932005
0.01124000,-0.0194851868
0.01128000,-0.00641717482
0.01132000,-0.00992322713
0.01136000,0.0547793694
0.01140000,-0.00450478308
0.01144000,-0.0140667427
0.01148000,0.014300405
0.01152000,0.0152566014
0.01156000,0.0158940647
0.01160000,0.0375678428
0.01164000,0.0056946408
0.01168000,-0.000679999008
0.01172000,0.0117505491
0.01176000,0.0222687051
0.01180000,-0.0414776951
0.01184000,-0.0274534877
0.01188000,-0.0357405208
0.01192000,-0.0242661666
0.01196000,-0.00832956657
0.01200000,-0.0618765429
0.01204000,-0.0274534877
0.01208000,-0.0433900878
0.01212000,0.00027619701
0.01216000,-0.0188477226
0.01220000,-0.077813141
0.01224000,-0.0931122825
0.01228000,-0.0198039189
0.01232000,0.0174877252
0.01236000,-0.0443462841
0.01240000,-0.0159791354
0.01244000,0.0136629408
0.01248000,0.0471298024
0.01252000,0.0283246133
0.01256000,0.0295995418
0.01260000,-0.00418605097
0.01264000,0.00537590915
0.01268000,0.0420300886
0.01272000,0.0397989638
0.01276000,0.0560542978
0.01280000,0.0174877252
0.01284000,0.0675286502
0.01288000,0.045854874
0.01292000,0.0391614996
0.01296000,0.0436237492
0.01300000,0.00824449677
0.01304000,-0.00450478308
0.01308000,-0.0143854748
0.01312000,0.00920069311
0.01316000,-0.030640807
0.01320000,-0.0233099703
0.01324000,-0.0408402309
0.01328000,-0.0341468602
0.01332000,-0.0124730831
0.01336000,-0.0220350437
0.01340000,-0.0172540639
0.01344000,-0.0701635778
0.01348000,-0.0261785593
0.01352000,-0.059326686
0.01356000,-0.0768569484
0.01360000,-0.0535895117
0.01364000,0.0155753326
0.01368000,0.00218858896
0.01372000,-0.0303220749
0.01376000,-0.0102419592
0.01380000,-0.0264972914
0.01384000,-0.00641717482
0.01388000,0.0101568894
0.01392000,-0.000998731004
0.01396000,0.0104756206
0.01400000,0.0235436335
0.01404000,-0.0137480106
0.01408000,-0.001317463
0.01412000,0.0289620776
0.01416000,0.0260934886
0.01420000,0.0178064574
0.01424000,0.0241810977
0.01428000,-0.0261785593
0.01432000,-0.0255410951
0.01436000,-0.00864829868
0.01440000,0.008881961
0.01444000,-0.0344655924
0.01448000,-0.0357405208
0.01452000,-0.0322344676
0.01456000,-0.0166165996
0.01460000,-0.0596454181
0.01464000,-0.0236287024
0.01468000,0.000913660973
0.01472000,-0.0523145832
0.01476000,0.0264122207
0.01480000,-0.0213975795
0.01484000,-0.0641076639
0.01488000,-0.00896703079
0.01492000,0.016850261
0.01496000,0.00378224906
0.01500000,0.0299182739
0.01504000,0.0547793694
0.01508000,0.0289620776
0.01512000,0.0445799455
0.01516000,0.0608352758
0.01520000,0.0260934886
0.01524000,0.000594928977
0.01528000,0.0264122207
0.01532000,0.0248185601
0.01536000,0.0382053033
0.01540000,0.014300405
0.01544000,-0.00354858697
0.01548000,-0.0150229391
0.01552000,-0.0118356189
0.01556000,-0.0319157355
0.01560000,-0.0115168868
0.01564000,-0.0395653024
0.01568000,-0.0185289904
0.01572000,-0.0344655924
0.01576000,-0.0249036308
0.01580000,-0.0459399447
0.01584000,-0.0236287024
0.01588000,-0.0188477226
0.01592000,0.00282605295
0.01596000,-0.00769210281
0.01600000,0.0120692812
0.01604000,-0.0280909501
0.01608000,-0.0338281281
0.01612000,-4.25350008e-05
0.01616000,0.0283246133
0.01620000,-0.0025923911
0.01624000,0.00282605295
0.01628000,0.0493609235
0.01632000,0.0056946408
0.01636000,0.00186985696
0.01640000,0.0120692812
0.01644000,0.0299182739
0.01648000,0.0340617895
0.01652000,0.0308744684
0.01656000,0.0442612134
0.01660000,0.0155753326
0.01664000,0.0238623656
0.01668000,0.0203563124
0.01672000,0.0544606373
0.01676000,0.0155753326
0.01680000,0.0337430574
0.01684000,0.0139816729
0.01688000,-0.0255410951
0.01692000,-0.0156604033
0.01696000,-0.020122651
0.01700000,-0.0376529098
0.01704000,-0.0322344676
0.01708000,-0.0631514713
0.01712000,-0.0618765429
0.01716000,-0.0315970033
0.01720000,-0.0574142933
0.01724000,-0.0535895117
0.01728000,-0.0386091061
0.01732000,-0.0309595391
0.01736000,-0.0322344676
0.01740000,-0.014704207
0.01744000,-0.0427526236
0.01748000,-0.00418605097
0.01752000,-0.0217163116
0.01756000,-0.0446650162
0.01760000,-0.0449837483
0.01764000,-0.0347843245
0.01768000,-0.0255410951
0.01772000,-0.0108794225
0.01776000,-0.0217163116
0.01780000,0.00633210503
0.01784000,0.00920069311
0.01788000,0.040436428
0.01792000,0.0123880133
0.01796000,0.00983815733
0.01800000,0.021949973
0.01804000,0.0681661144
0.01808000,0.0222687051
0.01812000,0.0448986776
0.01816000,0.0442612134
0.01820000,0.0535044409
0.01824000,0.0130254766
0.01828000,0.0566917621
0.01832000,0.0264122207
0.01836000,0.0197188482
0.01840000,0.00920069311
0.01844000,0.0522295125
0.01848000,0.0241810977
0.01852000,-0.0159791354
0.01856000,-0.00609844318
0.01860000,0.00250732107
0.01864000,-0.00514224684
0.01868000,-0.00450478308
0.01872000,-0.00832956657
0.01876000,0.00983815733
0.01880000,0.0276871491
0.01884000,-0.000998731004
0.01888000,0.00856322888
0.01892000,-0.0162978675
0.01896000,-0.00291112298
0.01900000,-0.0124730831
0.01904000,-0.0131105473
0.01908000,0.0267309528
0.01912000,0.0104756206
0.01916000,-0.0102419592
0.01920000,-0.0325531997
0.01924000,0.00792576466
0.01928000,-0.00195492711
0.01932000,-0.0236287024
0.01936000,-0.0127918152
0.01940000,-0.0443462841
0.01944000,-0.041158963
0.01948000,-0.0596454181
0.01952000,-0.0637889355
0.01956000,-0.0688886493
0.01960000,-0.0606016144
0.01964000,-0.0513583869
0.01968000,-0.0695261136
0.01972000,-0.0714385062
0.01976000,-0.101080582
0.01980000,-0.0519958511
0.01984000,-0.0615578108
0.01988000,-0.038290374
0.01992000,-0.0822753906
0.01996000,0.0127067454
0.02000000,-0.0258598272
0.02004000,-0.00482351519
0.02008000,-0.00737337116
0.02012000,-0.0561393686
0.02016000,-0.0268160235
0.02020000,0.0401176959
0.02024000,0.0445799455
0.02028000,0.0417113565
0.02032000,0.0633851364
0.02036000,0.00123239297
0.02040000,0.040436428
0.02044000,0.0716721639
0.02048000,0.0573292263
0.02052000,0.0700785071
0.02056000,0.0601978116
0.02060000,0.0512733161
0.02064000,0.0254560243
0.02068000,0.0503171198
0.02072000,0.00410098117
0.02076000,0.0222687051
0.02080000,0.0178064574
0.02084000,-0.00291112298
0.02088000,0.00537590915
0.02092000,-0.0233099703
0.02096000,-0.030640807
0.02100000,-0.0249036308
0.02104000,0.00282605295
0.02108000,-0.0242661666
0.02112000,-0.0274534877
0.02116000,-0.0328719318
0.02120000,-0.00354858697
0.02124000,-0.041158963
0.02128000,-0.0389278382
0.02132000,0.0165315289
0.02136000,0.000913660973
0.02140000,-0.0258598272
0.02144000,-0.0392465703
0.02148000,-0.038290374
0.02152000,-0.0555019043
0.02156000,-0.0408402309
0.02160000,-0.000679999008
0.02164000,-0.0025923911
0.02168000,0.0292808097
0.02172000,0.0774093419
0.02176000,0.0471298024
0.02180000,0.0350179859
0.02184000,0.0216312408
0.02188000,0.0442612134
0.02192000,0.0480859987
0.02196000,0.0767718777
0.02200000,0.0519107804
0.02204000,0.0547793694
0.02208000,0.0716721639
0.02212000,0.0480859987
0.02216000,0.0244998299
0.02220000,0.0426675528
0.02224000,0.0152566014
0.02228000,0.00123239297
0.02232000,-0.0143854748
0.02236000,0.0178064574
0.02240000,0.00218858896
0.02244000,0.00282605295
0.02248000,-0.0162978675
0.02252000,-0.0287284143
0.02256000,-0.0456212126
0.02260000,-0.0277722199
0.02264000,-0.0159791354
0.02268000,-0.038290374
0.02272000,-0.0226725079
0.02276000,-0.0322344676
0.02280000,-0.0363779813
0.02284000,-0.0526333153
0.02288000,-0.0131105473
0.02292000,-0.0207601152
0.02296000,-0.0191664547
0.02300000,-0.0131105473
0.02304000,-0.001317463
0.02308000,-0.0472148694
0.02312000,-0.020122651
0.02316000,-0.00291112298
0.02320000,-0.00227365899
0.02324000,-0.00322985509
0.02328000,0.00314478506
0.02332000,0.00410098117
0.02336000,0.00123239297
0.02340000,-0.0354217887
0.02344000,-0.0204413831
0.02348000,-0.00546097895
0.02352000,-0.025222363
0.02356000,-0.0271347556
0.02360000,-0.0213975795
0.02364000,-0.0484897979
0.02368000,-0.0229912382
0.02372000,0.00378224906
0.02376000,-0.0140667427
0.02380000,0.00856322888
0.02384000,0.0267309528
0.02388000,0.0375678428
0.02392000,0.0601978116
0.02396000,0.0439424813
0.02400000,0.0563730299
0.02404000,0.0327868611
0.02408000,0.0225874372
0.02412000,0.0589228868
0.02416000,0.0433050171
0.02420000,0.0200375803
0.02424000,0.0216312408
0.02428000,-0.000361267012
0.02432000,0.0372491106
0.02436000,0.0413926244
0.02440000,0.0350179859
0.02444000,0.0117505491
0.02448000,0.0101568894
0.02452000,-0.00227365899
0.02456000,-0.0137480106
0.02460000,-0.0204413831
0.02464000,-0.0421151593
0.02468000,-0.0198039189
0.02472000,0.0506358519
0.02476000,0.0248185601
0.02480000,0.0216312408
0.02484000,0.0305557363
0.02488000,-0.00354858697
0.02492000,-0.0178915262
0.02496000,0.0356554501
0.02500000,0.00218858896
0.02504000,0.0101568894
0.02508000,0.0378865711
0.02512000,-0.000679999008
0.02516000,-0.0115168868
0.02520000,0.00920069311
0.02524000,0.0123880133
0.02528000,0.0283246133
0.02532000,0.0139816729
0.02536000,0.0133442087
0.02540000,0.00441971282
0.02544000,-0.0437088199
0.02548000,-0.044027552
0.02552000,-0.041158963
0.02556000,-0.0347843245
0.02560000,-0.0427526236
0.02564000,-0.0236287024
0.02568000,-0.0414776951
0.02572000,-0.0465774052
0.02576000,-0.0210788473
0.02580000,-0.0131105473
0.02584000,-0.0143854748
0.02588000,-0.00992322713
0.02592000,0.00824449677
0.02596000,-0.00514224684
0.02600000,-0.000361267012
0.02604000,0.00473844493
0.02608000,0.0178064574
0.02612000,-0.00832956657
0.02616000,-0.00291112298
0.02620000,0.0152566014
0.02624000,-0.000679999008
0.02628000,0.0308744684
0.02632000,0.0372491106
0.02636000,0.0111130849
0.02640000,0.00123239297
0.02644000,0.0162127968
0.02648000,0.0158940647
0.02652000,0.0235436335
0.02656000,0.0433050171
0.02660000,0.0490421914
0.02664000,0.0133442087
0.02668000,0.0203563124
0.02672000,0.0346992537
0.02676000,0.0401176959
0.02680000,0.0525482446
0.02684000,0.0786842704
0.02688000,0.0299182739
0.02692000,0.0413926244
0.02696000,0.0133442087
0.02700000,0.00856322888
0.02704000,0.0200375803
0.02708000,0.00505717704
0.02712000,-0.0178915262
0.02716000,0.0229061693
0.02720000,-0.0172540639
0.02724000,-0.0293658786
0.02728000,-0.0424338914
0.02732000,-0.0567768328
0.02736000,-0.0296846107
0.02740000,-0.0370154455
0.02744000,-0.00673590694
0.02748000,0.00951942522
0.02752000,0.00123239297
0.02756000,0.00473844493
0.02760000,-0.00482351519
0.02764000,0.00601337291
0.02768000,0.0206750445
0.02772000,0.0327868611
0.02776000,-0.00832956657
0.02780000,0.00314478506
0.02784000,0.00601337291
0.02788000,0.00696956879
0.02792000,0.0276871491
0.02796000,0.0270496849
0.02800000,-0.00354858697
0.02804000,-0.0143854748
0.02808000,0.0244998299
0.02812000,-0.0137480106
0.02816000,-0.0386091061
0.02820000,-0.0398840345
0.02824000,-0.0644263998
0.02828000,-0.0835503191
0.02832000,-0.0475336015
0.02836000,-0.0357405208
0.02840000,-0.0210788473
0.02844000,-0.0287284143
0.02848000,-0.0245848987
0.02852000,-0.0166165996
0.02856000,-0.00705463905
0.02860000,-0.0268160235
0.02864000,-0.00641717482
0.02868000,-0.0134292794
0.02872000,0.00378224906
0.02876000,-0.0213975795
0.02880000,-0.0223537758
0.02884000,-0.00291112298
0.02888000,0.0213125087
0.02892000,0.0302370042
0.02896000,0.0649787933
0.02900000,0.0694410428
0.02904000,0.0930272117
0.02908000,0.0573292263
0.02912000,0.0640226007
0.02916000,0.0640226007
0.02920000,0.0254560243
0.02924000,-0.00482351519
0.02928000,0.011431817
0.02932000,0.0515920483
0.02936000,0.0146191372
0.02940000,0.0340617895
0.02944000,-0.00514224684
0.02948000,-0.0233099703
0.02952000,-0.0319157355
0.02956000,-0.0213975795
0.02960000,-0.0606016144
0.02964000,-0.00928576291
0.02968000,0.00665083714
0.02972000,-0.0191664547
0.02976000,-0.0207601152
0.02980000,0.0535044409
0.02984000,0.0127067454
0.02988000,0.0283246133
0.02992000,0.021949973
0.02996000,0.0171689931
0.03000000,0.0308744684
0.03004000,0.0146191372
0.03008000,0.0209937766
0.03012000,0.00983815733
0.03016000,0.00951942522
0.03020000,0.00665083714
0.03024000,0.011431817
0.03028000,-0.000998731004
0.03032000,0.00920069311
0.03036000,-0.00195492711
0.03040000,-0.0344655924
0.03044000,-0.0293658786
0.03048000,-0.0443462841
0.03052000,-0.0140667427
0.03056000,-0.000361267012
0.03060000,-0.00514224684
0.03064000,-0.0437088199
0.03068000,-0.0178915262
0.03072000,0.0391614996
0.03076000,-0.0229912382
0.03080000,-0.00673590694
0.03084000,-0.0481710657
0.03088000,-0.0816379264
0.03092000,0.000913660973
0.03096000,-0.0249036308
0.03100000,-0.0124730831
0.03104000,-0.0159791354
0.03108000,-0.00450478308
0.03112000,-0.0583704896
0.03116000,-0.0523145832
0.03120000,0.00792576466
0.03124000,-0.0322344676
0.03128000,0.0362929143
0.03132000,0.0171689931
0.03136000,-0.0274534877
0.03140000,-0.0940684751
0.03144000,0.00920069311
0.03148000,0.0589228868
0.03152000,-0.038290374
0.03156000,-0.0398840345
0.03160000,0.0123880133
0.03164000,-0.0389278382
0.03168000,0.0146191372
0.03172000,-0.00641717482
0.03176000,-0.0140667427
0.03180000,-0.0287284143
0.03184000,0.0194001179
0.03188000,-0.0188477226
0.03192000,-0.0774944127
0.03196000,0.0244998299
0.03200000,0.0123880133
0.03204000,-0.0226725079
0.03208000,-0.0561393686
0.03212000,-0.00673590694
0.03216000,-0.0210788473
0.03220000,-0.0102419592
0.03224000,-0.0351030566
0.03228000,0.0251372922
0.03232000,0.00696956879
0.03236000,-0.0293658786
0.03240000,0.0337430574
0.03244000,-0.00737337116
0.03248000,0.0410738923
0.03252000,0.035336718
0.03256000,0.00760703301
0.03260000,0.0496796556
0.03264000,0.0260934886
0.03268000,0.0410738923
0.03272000,0.0519107804
0.03276000,0.0519107804
0.03280000,0.0531857088
0.03284000,0.0203563124
0.03288000,0.0149378693
0.03292000,0.0229061693
0.03296000,0.00696956879
0.03300000,0.000594928977
0.03304000,-0.0392465703
0.03308000,-0.0370154455
0.03312000,-0.0682511851
0.03316000,-0.0567768328
0.03320000,-0.059326686
0.03324000,-0.0213975795
0.03328000,-0.0204413831
0.03332000,-0.0226725079
0.03336000,-0.0258598272
0.03340000,-0.0599641502
0.03344000,-0.000679999008
0.03348000,-0.0268160235
0.03352000,0.00250732107
0.03356000,-0.0653825924
0.03360000,-0.0300033428
0.03364000,-0.0344655924
0.03368000,-0.0433900878
0.03372000,-0.0162978675
0.03376000,-0.012154351
0.03380000,0.0324681289
0.03384000,-0.0207601152
0.03388000,-0.00227365899
0.03392000,-0.0166165996
0.03396000,-0.00227365899
0.03400000,-0.0303220749
0.03404000,0.0206750445
0.03408000,0.0146191372
0.03412000,0.00250732107
0.03416000,-0.00801083539
0.03420000,-0.00450478308
0.03424000,-0.0539082438
0.03428000,-0.0213975795
0.03432000,-0.0185289904
0.03436000,-0.0373341776
0.03440000,-0.0539082438
0.03444000,-0.0242661666
0.03448000,-0.0296846107
0.03452000,-0.00992322713
0.03456000,-0.0268160235
0.03460000,-0.00322985509
0.03464000,-0.0363779813
0.03468000,-0.00546097895
0.03472000,-4.25350008e-05
0.03476000,-0.000998731004
0.03480000,0.00346351694
0.03484000,-0.0220350437
0.03488000,0.00760703301
0.03492000,-0.0303220749
0.03496000,0.000594928977
0.03500000,-0.0213975795
0.03504000,-0.0134292794
0.03508000,0.0133442087
0.03512000,0.0123880133
0.03516000,0.0190813858
0.03520000,0.0232249014
0.03524000,0.0171689931
0.03528000,-0.0153416712
0.03532000,0.0136629408
0.03536000,0.0206750445
0.03540000,0.016850261
0.03544000,-0.0025923911
0.03548000,0.027368417
0.03552000,-0.0198039189
0.03556000,-0.00386731909
0.03560000,-0.0124730831
0.03564000,-0.0504021905
0.03568000,-0.00418605097
0.03572000,-0.00641717482
0.03576000,-0.001317463
0.03580000,0.00856322888
0.03584000,-0.00705463905
0.03588000,-0.0111981547
0.03592000,0.0241810977
0.03596000,0.0117505491
0.03600000,-0.012154351
0.03604000,-0.0115168868
0.03608000,-0.0108794225
0.03612000,-0.00832956657
0.03616000,-0.00769210281
0.03620000,0.0187626537
0.03624000,-0.00482351519
0.03628000,-0.00737337116
0.03632000,-0.00801083539
0.03636000,-0.0430713557
0.03640000,-0.0261785593
0.03644000,0.0375678428
0.03648000,-0.0143854748
0.03652000,-0.0602828823
0.03656000,-0.0143854748
0.03660000,-0.0277722199
0.03664000,-0.0264972914
0.03668000,-0.0424338914
0.03672000,-0.0172540639
0.03676000,-0.0249036308
0.03680000,-0.0290471464
0.03684000,-0.051677119
0.03688000,-0.0548644401
0.03692000,-0.0319157355
0.03696000,-0.0586892217
0.03700000,-0.0580517575
0.03704000,-0.0574142933
0.03708000,-0.0475336015
0.03712000,-0.062195275
0.03716000,-0.00577971106
0.03720000,-0.0261785593
0.03724000,0.00983815733
0.03728000,0.00250732107
0.03732000,0.0165315289
0.03736000,0.0254560243
0.03740000,0.0241810977
0.03744000,0.027368417
0.03748000,0.0394802317
0.03752000,0.0394802317
0.03756000,0.0397989638
0.03760000,0.0490421914
0.03764000,0.0570104942
0.03768000,0.0439424813
0.03772000,0.0350179859
0.03776000,0.0174877252
0.03780000,0.0378865711
0.03784000,0.0235436335
0.03788000,0.00314478506
0.03792000,-0.00546097895
0.03796000,0.0171689931
0.03800000,-0.0118356189
0.03804000,-0.0268160235
0.03808000,-0.00992322713
0.03812000,0.008881961
0.03816000,-0.0233099703
0.03820000,0.0139816729
0.03824000,0.0197188482
0.03828000,-0.001317463
0.03832000,-0.0357405208
0.03836000,0.0123880133
0.03840000,0.0136629408
0.03844000,0.0321493968
0.03848000,0.00027619701
0.03852000,0.011431817
0.03856000,0.050954584
0.03860000,0.027368417
0.03864000,0.0280058812
0.03868000,0.0264122207
0.03872000,0.0127067454
0.03876000,0.0174877252
0.03880000,0.0203563124
0.03884000,-0.00769210281
0.03888000,-0.0389278382
0.03892000,-0.0325531997
0.03896000,-0.0331906639
0.03900000,-0.0143854748
0.03904000,-0.0194851868
0.03908000,-0.0264972914
0.03912000,-0.0153416712
0.03916000,-0.0124730831
0.03920000,-0.0287284143
0.03924000,-0.0379716419
0.03928000,-0.0143854748
0.03932000,-0.00960449502
0.03936000,-0.0277722199
0.03940000,-0.0357405208
0.03944000,-0.0217163116
0.03948000,0.00665083714
0.03952000,0.00378224906
0.03956000,-0.0143854748
0.03960000,-0.00928576291
0.03964000,0.0123880133
0.03968000,0.0139816729
0.03972000,-0.001317463
0.03976000,-0.014704207
0.03980000,0.00250732107
0.03984000,0.00250732107
0.03988000,-0.00896703079
0.03992000,-0.0185289904
0.03996000,-0.0124730831
0.04000000,-0.000679999008
0.04004000,-0.00864829868
0.04008000,-0.00227365899
0.04012000,-0.00450478308
0.04016000,-0.00386731909
0.04020000,0.000913660973
0.04024000,-0.0188477226
0.04028000,-0.000679999008
0.04032000,-0.00450478308
0.04036000,-0.033509396
0.04040000,-0.00896703079
0.04044000,0.00633210503
0.04048000,-0.0115168868
0.04052000,-0.00801083539
0.04056000,0.00537590915
0.04060000,-0.0303220749
0.04064000,-0.0736696273
0.04068000,-0.0370154455
0.04072000,-0.0424338914
0.04076000,-0.0478523336
0.04080000,-0.0424338914
0.04084000,-0.0424338914
0.04088000,-0.0357405208
0.04092000,-0.0417964272
0.04096000,-0.0338281281
0.04100000,-0.0319157355
0.04104000,-0.0134292794
0.04108000,-0.00769210281
0.04112000,-0.0127918152
0.04116000,-0.00769210281
0.04120000,0.0264122207
0.04124000,0.0146191372
0.04128000,0.0436237492
0.04132000,0.0257747564
0.04136000,0.0362929143
0.04140000,0.0343805216
0.04144000,0.0385240354
0.04148000,0.0496796556
0.04152000,0.0474485345
0.04156000,0.0305557363
0.04160000,0.0235436335
0.04164000,0.0433050171
0.04168000,0.0270496849
0.04172000,0.0187626537
0.04176000,0.0343805216
0.04180000,0.00856322888
0.04184000,-0.00737337116
0.04188000,0.00951942522
0.04192000,0.00473844493
0.04196000,-0.0105606914
0.04200000,-0.00641717482
0.04204000,-0.00641717482
0.04208000,-0.0194851868
0.04212000,-0.0156604033
0.04216000,-0.0293658786
0.04220000,-0.0338281281
0.04224000,-0.0245848987
0.04228000,-0.0443462841
0.04232000,-0.0191664547
0.04236000,-0.0204413831
0.04240000,-0.0468961373
0.04244000,-0.0315970033
0.04248000,-0.0258598272
0.04252000,-0.0153416712
0.04256000,-0.0169353317
0.04260000,0.0149378693
0.04264000,-0.00514224684
0.04268000,0.0178064574
0.04272000,-0.0328719318
0.04276000,-0.0223537758
0.04280000,0.00505717704
0.04284000,0.00282605295
0.04288000,-0.00354858697
0.04292000,-0.00514224684
0.04296000,0.0174877252
0.04300000,-0.0264972914
0.04304000,-0.00322985509
0.04308000,0.00314478506
0.04312000,0.0139816729
0.04316000,-0.0025923911
0.04320000,-0.001636195
0.04324000,0.0133442087
0.04328000,0.0133442087
0.04332000,0.008881961
0.04336000,0.00473844493
0.04340000,-4.25350008e-05
0.04344000,-0.00801083539
0.04348000,0.0187626537
0.04352000,0.0200375803
0.04356000,0.0171689931
0.04360000,0.014300405
0.04364000,0.0056946408
0.04368000,0.0197188482
0.04372000,0.0056946408
0.04376000,-0.00546097895
0.04380000,-0.00577971106
0.04384000,0.0136629408
0.04388000,0.00186985696
0.04392000,-0.0172540639
0.04396000,-0.00896703079
0.04400000,0.00601337291
0.04404000,-0.00928576291
0.04408000,-0.0268160235
0.04412000,-0.0127918152
0.04416000,0.000913660973
0.04420000,-0.0172540639
0.04424000,-0.0185289904
0.04428000,-0.0504021905
0.04432000,-0.0242661666
0.04436000,-0.0322344676
0.04440000,-0.0351030566
0.04444000,-0.0118356189
0.04448000,0.0104756206
0.04452000,-0.00928576291
0.04456000,0.00760703301
0.04460000,0.0149378693
0.04464000,0.00505717704
0.04468000,-0.00864829868
0.04472000,0.00314478506
0.04476000,0.00473844493
0.04480000,0.008881961
0.04484000,0.0289620776
0.04488000,0.0515920483
0.04492000,0.0216312408
0.04496000,0.0187626537
0.04500000,0.0315119326
0.04504000,-0.0264972914
0.04508000,0.00537590915
0.04512000,-0.00641717482
0.04516000,-0.0663387924
0.04520000,-0.0472148694
0.04524000,-0.020122651
0.04528000,-0.0561393686
0.04532000,-0.0459399447
0.04536000,-0.0580517575
0.04540000,-0.0459399447
0.04544000,-0.0644263998
0.04548000,-0.0351030566
0.04552000,-0.0446650162
0.04556000,-0.0303220749
0.04560000,-0.0574142933
0.04564000,-0.0526333153
0.04568000,-0.0315970033
0.04572000,-0.0472148694
0.04576000,-0.0166165996
0.04580000,0.00760703301
0.04584000,0.0382053033
0.04588000,0.0433050171
0.04592000,0.06147274
0.04596000,0.0487234592
0.04600000,0.0547793694
0.04604000,0.0611540079
0.04608000,0.0229061693
0.04612000,0.0184439216
0.04616000,0.0209937766
0.04620000,0.0305557363
0.04624000,0.0107943527
0.04628000,0.0397989638
0.04632000,0.0343805216
0.04636000,0.0382053033
0.04640000,0.0420300886
0.04644000,0.0155753326
0.04648000,0.0197188482
0.04652000,0.00473844493
0.04656000,-0.00322985509
0.04660000,0.0104756206
0.04664000,-0.00322985509
0.04668000,-0.0398840345
0.04672000,-0.0245848987
0.04676000,-0.044027552
0.04680000,-0.0354217887
0.04684000,-0.0529520474
0.04688000,-0.0284096822
0.04692000,-0.00832956657
0.04696000,-0.0226725079
0.04700000,-0.0354217887
0.04704000,-0.0354217887
0.04708000,-0.00928576291
0.04712000,-0.0025923911
0.04716000,-0.00322985509
0.04720000,0.00123239297
0.04724000,0.00155112497
0.04728000,0.00792576466
0.04732000,0.0337430574
0.04736000,0.040436428
0.04740000,0.0289620776
0.04744000,0.0436237492
0.04748000,0.0229061693
0.04752000,0.0270496849
0.04756000,-0.00769210281
0.04760000,0.00792576466
0.04764000,0.0111130849
0.04768000,0.0155753326
0.04772000,-0.000361267012
0.04776000,-0.0319157355
0.04780000,-0.0354217887
0.04784000,-0.0182102583
0.04788000,-0.0255410951
0.04792000,-0.0255410951
0.04796000,-0.0268160235
0.04800000,-0.0159791354
0.04804000,-0.00450478308
0.04808000,-0.0153416712
0.04812000,-0.0150229391
0.04816000,-0.0166165996
0.04820000,0.00186985696
0.04824000,-4.25350008e-05
0.04828000,0.0200375803
0.04832000,-0.000361267012
0.04836000,0.0264122207
0.04840000,0.0366116464
0.04844000,0.0305557363
0.04848000,0.0375678428
0.04852000,0.0366116464
0.04856000,0.0407551602
0.04860000,0.0072883009
0.04864000,0.0305557363
0.04868000,0.0337430574
0.04872000,0.0238623656
0.04876000,0.0197188482
0.04880000,0.00186985696
0.04884000,-0.00322985509
0.04888000,-0.033509396
0.04892000,-0.0322344676
0.04896000,-0.0347843245
0.04900000,-0.0175727941
0.04904000,-0.0280909501
0.04908000,-0.0198039189
0.04912000,-0.0386091061
0.04916000,-0.0370154455
0.04920000,-0.0366967134
0.04924000,-0.0526333153
0.04928000,-0.0102419592
0.04932000,-0.0185289904
0.04936000,0.0120692812
0.04940000,0.0436237492
0.04944000,0.0340617895
0.04948000,0.00314478506
0.04952000,0.0334243253
0.04956000,0.0356554501
0.04960000,0.0662537217
0.04964000,0.0471298024
0.04968000,0.0624289364
0.04972000,0.0401176959
0.04976000,0.0158940647
0.04980000,0.0375678428
0.04984000,0.0056946408
0.04988000,0.00473844493
0.04992000,-0.0025923911
0.04996000,-0.0194851868
0.05000000,-0.0185289904
0.05004000,-0.0408402309
0.05008000,-0.0296846107
0.05012000,-0.0258598272
0.05016000,-0.0124730831
0.05020000,-0.0510396548
0.05024000,-0.0468961373
0.05028000,-0.00514224684
0.05032000,0.011431817
0.05036000,-0.012154351
0.05040000,-0.0140667427
0.05044000,0.0388427675
0.05048000,-0.00832956657
0.05052000,0.00920069311
0.05056000,0.0101568894
0.05060000,0.0184439216
0.05064000,0.00920069311
0.05068000,0.0302370042
0.05072000,-0.0392465703
0.05076000,-0.00386731909
0.05080000,-0.0140667427
0.05084000,-0.0472148694
0.05088000,-0.0102419592
0.05092000,0.0056946408
0.05096000,-0.0331906639
0.05100000,-0.0370154455
0.05104000,-0.0204413831
0.05108000,-0.0376529098
0.05112000,-0.0398840345
0.05116000,-0.0287284143
0.05120000,-0.0159791354
0.05124000,-0.0185289904
0.05128000,-0.0217163116
0.05132000,0.00346351694
0.05136000,0.0111130849
0.05140000,0.00473844493
0.05144000,-0.0169353317
0.05148000,-0.00450478308
0.05152000,-0.00769210281
0.05156000,0.00920069311
0.05160000,-0.001317463
0.05164000,0.00218858896
0.05168000,-0.0175727941
0.05172000,-0.0134292794
0.05176000,-0.00291112298
0.05180000,0.014300405
0.05184000,-0.020122651
0.05188000,-0.0312782712
0.05192000,-0.00418605097
0.05196000,0.00505717704
0.05200000,-0.0217163116
0.05204000,-0.0169353317
0.05208000,0.0111130849
0.05212000,0.0127067454
0.05216000,0.00537590915
0.05220000,0.0111130849
0.05224000,0.040436428
0.05228000,0.0311932005
0.05232000,0.0385240354
0.05236000,0.0127067454
0.05240000,0.0056946408
0.05244000,0.027368417
0.05248000,-0.00769210281
0.05252000,-0.0229912382
0.05256000,0.0171689931
0.05260000,0.0382053033
0.05264000,0.0152566014
0.05268000,0.0152566014
0.05272000,0.0162127968
0.05276000,-0.0347843245
0.05280000,-0.0507209226
0.05284000,-0.0188477226
0.05288000,-0.0319157355
0.05292000,-0.0529520474
0.05296000,-0.00291112298
0.05300000,-0.0271347556
0.05304000,-0.0341468602
0.05308000,-0.0140667427
0.05312000,0.00505717704
0.05316000,-0.0223537758
0.05320000,-0.00418605097
0.05324000,0.008881961
0.05328000,-0.0226725079
0.05332000,-0.0500834584
0.05336000,0.0111130849
0.05340000,-0.0194851868
0.05344000,0.014300405
0.05348000,-0.020122651
0.05352000,-0.0220350437
0.05356000,-0.00705463905
0.05360000,0.0397989638
0.05364000,0.0136629408
0.05368000,-0.0182102583
0.05372000,-0.030640807
0.05376000,-0.0303220749
0.05380000,-0.0226725079
0.05384000,0.00505717704
0.05388000,-0.0465774052
0.05392000,0.00473844493
0.05396000,-0.00418605097
0.05400000,-0.0025923911
0.05404000,-0.0300033428
0.05408000,-0.0277722199
0.05412000,0.00983815733
0.05416000,0.0311932005
0.05420000,-0.00641717482
0.05424000,0.0127067454
0.05428000,0.0321493968
0.05432000,-0.00801083539
0.05436000,0.00920069311
0.05440000,0.014300405
0.05444000,0.0515920483
0.05448000,0.0254560243
0.05452000,0.0754969493
0.05456000,0.0123880133
0.05460000,-4.25350008e-05
0.05464000,0.0305557363
0.05468000,0.0490421914
0.05472000,0.0178064574
0.05476000,0.0165315289
0.05480000,0.0248185601
0.05484000,-0.0162978675
0.05488000,0.0324681289
0.05492000,-0.00705463905
0.05496000,-0.00322985509
0.05500000,-0.0341468602
0.05504000,-0.00227365899
0.05508000,-0.0105606914
0.05512000,-0.0108794225
0.05516000,0.0216312408
0.05520000,-0.0229912382
0.05524000,0.00346351694
0.05528000,0.0184439216
0.05532000,0.0248185601
0.05536000,0.0429862849
0.05540000,0.0595603473
0.05544000,0.0235436335
0.05548000,0.0241810977
0.05552000,0.014300405
0.05556000,-0.0131105473
0.05560000,-0.00673590694
0.05564000,0.0264122207
0.05568000,0.0111130849
0.05572000,0.00792576466
0.05576000,0.035336718
0.05580000,0.000913660973
0.05584000,-0.000361267012
0.05588000,-0.0245848987
0.05592000,-0.0395653024
0.05596000,-0.000998731004
0.05600000,-0.00322985509
0.05604000,-0.0421151593
0.05608000,-0.04880853
0.05612000,-0.00641717482
0.05616000,-0.0182102583
0.05620000,-0.0475336015
0.05624000,-0.0191664547
0.05628000,-0.00291112298
0.05632000,-0.0325531997
0.05636000,-0.0274534877
0.05640000,-0.000361267012
0.05644000,-0.0437088199
0.05648000,-0.0137480106
0.05652000,-0.0300033428
0.05656000,-0.0386091061
0.05660000,-0.0574142933
0.05664000,-0.00322985509
0.05668000,-0.0456212126
0.05672000,-0.0118356189
0.05676000,0.00920069311
0.05680000,-0.0025923911
0.05684000,-0.0328719318
0.05688000,-0.0303220749
0.05692000,0.00760703301
0.05696000,-0.0111981547
0.05700000,0.0232249014
0.05704000,0.0461736061
0.05708000,0.0299182739
0.05712000,-0.033509396
0.05716000,-0.00354858697
0.05720000,0.0155753326
0.05724000,-0.00322985509
0.05728000,-0.0124730831
0.05732000,0.0260934886
0.05736000,-0.0134292794
0.05740000,0.00505717704
0.05744000,-0.00514224684
0.05748000,-0.0191664547
0.05752000,-0.0207601152
0.05756000,-0.0249036308
0.05760000,-0.0111981547
0.05764000,0.0213125087
0.05768000,-0.00769210281
0.05772000,-0.00322985509
0.05776000,0.0302370042
0.05780000,0.0318306647
0.05784000,0.011431817
0.05788000,-0.0217163116
0.05792000,-0.00641717482
0.05796000,0.0471298024
0.05800000,0.0184439216
0.05804000,-0.00482351519
0.05808000,0.0155753326
0.05812000,0.0248185601
0.05816000,0.0178064574
0.05820000,-0.00386731909
0.05824000,0.0209937766
0.05828000,-0.00737337116
0.05832000,-0.0153416712
0.05836000,-0.0025923911
0.05840000,-0.00227365899
0.05844000,-0.0217163116
0.05848000,-0.0166165996
0.05852000,-0.0338281281
0.05856000,-0.0347843245
0.05860000,-0.0417964272
0.05864000,-0.044027552
0.05868000,-0.0249036308
0.05872000,-0.0523145832
0.05876000,-0.0169353317
0.05880000,-0.0229912382
0.05884000,0.00123239297
0.05888000,-0.0220350437
0.05892000,0.0283246133
0.05896000,-0.00609844318
0.05900000,0.000913660973
0.05904000,0.0410738923
0.05908000,-0.000998731004
0.05912000,0.0174877252
0.05916000,0.00282605295
0.05920000,0.0515920483
0.05924000,0.0305557363
0.05928000,0.0318306647
0.05932000,0.0321493968
0.05936000,0.040436428
0.05940000,0.00983815733
0.05944000,0.00346351694
0.05948000,-0.00577971106
0.05952000,0.00696956879
0.05956000,0.0171689931
0.05960000,0.0123880133
0.05964000,-0.0217163116
0.05968000,-0.0108794225
0.05972000,-0.00705463905
0.05976000,-0.0456212126
0.05980000,-0.0637889355
0.05984000,-0.0242661666
0.05988000,-0.0446650162
0.05992000,-0.0370154455
0.05996000,-0.0287284143
0.06000000,-0.014704207
0.06004000,-0.0328719318
0.06008000,0.0178064574
0.06012000,-0.0111981547
0.06016000,-0.0341468602
0.06020000,-0.00227365899
0.06024000,0.0417113565
0.06028000,-0.00992322713
0.06032000,0.0324681289
0.06036000,0.0815528557
0.06040000,0.0324681289
0.06044000,0.00537590915
0.06048000,0.0394802317
0.06052000,0.0433050171
0.06056000,0.0200375803
0.06060000,0.0375678428
0.06064000,0.0327868611
0.06068000,0.0315119326
0.06072000,0.0130254766
0.06076000,-0.0319157355
0.06080000,-0.0191664547
0.06084000,-0.0172540639
0.06088000,-0.00928576291
0.06092000,-0.0188477226
0.06096000,-0.0153416712
0.06100000,-0.0217163116
0.06104000,-0.0153416712
0.06108000,-0.0481710657
0.06112000,-0.0233099703
0.06116000,-0.0465774052
0.06120000,-0.0641076639
0.06124000,-0.0274534877
0.06128000,-0.0213975795
0.06132000,0.0130254766
0.06136000,0.0101568894
0.06140000,-0.00992322713
0.06144000,-0.0223537758
0.06148000,-0.0198039189
0.06152000,0.0139816729
0.06156000,0.00537590915
0.06160000,0.0136629408
0.06164000,-0.0178915262
0.06168000,-0.00896703079
0.06172000,-0.00291112298
0.06176000,-0.0172540639
0.06180000,-0.0223537758
0.06184000,-0.0293658786
0.06188000,-0.0376529098
0.06192000,-0.0025923911
0.06196000,-0.00801083539
0.06200000,-0.0150229391
0.06204000,-0.0322344676
0.06208000,-0.0175727941
0.06212000,-0.0140667427
0.06216000,-0.00227365899
0.06220000,-0.00291112298
0.06224000,0.00696956879
0.06228000,-0.0229912382
0.06232000,-0.00322985509
0.06236000,0.0229061693
0.06240000,-0.001317463
0.06244000,-0.0124730831
0.06248000,0.00824449677
0.06252000,0.0362929143
0.06256000,0.0127067454
0.06260000,-0.0156604033
0.06264000,0.008881961
0.06268000,0.00696956879
0.06272000,0.00505717704
0.06276000,0.0178064574
0.06280000,0.00441971282
0.06284000,0.0149378693
0.06288000,0.0133442087
0.06292000,0.0190813858
0.06296000,0.0127067454
0.06300000,0.0232249014
0.06304000,0.0369303785
0.06308000,0.0573292263
0.06312000,0.0162127968
0.06316000,0.0146191372
0.06320000,0.0455361418
0.06324000,0.0417113565
0.06328000,0.0251372922
0.06332000,0.0238623656
0.06336000,0.0181251895
0.06340000,-0.0111981547
0.06344000,-0.0162978675
0.06348000,-0.0131105473
0.06352000,0.00123239297
0.06356000,-0.0140667427
0.06360000,-0.0255410951
0.06364000,-0.0319157355
0.06368000,-0.0357405208
0.06372000,-0.0264972914
0.06376000,-0.0539082438
0.06380000,-0.0465774052
0.06384000,-0.0641076639
0.06388000,-0.0475336015
0.06392000,-0.0255410951
0.06396000,-0.0408402309
0.06400000,-0.0376529098
0.06404000,-0.0182102583
0.06408000,-0.00450478308
0.06412000,-0.000998731004
0.06416000,0.0190813858
0.06420000,0.008881961
0.06424000,0.0506358519
0.06428000,0.0895211548
0.06432000,0.0742220208
0.06436000,0.00633210503
0.06440000,0.0729470924
0.06444000,0.0605165437
0.06448000,0.0723096281
0.06452000,0.0372491106
0.06456000,0.0522295125
0.06460000,0.0248185601
0.06464000,0.0146191372
0.06468000,0.0123880133
0.06472000,0.0123880133
0.06476000,-0.0175727941
0.06480000,-0.00450478308
0.06484000,0.0174877252
0.06488000,-0.00577971106
0.06492000,-0.014704207
0.06496000,-0.00705463905
0.06500000,-0.0108794225
0.06504000,-0.038290374
0.06508000,-0.0351030566
0.06512000,-0.0443462841
0.06516000,-0.0484897979
0.06520000,-0.0156604033
0.06524000,-0.0296846107
0.06528000,-0.0309595391
0.06532000,-0.0551831722
0.06536000,-0.0137480106
0.06540000,-0.0300033428
0.06544000,-0.0277722199
0.06548000,-0.020122651
0.06552000,-0.0105606914
0.06556000,-0.0357405208
0.06560000,0.00346351694
0.06564000,-0.00514224684
0.06568000,0.00378224906
0.06572000,-0.0137480106
0.06576000,0.0123880133
0.06580000,-0.0347843245
0.06584000,-0.00227365899
0.06588000,-0.00227365899
0.06592000,0.00633210503
0.06596000,-0.00354858697
0.06600000,-0.0223537758
0.06604000,0.0130254766
0.06608000,-0.0207601152
0.06612000,-0.0111981547
0.06616000,0.011431817
0.06620000,0.0385240354
0.06624000,0.0452174097
0.06628000,0.0337430574
0.06632000,0.0582854226
0.06636000,0.0190813858
0.06640000,0.0640226007
0.06644000,0.0544606373
0.06648000,0.0417113565
0.06652000,0.0448986776
0.06656000,0.0512733161
0.06660000,-0.0204413831
0.06664000,0.00250732107
0.06668000,-0.00864829868
0.06672000,-0.0357405208
0.06676000,-0.0185289904
0.06680000,-0.0586892217
0.06684000,-0.0529520474
0.06688000,-0.0771756768
0.06692000,-0.0899249613
0.06696000,-0.0950246677
0.06700000,-0.0902436897
0.06704000,-0.1262604
0.06708000,-0.0752632841
0.06712000,-0.0370154455
0.06716000,0.0158940647
0.06720000,0.0362929143
0.06724000,-0.00546097895
0.06728000,-0.0315970033
0.06732000,-0.0360592492
0.06736000,-0.0637889355
0.06740000,-0.030640807
0.06744000,0.0260934886
0.06748000,0.0455361418
0.06752000,0.0544606373
0.06756000,0.0649787933
0.06760000,0.0621102042
0.06764000,0.0713534355
0.06768000,0.0994018465
0.06772000,0.0570104942
0.06776000,0.111832395
0.06780000,0.0920710117
0.06784000,0.0681661144
0.06788000,0.0394802317
0.06792000,0.0426675528
0.06796000,0.0216312408
0.06800000,0.0146191372
0.06804000,-0.0105606914
0.06808000,-0.0328719318
0.06812000,-0.0185289904
0.06816000,-0.0280909501
0.06820000,-0.0759007484
0.06824000,-0.0637889355
0.06828000,-0.0612390786
0.06832000,-0.0472148694
0.06836000,-0.0344655924
0.06840000,-0.0191664547
0.06844000,-0.0239474345
0.06848000,-0.0207601152
0.06852000,-0.0357405208
0.06856000,0.0171689931
0.06860000,-0.0127918152
0.06864000,-0.0159791354
0.06868000,-0.0198039189
0.06872000,-0.00386731909
0.06876000,0.00505717704
0.06880000,0.0120692812
0.06884000,0.011431817
0.06888000,0.0187626537
0.06892000,0.0178064574
0.06896000,0.0127067454
0.06900000,0.0426675528
0.06904000,0.0547793694
0.06908000,0.0216312408
0.06912000,0.0187626537
0.06916000,0.0388427675
0.06920000,0.0146191372
0.06924000,0.0056946408
0.06928000,-0.00641717482
0.06932000,-0.0025923911
0.06936000,-0.0408402309
0.06940000,-0.0408402309
0.06944000,-0.00227365899
0.06948000,-0.00227365899
0.06952000,-0.0233099703
0.06956000,-0.00832956657
0.06960000,0.00186985696
0.06964000,-0.00864829868
0.06968000,0.00441971282
0.06972000,0.00250732107
0.06976000,-0.012154351
0.06980000,-0.0150229391
0.06984000,-0.0134292794
0.06988000,-0.0370154455
0.06992000,-0.0542269759
0.06996000,-0.0535895117
0.07000000,-0.0437088199
0.07004000,-0.0641076639
0.07008000,-0.0449837483
0.07012000,-0.0198039189
0.07016000,-0.0239474345
0.07020000,-0.0408402309
0.07024000,0.000594928977
0.07028000,0.0238623656
0.07032000,0.0445799455
0.07036000,0.0812341273
0.07040000,0.0770906061
0.07044000,0.0477672666
0.07048000,0.0739032924
0.07052000,0.11916323
0.07056000,0.0595603473
0.07060000,0.0955770686
0.07064000,0.0834652483
0.07068000,0.0372491106
0.07072000,0.00824449677
0.07076000,0.0104756206
0.07080000,-0.041158963
0.07084000,-0.0319157355
0.07088000,-0.00291112298
0.07092000,-0.00386731909
0.07096000,-0.0647451282
0.07100000,-0.0819566622
0.07104000,-0.0628327355
0.07108000,-0.0774944127
0.07112000,-0.081319198
0.07116000,-0.0574142933
0.07120000,-0.0574142933
0.07124000,-0.0602828823
0.07128000,-0.0309595391
0.07132000,-0.0255410951
0.07136000,-4.25350008e-05
0.07140000,0.0111130849
0.07144000,0.016850261
0.07148000,0.0382053033
0.07152000,0.0356554501
0.07156000,0.0570104942
0.07160000,0.0327868611
0.07164000,0.0334243253
0.07168000,0.0688035786
0.07172000,0.0646600574
0.07176000,0.0487234592
0.07180000,0.0496796556
0.07184000,0.00505717704
0.07188000,0.0101568894
0.07192000,-0.0108794225
0.07196000,-0.0198039189
0.07200000,-0.044027552
0.07204000,-0.0443462841
0.07208000,-0.0672949851
0.07212000,-0.0612390786
0.07216000,-0.0408402309
0.07220000,-0.0660200566
0.07224000,-0.0555019043
0.07228000,-0.0255410951
0.07232000,-0.00514224684
0.07236000,-0.00322985509
0.07240000,0.0257747564
0.07244000,0.0072883009
0.07248000,0.0139816729
0.07252000,0.045854874
0.07256000,-0.012154351
0.07260000,0.0229061693
0.07264000,0.0072883009
0.07268000,0.0311932005
0.07272000,0.0340617895
0.07276000,0.0327868611
0.07280000,0.0321493968
0.07284000,0.0512733161
0.07288000,0.0197188482
0.07292000,0.0232249014
0.07296000,-0.00227365899
0.07300000,0.0225874372
0.07304000,0.0592416152
0.07308000,-0.0191664547
0.07312000,-0.00418605097
0.07316000,0.0181251895
0.07320000,0.00314478506
0.07324000,-0.0198039189
0.07328000,-0.0341468602
0.07332000,-0.0287284143
0.07336000,-0.0347843245
0.07340000,-0.00832956657
0.07344000,-0.0331906639
0.07348000,-0.0351030566
0.07352000,-0.0542269759
0.07356000,-0.0539082438
0.07360000,-0.0389278382
0.07364000,-0.0637889355
0.07368000,-0.0229912382
0.07372000,0.0289620776
0.07376000,0.0216312408
0.07380000,0.0327868611
0.07384000,0.0305557363
0.07388000,0.0624289364
0.07392000,0.0659349859
0.07396000,0.0595603473
0.07400000,0.0413926244
0.07404000,0.0455361418
0.07408000,0.0292808097
0.07412000,0.0203563124
0.07416000,0.0123880133
0.07420000,0.0162127968
0.07424000,-0.000679999008
0.07428000,-0.0134292794
0.07432000,-0.00386731909
0.07436000,0.0072883009
0.07440000,0.0229061693
0.07444000,-0.0430713557
0.07448000,-0.0402027667
0.07452000,-0.0280909501
0.07456000,-0.0370154455
0.07460000,-0.0261785593
0.07464000,-0.0249036308
0.07468000,-0.0220350437
0.07472000,-0.044027552
0.07476000,0.00218858896
0.07480000,-0.0159791354
0.07484000,-0.0191664547
0.07488000,-0.0430713557
0.07492000,-0.0271347556
0.07496000,-4.25350008e-05
0.07500000,-0.0446650162
0.07504000,-0.0421151593
0.07508000,-0.0513583869
0.07512000,-0.0217163116
0.07516000,-0.025222363
0.07520000,-0.0172540639
0.07524000,0.00601337291
0.07528000,-0.001317463
0.07532000,0.0133442087
0.07536000,0.0178064574
0.07540000,0.0487234592
0.07544000,0.0174877252
0.07548000,-0.00960449502
0.07552000,-0.00418605097
0.07556000,-0.00832956657
0.07560000,0.00155112497
0.07564000,0.011431817
0.07568000,-0.0268160235
0.07572000,-0.0338281281
0.07576000,0.0225874372
0.07580000,-0.0315970033
0.07584000,-0.0207601152
0.07588000,-0.00832956657
0.07592000,0.0742220208
0.07596000,-0.0472148694
0.07600000,-0.0379716419
0.07604000,-0.0529520474
0.07608000,-0.081319198
0.07612000,-0.0794068053
0.07616000,0.0123880133
0.07620000,-0.0137480106
0.07624000,-0.0134292794
0.07628000,-0.0405214988
0.07632000,-0.0124730831
0.07636000,-0.00291112298
0.07640000,0.0280058812
0.07644000,0.0104756206
0.07648000,0.0490421914
0.07652000,0.0385240354
0.07656000,0.0362929143
0.07660000,0.0573292263
0.07664000,0.0401176959
0.07668000,0.0251372922
0.07672000,0.0146191372
0.07676000,0.050954584
0.07680000,-0.0111981547
0.07684000,-0.0296846107
0.07688000,-0.0102419592
0.07692000,0.00601337291
0.07696000,-0.0182102583
0.07700000,-0.0481710657
0.07704000,-0.0787693411
0.07708000,-0.0854627118
0.07712000,-0.0309595391
0.07716000,-0.0631514713
0.07720000,-0.0972557962
0.07724000,-0.0625140071
0.07728000,-0.0679324493
0.07732000,-0.0293658786
0.07736000,0.00505717704
0.07740000,-0.0258598272
0.07744000,-0.0386091061
0.07748000,-0.0102419592
0.07752000,0.0232249014
0.07756000,-0.0194851868
0.07760000,-0.00609844318
0.07764000,0.0155753326
0.07768000,-0.0162978675
0.07772000,0.0331055932
0.07776000,0.008881961
0.07780000,0.0299182739
0.07784000,0.00792576466
0.07788000,-0.0233099703
0.07792000,-0.0433900878
0.07796000,-0.0472148694
0.07800000,0.0241810977
0.07804000,-0.0896062255
0.07808000,-0.0504021905
0.07812000,-0.0338281281
0.07816000,-0.00737337116
0.07820000,-0.0363779813
0.07824000,-0.000998731004
0.07828000,0.008881961
0.07832000,-0.00832956657
0.07836000,-0.000679999008
0.07840000,-0.0389278382
0.07844000,-0.0720759705
0.07848000,-0.0274534877
0.07852000,-0.0249036308
0.07856000,-0.0207601152
0.07860000,0.00123239297
0.07864000,0.0369303785
0.07868000,-0.0025923911
0.07872000,0.040436428
0.07876000,0.0222687051
0.07880000,-0.0140667427
0.07884000,0.0197188482
0.07888000,0.00760703301
0.07892000,-0.00354858697
0.07896000,0.0286433455
0.07900000,0.0225874372
0.07904000,0.0375678428
0.07908000,-0.00960449502
0.07912000,0.0152566014
0.07916000,0.0133442087
0.07920000,-0.00641717482
0.07924000,-0.00896703079
0.07928000,-0.00673590694
0.07932000,-0.0239474345
0.07936000,0.000913660973
0.07940000,0.0139816729
0.07944000,-0.0427526236
0.07948000,0.00824449677
0.07952000,0.00601337291
0.07956000,-0.0663387924
0.07960000,-0.0465774052
0.07964000,-0.001636195
0.07968000,-0.0363779813
0.07972000,-0.0472148694
0.07976000,-0.0583704896
0.07980000,-0.00832956657
0.07984000,0.0244998299
0.07988000,-0.00832956657
0.07992000,-0.0111981547
0.07996000,0.0213125087
0.08000000,0.0506358519
0.08004000,-0.0124730831
0.08008000,0.008881961
0.08012000,-0.00514224684
0.08016000,-4.25350008e-05
0.08020000,0.0225874372
0.08024000,0.0133442087
0.08028000,0.00314478506
0.08032000,0.0254560243
0.08036000,0.0194001179
0.08040000,-0.0641076639
0.08044000,-0.0338281281
0.08048000,-0.0207601152
0.08052000,-0.0803629979
0.08056000,-0.0660200566
0.08060000,-0.0609203465
0.08064000,-0.0408402309
0.08068000,-0.0596454181
0.08072000,-0.0679324493
0.08076000,-0.0551831722
0.08080000,-0.0484897979
0.08084000,-0.00896703079
0.08088000,-0.0618765429
0.08092000,-0.030640807
0.08096000,-0.0137480106
0.08100000,-0.0268160235
0.08104000,-0.0217163116
0.08108000,-4.25350008e-05
0.08112000,0.0206750445
0.08116000,-0.00450478308
0.08120000,0.0244998299
0.08124000,0.0276871491
0.08128000,-0.0207601152
0.08132000,0.00665083714
0.08136000,0.0423488207
0.08140000,-0.0475336015
0.08144000,-0.00322985509
0.08148000,0.0267309528
0.08152000,-0.0140667427
0.08156000,0.0216312408
0.08160000,0.0426675528
0.08164000,-0.000679999008
0.08168000,-0.00801083539
0.08172000,-0.0363779813
0.08176000,-0.0351030566
0.08180000,-0.0159791354
0.08184000,-0.0583704896
0.08188000,-0.0660200566
0.08192000,-0.0223537758
0.08196000,-0.0660200566
0.08200000,-0.0548644401
0.08204000,-0.0370154455
0.08208000,-0.0188477226
0.08212000,0.000913660973
0.08216000,-0.0207601152
0.08220000,-0.0115168868
0.08224000,0.00186985696
0.08228000,0.0343805216
0.08232000,-0.0204413831
0.08236000,-0.0108794225
0.08240000,0.0254560243
0.08244000,0.0566917621
0.08248000,0.00218858896
0.08252000,0.0178064574
0.08256000,0.008881961
0.08260000,0.053823173
0.08264000,0.00155112497
0.08268000,0.0359741822
0.08272000,0.0506358519
0.08276000,0.0181251895
0.08280000,0.0171689931
0.08284000,0.00441971282
0.08288000,0.0123880133
0.08292000,-0.001317463
0.08296000,0.0127067454
0.08300000,0.0187626537
0.08304000,-0.00960449502
0.08308000,-0.0140667427
0.08312000,-0.0226725079
0.08316000,0.000913660973
0.08320000,-0.025222363
0.08324000,-0.020122651
0.08328000,-0.0296846107
0.08332000,0.00123239297
0.08336000,0.00760703301
0.08340000,-0.0376529098
0.08344000,-0.0233099703
0.08348000,-0.001317463
0.08352000,-0.0226725079
0.08356000,-0.0280909501
0.08360000,-0.00227365899
0.08364000,0.00601337291
0.08368000,-0.0398840345
0.08372000,-0.0264972914
0.08376000,0.00250732107
0.08380000,-0.0217163116
0.08384000,-0.00322985509
0.08388000,0.0401176959
0.08392000,-0.000361267012
0.08396000,-0.00928576291
0.08400000,0.0433050171
0.08404000,0.0672099143
0.08408000,0.0394802317
0.08412000,-0.00577971106
0.08416000,-0.00418605097
0.08420000,0.0499983877
0.08424000,0.0423488207
0.08428000,0.0120692812
0.08432000,-0.00960449502
0.08436000,-0.0134292794
0.08440000,-0.0255410951
0.08444000,-0.0258598272
0.08448000,-0.0185289904
0.08452000,-0.0207601152
0.08456000,-0.00960449502
0.08460000,-0.0647451282
0.08464000,-0.0615578108
0.08468000,-0.0370154455
0.08472000,-0.0134292794
0.08476000,-0.0217163116
0.08480000,-0.0376529098
0.08484000,-0.0386091061
0.08488000,-0.0287284143
0.08492000,-0.00832956657
0.08496000,-0.0389278382
0.08500000,-0.0271347556
0.08504000,-0.0229912382
0.08508000,-0.0153416712
0.08512000,-0.00418605097
0.08516000,-0.0236287024
0.08520000,-0.0373341776
0.08524000,-0.00418605097
0.08528000,-0.030640807
0.08532000,-0.0303220749
0.08536000,-0.0025923911
0.08540000,-0.0159791354
0.08544000,-0.00864829868
0.08548000,-0.0233099703
0.08552000,-0.0386091061
0.08556000,-0.0398840345
0.08560000,-0.0287284143
0.08564000,-0.0172540639
0.08568000,-0.000361267012
0.08572000,-0.00195492711
0.08576000,0.0072883009
0.08580000,0.0139816729
0.08584000,0.0123880133
0.08588000,0.0130254766
0.08592000,0.0238623656
0.08596000,0.0241810977
0.08600000,0.0280058812
0.08604000,-0.0025923911
0.08608000,0.00410098117
0.08612000,0.00505717704
0.08616000,0.0343805216
0.08620000,0.0171689931
0.08624000,0.00218858896
0.08628000,0.00155112497
0.08632000,-0.0182102583
0.08636000,0.0101568894
0.08640000,-0.00832956657
0.08644000,-0.0360592492
0.08648000,-0.0143854748
0.08652000,-0.0159791354
0.08656000,0.0165315289
0.08660000,-0.0118356189
0.08664000,-0.0111981547
0.08668000,-0.0274534877
0.08672000,-0.0220350437
0.08676000,-0.0287284143
0.08680000,0.0260934886
0.08684000,-0.00928576291
0.08688000,0.0178064574
0.08692000,-0.00546097895
0.08696000,0.00505717704
0.08700000,-0.0185289904
0.08704000,0.00633210503
0.08708000,0.0241810977
0.08712000,0.0101568894
0.08716000,0.0244998299
0.08720000,0.0146191372
0.08724000,0.0315119326
0.08728000,-0.00928576291
0.08732000,0.0178064574
0.08736000,0.0178064574
0.08740000,-0.00641717482
0.08744000,-0.00928576291
0.08748000,-0.00928576291
0.08752000,-0.00514224684
0.08756000,-0.0172540639
0.08760000,0.00665083714
0.08764000,0.0056946408
0.08768000,-0.00609844318
0.08772000,0.0152566014
0.08776000,0.0139816729
0.08780000,0.0203563124
0.08784000,0.0362929143
0.08788000,0.0359741822
0.08792000,0.0385240354
0.08796000,0.0295995418
0.08800000,0.0139816729
0.08804000,-0.012154351
0.08808000,-0.00450478308
0.08812000,-0.0188477226
0.08816000,0.00250732107
0.08820000,0.0254560243
0.08824000,0.00441971282
0.08828000,-0.00354858697
0.08832000,-0.0217163116
0.08836000,-0.0395653024
0.08840000,-0.0137480106
0.08844000,-0.0242661666
0.08848000,-0.0185289904
0.08852000,-0.0319157355
0.08856000,-0.00896703079
0.08860000,-0.0182102583
0.08864000,-0.0169353317
0.08868000,-0.0239474345
0.08872000,-0.0338281281
0.08876000,-0.012154351
0.08880000,-0.00705463905
0.08884000,-0.00737337116
0.08888000,-0.0303220749
0.08892000,0.0133442087
0.08896000,-0.00386731909
0.08900000,0.0206750445
0.08904000,0.0254560243
0.08908000,0.0229061693
0.08912000,0.0350179859
0.08916000,0.0260934886
0.08920000,0.0382053033
0.08924000,0.050954584
0.08928000,0.0570104942
0.08932000,0.0372491106
0.08936000,0.0461736061
0.08940000,0.0257747564
0.08944000,0.00824449677
0.08948000,0.0174877252
0.08952000,0.0477672666
0.08956000,0.0327868611
0.08960000,0.0394802317
0.08964000,0.0359741822
0.08968000,0.00346351694
0.08972000,0.00920069311
0.08976000,-0.0204413831
0.08980000,-0.0156604033
0.08984000,-0.0236287024
0.08988000,-0.000361267012
0.08992000,-0.00450478308
0.08996000,-0.0166165996
0.09000000,-0.0242661666
0.09004000,-0.0443462841
0.09008000,-0.0628327355
0.09012000,-0.0338281281
0.09016000,-0.0226725079
0.09020000,-0.0162978675
0.09024000,-0.00546097895
0.09028000,0.0155753326
0.09032000,0.0222687051
0.09036000,0.00665083714
0.09040000,0.0190813858
0.09044000,0.0292808097
0.09048000,0.0146191372
0.09052000,0.0372491106
0.09056000,0.0235436335
0.09060000,0.0251372922
0.09064000,0.0152566014
0.09068000,0.000594928977
0.09072000,0.0174877252
0.09076000,0.0420300886
0.09080000,0.0292808097
0.09084000,0.0123880133
0.09088000,0.0401176959
0.09092000,0.0407551602
0.09096000,0.0120692812
0.09100000,0.00665083714
0.09104000,0.00633210503
0.09108000,0.00250732107
0.09112000,-0.0609203465
0.09116000,-0.0478523336
0.09120000,-0.0386091061
0.09124000,-0.00769210281
0.09128000,-0.0131105473
0.09132000,-0.00577971106
0.09136000,0.00123239297
0.09140000,-0.0328719318
0.09144000,-0.0172540639
0.09148000,0.00155112497
0.09152000,0.00983815733
0.09156000,-0.00514224684
0.09160000,0.0139816729
0.09164000,0.00601337291
0.09168000,0.0283246133
0.09172000,0.0190813858
0.09176000,-0.00864829868
0.09180000,-0.00960449502
0.09184000,-0.0162978675
0.09188000,0.0165315289
0.09192000,0.00951942522
0.09196000,0.0187626537
0.09200000,-0.00769210281
0.09204000,-0.012154351
0.09208000,0.0056946408
0.09212000,-0.0325531997
0.09216000,-0.0274534877
0.09220000,-0.0315970033
0.09224000,-0.00322985509
0.09228000,0.00792576466
0.09232000,0.0235436335
0.09236000,-0.012154351
0.09240000,0.0056946408
0.09244000,0.00760703301
0.09248000,-0.00450478308
0.09252000,0.0130254766
0.09256000,0.0107943527
0.09260000,0.0190813858
0.09264000,0.0289620776
0.09268000,0.0503171198
0.09272000,0.00792576466
0.09276000,0.0146191372
0.09280000,0.0162127968
0.09284000,0.0101568894
0.09288000,0.0299182739
0.09292000,0.0209937766
0.09296000,0.0356554501
0.09300000,0.0327868611
0.09304000,0.0174877252
0.09308000,-0.00769210281
0.09312000,-0.00195492711
0.09316000,0.0158940647
0.09320000,0.008881961
0.09324000,0.00856322888
0.09328000,-0.0115168868
0.09332000,-0.0328719318
0.09336000,-0.0331906639
0.09340000,-0.0233099703
0.09344000,-0.0169353317
0.09348000,-0.0274534877
0.09352000,-0.0242661666
0.09356000,-0.030640807
0.09360000,-0.0634701997
0.09364000,-0.0338281281
0.09368000,-0.0239474345
0.09372000,-0.0258598272
0.09376000,-0.0242661666
0.09380000,-0.0172540639
0.09384000,-0.0153416712
0.09388000,0.0178064574
0.09392000,0.00633210503
0.09396000,-0.000361267012
0.09400000,-0.0217163116
0.09404000,0.0120692812
0.09408000,-0.00992322713
0.09412000,0.00824449677
0.09416000,0.016850261
0.09420000,-0.00864829868
0.09424000,-0.0108794225
0.09428000,0.00410098117
0.09432000,-0.0025923911
0.09436000,0.0178064574
0.09440000,0.0200375803
0.09444000,0.00027619701
0.09448000,0.00633210503
0.09452000,0.00665083714
0.09456000,0.0123880133
0.09460000,-0.0131105473
0.09464000,-0.00992322713
0.09468000,-0.0127918152
0.09472000,-0.00450478308
0.09476000,-0.000361267012
0.09480000,0.0276871491
0.09484000,-0.0277722199
0.09488000,-0.0220350437
0.09492000,0.00601337291
0.09496000,-0.00609844318
0.09500000,-0.0287284143
0.09504000,-0.00737337116
0.09508000,-0.0150229391
0.09512000,-0.0188477226
0.09516000,-0.001636195
0.09520000,0.0397989638
0.09524000,0.0350179859
0.09528000,0.0197188482
0.09532000,-0.0140667427
0.09536000,0.0401176959
0.09540000,0.064341329
0.09544000,0.0544606373
0.09548000,0.072628364
0.09552000,0.0570104942
0.09556000,0.0382053033
0.09560000,0.0563730299
0.09564000,0.0302370042
0.09568000,0.0586041547
0.09572000,0.0745407566
0.09576000,0.0480859987
0.09580000,0.0506358519
0.09584000,0.0378865711
0.09588000,0.0515920483
0.09592000,0.045854874
0.09596000,0.0152566014
0.09600000,0.00792576466
0.09604000,-0.00673590694
0.09608000,0.0216312408
0.09612000,0.00665083714
0.09616000,-0.0475336015
0.09620000,-0.04880853
0.09624000,-0.0555019043
0.09628000,-0.0217163116
0.09632000,-0.0338281281
0.09636000,-0.0634701997
0.09640000,-0.0663387924
0.09644000,-0.0803629979
0.09648000,-0.0564581007
0.09652000,-0.0739883557
0.09656000,-0.0319157355
0.09660000,-0.0609203465
0.09664000,-0.0185289904
0.09668000,-0.0108794225
0.09672000,-0.00546097895
0.09676000,-0.00450478308
0.09680000,0.0200375803
0.09684000,0.0104756206
0.09688000,0.0295995418
0.09692000,0.0668911859
0.09696000,0.0433050171
0.09700000,0.0617914721
0.09704000,0.0563730299
0.09708000,0.0420300886
0.09712000,0.0197188482
0.09716000,0.0254560243
0.09720000,0.00027619701
0.09724000,-0.0111981547
0.09728000,0.0139816729
0.09732000,0.00218858896
0.09736000,-0.0666575208
0.09740000,-0.0025923911
0.09744000,-0.0223537758
0.09748000,-0.00195492711
0.09752000,-0.0360592492
0.09756000,-0.0472148694
0.09760000,-0.0491272621
0.09764000,-0.0296846107
0.09768000,-0.000998731004
0.09772000,-0.0131105473
0.09776000,0.0155753326
0.09780000,0.0152566014
0.09784000,-0.00577971106
0.09788000,0.00123239297
0.09792000,0.0311932005
0.09796000,0.035336718
0.09800000,0.0251372922
0.09804000,0.00505717704
0.09808000,0.0187626537
0.09812000,0.0401176959
0.09816000,0.0184439216
0.09820000,-0.0331906639
0.09824000,-0.0277722199
0.09828000,0.0276871491
0.09832000,-0.0357405208
0.09836000,-0.0453024805
0.09840000,-0.0239474345
0.09844000,-0.0207601152
0.09848000,-0.0389278382
0.09852000,-0.0249036308
0.09856000,-0.0108794225
0.09860000,0.00760703301
0.09864000,0.00473844493
0.09868000,0.064341329
0.09872000,0.0442612134
0.09876000,0.0452174097
0.09880000,0.0072883009
0.09884000,0.0850589126
0.09888000,0.0187626537
0.09892000,0.0213125087
0.09896000,0.00027619701
0.09900000,-0.0618765429
0.09904000,-0.0025923911
0.09908000,0.0331055932
0.09912000,-0.0242661666
0.09916000,0.0194001179
0.09920000,-0.0386091061
0.09924000,-0.0615578108
0.09928000,0.00218858896
0.09932000,-0.0220350437
0.09936000,-0.0631514713
0.09940000,0.0350179859
0.09944000,0.0471298024
0.09948000,0.0410738923
0.09952000,0.0158940647
0.09956000,0.0184439216
0.09960000,0.0152566014
0.09964000,0.0573292263
0.09968000,0.0436237492
0.09972000,0.0158940647
0.09976000,0.0280058812
0.09980000,0.0515920483
0.09984000,-0.000679999008
0.09988000,-0.0258598272
0.09992000,-0.0175727941
0.09996000,-0.0574142933
0.10000000,-0.0510396548
0.10004000,-0.0507209226
0.10008000,-0.0669762567
0.10012000,-0.0606016144
0.10016000,-0.0456212126
0.10020000,-0.0025923911
0.10024000,0.0133442087
0.10028000,0.0251372922
0.10032000,0.0308744684
0.10036000,0.0184439216
0.10040000,0.045854874
0.10044000,0.0535044409
0.10048000,0.0445799455
0.10052000,0.0582854226
0.10056000,0.0480859987
0.10060000,0.0493609235
0.10064000,0.0499983877
0.10068000,0.0388427675
0.10072000,-0.0198039189
0.10076000,-0.0548644401
0.10080000,-0.0504021905
0.10084000,-0.0577330254
0.10088000,-0.0679324493
0.10092000,-0.0934310108
0.10096000,-0.0947059393
0.10100000,-0.118292108
0.10104000,-0.0672949851
0.10108000,-0.0609203465
0.10112000,-0.0931122825
0.10116000,-0.0609203465
0.10120000,0.00760703301
0.10124000,0.00378224906
0.10128000,-0.00769210281
0.10132000,0.0439424813
0.10136000,0.072628364
0.10140000,0.118844502
0.10144000,0.0522295125
0.10148000,0.0452174097
0.10152000,0.106095225
0.10156000,0.0844214484
0.10160000,0.0783655345
0.10164000,0.0672099143
0.10168000,0.0573292263
0.10172000,-0.00482351519
0.10176000,0.0439424813
0.10180000,-0.0398840345
0.10184000,0.0133442087
0.10188000,-0.0500834584
0.10192000,-0.0229912382
0.10196000,-0.04880853
0.10200000,0.0152566014
0.10204000,-0.0153416712
0.10208000,-0.0150229391
0.10212000,-0.0449837483
0.10216000,-0.0739883557
0.10220000,-0.0513583869
0.10224000,-0.0472148694
0.10228000,-0.0870563686
0.10232000,-0.0886500329
0.10236000,-0.0223537758
0.10240000,-0.0312782712
0.10244000,-0.0360592492
0.10248000,-0.0319157355
0.10252000,-0.0449837483
0.10256000,-0.030640807
0.10260000,-0.0166165996
0.10264000,-0.086100176
0.10268000,-0.0319157355
0.10272000,0.0372491106
0.10276000,0.000913660973
0.10280000,0.0120692812
0.10284000,-0.0159791354
0.10288000,-0.0280909501
0.10292000,-0.00514224684
0.10296000,0.00282605295
0.10300000,-0.0574142933
0.10304000,0.0139816729
0.10308000,-0.0127918152
0.10312000,-0.0787693411
0.10316000,-0.0456212126
0.10320000,-0.0156604033
0.10324000,-0.0220350437
0.10328000,-0.0127918152
0.10332000,0.00537590915
0.10336000,-0.0255410951
0.10340000,0.0104756206
0.10344000,-0.0233099703
0.10348000,-0.0331906639
0.10352000,-0.00386731909
0.10356000,0.000913660973
0.10360000,0.00346351694
0.10364000,0.016850261
0.10368000,0.0952583328
0.10372000,0.0292808097
0.10376000,0.0334243253
0.10380000,0.0429862849
0.10384000,0.0573292263
0.10388000,0.0436237492
0.10392000,0.0700785071
0.10396000,0.090158619
0.10400000,0.0241810977
0.10404000,0.008881961
0.10408000,0.0739032924
0.10412000,0.0729470924
0.10416000,0.0149378693
0.10420000,-0.00609844318
0.10424000,-0.0354217887
0.10428000,-0.0153416712
0.10432000,-0.0268160235
0.10436000,-0.0303220749
0.10440000,-0.00195492711
0.10444000,-0.0217163116
0.10448000,-0.0405214988
0.10452000,-0.00546097895
0.10456000,-0.0315970033
0.10460000,-0.00896703079
0.10464000,-0.00992322713
0.10468000,-0.0111981547
0.10472000,0.0146191372
0.10476000,0.0117505491
0.10480000,0.00250732107
0.10484000,0.00601337291
0.10488000,-0.0140667427
0.10492000,0.0152566014
0.10496000,-0.0309595391
0.10500000,-0.0131105473
0.10504000,0.000594928977
0.10508000,0.000913660973
0.10512000,0.00473844493
0.10516000,0.0104756206
0.10520000,-0.0118356189
0.10524000,-0.041158963
0.10528000,-0.00227365899
0.10532000,-0.025222363
0.10536000,-0.0277722199
0.10540000,-0.0108794225
0.10544000,0.00983815733
0.10548000,-0.0309595391
0.10552000,-0.0437088199
0.10556000,-0.0315970033
0.10560000,-0.041158963
0.10564000,-0.0606016144
0.10568000,-0.0357405208
0.10572000,0.00505717704
0.10576000,-0.0519958511
0.10580000,-0.0513583869
0.10584000,-0.033509396
0.10588000,0.00218858896
0.10592000,-0.0357405208
0.10596000,0.00250732107
0.10600000,0.0194001179
0.10604000,-0.0217163116
0.10608000,0.0133442087
0.10612000,0.0203563124
0.10616000,0.0197188482
0.10620000,-0.0194851868
0.10624000,0.0605165437
0.10628000,0.0190813858
0.10632000,0.0197188482
0.10636000,0.0308744684
0.10640000,0.0305557363
0.10644000,0.0203563124
0.10648000,-0.0025923911
0.10652000,0.0117505491
0.10656000,0.0270496849
0.10660000,0.011431817
0.10664000,0.00123239297
0.10668000,0.0104756206
0.10672000,-0.0156604033
0.10676000,-0.00705463905
0.10680000,-0.00864829868
0.10684000,-0.00673590694
0.10688000,-0.033509396
0.10692000,-0.00832956657
0.10696000,-0.0532707796
0.10700000,-0.0765382126
0.10704000,-0.0625140071
0.10708000,-0.0351030566
0.10712000,-0.0236287024
0.10716000,-0.0606016144
0.10720000,-0.0564581007
0.10724000,-0.0300033428
0.10728000,-0.0153416712
0.10732000,-0.00227365899
0.10736000,-0.0255410951
0.10740000,0.0276871491
0.10744000,0.0401176959
0.10748000,0.035336718
0.10752000,0.000913660973
0.10756000,0.0448986776
0.10760000,0.011431817
0.10764000,0.00027619701
0.10768000,0.0101568894
0.10772000,-0.0108794225
0.10776000,-0.000679999008
0.10780000,-0.000679999008
0.10784000,-0.0137480106
0.10788000,0.0174877252
0.10792000,-0.0354217887
0.10796000,-0.00801083539
0.10800000,0.00155112497
0.10804000,-0.0156604033
0.10808000,-0.0249036308
0.10812000,0.00186985696
0.10816000,-0.000679999008
0.10820000,-0.0229912382
0.10824000,-0.000361267012
0.10828000,-4.25350008e-05
0.10832000,-0.0249036308
0.10836000,-0.00609844318
0.10840000,-0.0233099703
0.10844000,-0.00609844318
0.10848000,-0.0175727941
0.10852000,-0.0421151593
0.10856000,-0.0542269759
0.10860000,-0.00577971106
0.10864000,-0.00769210281
0.10868000,-0.0245848987
0.10872000,-0.0156604033
0.10876000,-0.000361267012
0.10880000,-0.00546097895
0.10884000,-0.020122651
0.10888000,-0.0226725079
0.10892000,0.0101568894
0.10896000,-0.0025923911
0.10900000,0.00920069311
0.10904000,0.00250732107
0.10908000,-0.0134292794
0.10912000,-0.00227365899
0.10916000,-0.0102419592
0.10920000,-0.00832956657
0.10924000,-0.0242661666
0.10928000,-0.0131105473
0.10932000,-0.0102419592
0.10936000,0.00473844493
0.10940000,-0.0239474345
0.10944000,-0.00864829868
0.10948000,-0.00546097895
0.10952000,-0.0131105473
0.10956000,-0.0140667427
0.10960000,0.0178064574
0.10964000,0.0238623656
0.10968000,0.0229061693
0.10972000,0.0267309528
0.10976000,0.011431817
0.10980000,0.0139816729
0.10984000,-0.0025923911
0.10988000,0.0238623656
0.10992000,0.00218858896
0.10996000,0.0146191372
0.11000000,-0.000679999008
0.11004000,0.0120692812
0.11008000,0.00665083714
0.11012000,-0.001317463
0.11016000,-0.0229912382
0.11020000,-0.00737337116
0.11024000,-0.0319157355
0.11028000,-0.00514224684
0.11032000,-0.00514224684
0.11036000,-0.012154351
0.11040000,-0.00482351519
0.11044000,-0.0242661666
0.11048000,-0.0249036308
0.11052000,-0.0188477226
0.11056000,0.0101568894
0.11060000,-0.000361267012
0.11064000,-0.0494459942
0.11068000,-0.0370154455
0.11072000,-0.00386731909
0.11076000,-0.0376529098
0.11080000,-0.00450478308
0.11084000,0.00155112497
0.11088000,0.00346351694
0.11092000,-0.0134292794
0.11096000,-0.000998731004
0.11100000,-0.0341468602
0.11104000,-0.0207601152
0.11108000,-0.0162978675
0.11112000,0.008881961
0.11116000,-0.00450478308
0.11120000,-0.00896703079
0.11124000,0.00027619701
0.11128000,0.00696956879
0.11132000,0.0254560243
0.11136000,-0.00609844318
0.11140000,0.00218858896
0.11144000,0.0232249014
0.11148000,0.0101568894
0.11152000,0.00824449677
0.11156000,0.00983815733
0.11160000,0.00123239297
0.11164000,-0.00673590694
0.11168000,0.00155112497
0.11172000,-0.001317463
0.11176000,-0.00801083539
0.11180000,-0.00386731909
0.11184000,-0.000679999008
0.11188000,-0.0175727941
0.11192000,-0.0105606914
0.11196000,-0.0255410951
0.11200000,-0.0462586768
0.11204000,-0.059326686
0.11208000,-0.0433900878
0.11212000,-0.0660200566
0.11216000,-0.07558202
0.11220000,-0.0414776951
0.11224000,-0.069844842
0.11228000,-0.0510396548
0.11232000,-0.0625140071
0.11236000,-0.0583704896
0.11240000,-0.065063864
0.11244000,-0.025222363
0.11248000,-0.0236287024
0.11252000,0.000594928977
0.11256000,-0.00450478308
0.11260000,-0.0143854748
0.11264000,0.0101568894
0.11268000,0.0452174097
0.11272000,0.00951942522
0.11276000,0.0346992537
0.11280000,0.0391614996
0.11284000,0.0471298024
0.11288000,0.0375678428
0.11292000,0.0442612134
0.11296000,0.0592416152
0.11300000,0.0334243253
0.11304000,0.0477672666
0.11308000,0.0292808097
0.11312000,0.0439424813
0.11316000,0.0187626537
0.11320000,0.0264122207
0.11324000,0.0267309528
0.11328000,0.00123239297
0.11332000,0.0152566014
0.11336000,0.00696956879
0.11340000,-0.00227365899
0.11344000,-0.0274534877
0.11348000,-0.0220350437
0.11352000,-0.030640807
0.11356000,-0.0108794225
0.11360000,-0.0446650162
0.11364000,-0.0328719318
0.11368000,-0.0366967134
0.11372000,-0.0351030566
0.11376000,-0.0577330254
0.11380000,-0.0551831722
0.11384000,-0.051677119
0.11388000,-0.0453024805
0.11392000,-0.0338281281
0.11396000,-0.0437088199
0.11400000,-0.041158963
0.11404000,-0.0468961373
0.11408000,-0.0223537758
0.11412000,-0.0338281281
0.11416000,-0.0236287024
0.11420000,-0.0213975795
0.11424000,-4.25350008e-05
0.11428000,0.00505717704
0.11432000,0.0280058812
0.11436000,0.0522295125
0.11440000,0.0401176959
0.11444000,0.0346992537
0.11448000,0.0388427675
0.11452000,0.0385240354
0.11456000,0.0331055932
0.11460000,0.069122307
0.11464000,0.0566917621
0.11468000,0.0289620776
0.11472000,0.0401176959
0.11476000,0.0340617895
0.11480000,0.0589228868
0.11484000,0.00250732107
0.11488000,0.00505717704
0.11492000,0.0130254766
0.11496000,0.00920069311
0.11500000,-0.00291112298
0.11504000,-0.0185289904
0.11508000,-0.0331906639
0.11512000,-0.0386091061
0.11516000,-0.0523145832
0.11520000,-0.0790880695
0.11524000,-0.0768569484
0.11528000,-0.0625140071
0.11532000,-0.0727134347
0.11536000,-0.0927935466
0.11540000,-0.0688886493
0.11544000,-0.0462586768
0.11548000,-0.0586892217
0.11552000,-0.0628327355
0.11556000,-0.0261785593
0.11560000,-0.00577971106
0.11564000,0.0235436335
0.11568000,0.0350179859
0.11572000,0.0190813858
0.11576000,0.0346992537
0.11580000,0.0289620776
0.11584000,0.00346351694
0.11588000,0.0197188482
0.11592000,0.0522295125
0.11596000,0.0452174097
0.11600000,0.0484047309
0.11604000,0.0378865711
0.11608000,0.0139816729
0.11612000,0.0203563124
0.11616000,0.00346351694
0.11620000,-0.014704207
0.11624000,-0.0213975795
0.11628000,-0.0258598272
0.11632000,-0.0159791354
0.11636000,-0.0156604033
0.11640000,-0.0156604033
0.11644000,-0.0293658786
0.11648000,-0.001317463
0.11652000,-0.0194851868
0.11656000,-0.00864829868
0.11660000,0.0155753326
0.11664000,0.0181251895
0.11668000,0.0248185601
0.11672000,0.0171689931
0.11676000,-0.000361267012
0.11680000,0.0209937766
0.11684000,0.0366116464
0.11688000,0.00505717704
0.11692000,0.0324681289
0.11696000,-0.000998731004
0.11700000,0.00601337291
0.11704000,0.0286433455
0.11708000,0.0356554501
0.11712000,0.0206750445
0.11716000,0.0343805216
0.11720000,0.0455361418
0.11724000,0.0072883009
0.11728000,0.0146191372
0.11732000,-0.0025923911
0.11736000,0.0165315289
0.11740000,0.0123880133
0.11744000,0.0101568894
0.11748000,0.00473844493
0.11752000,0.0127067454
0.11756000,-0.00960449502
0.11760000,-0.00482351519
0.11764000,0.014300405
0.11768000,0.0162127968
0.11772000,-0.0102419592
0.11776000,-0.0233099703
0.11780000,-0.00514224684
0.11784000,-0.0127918152
0.11788000,-0.0363779813
0.11792000,-0.038290374
0.11796000,-0.0213975795
0.11800000,-0.0153416712
0.11804000,-0.0370154455
0.11808000,-0.00322985509
0.11812000,-0.0204413831
0.11816000,-0.0182102583
0.11820000,0.00346351694
0.11824000,-0.0175727941
0.11828000,-0.0437088199
0.11832000,-0.0351030566
0.11836000,-0.00737337116
0.11840000,-0.00609844318
0.11844000,-0.00928576291
0.11848000,-0.0127918152
0.11852000,-0.00195492711
0.11856000,-0.0204413831
0.11860000,0.0101568894
0.11864000,-0.00896703079
0.11868000,0.0200375803
0.11872000,0.0331055932
0.11876000,0.0311932005
0.11880000,0.0340617895
0.11884000,0.0372491106
0.11888000,0.0139816729
0.11892000,0.00186985696
0.11896000,-0.00928576291
0.11900000,-0.0166165996
0.11904000,-0.0153416712
0.11908000,0.00186985696
0.11912000,-0.0223537758
0.11916000,-0.0150229391
0.11920000,0.0146191372
0.11924000,-0.00769210281
0.11928000,0.00314478506
0.11932000,0.0305557363
0.11936000,0.0127067454
0.11940000,0.0295995418
0.11944000,0.0401176959
0.11948000,0.00792576466
0.11952000,-0.0124730831
0.11956000,-0.0459399447
0.11960000,-0.0280909501
0.11964000,-0.012154351
0.11968000,0.0289620776
0.11972000,0.0197188482
0.11976000,0.0448986776
0.11980000,0.0385240354
0.11984000,0.0267309528
0.11988000,0.0120692812
0.11992000,-0.0360592492
0.11996000,-0.0437088199
0.12000000,-0.04880853
0.12004000,-0.0357405208
0.12008000,-0.041158963
0.12012000,-0.0417964272
0.12016000,-0.0408402309
0.12020000,-0.0287284143
0.12024000,0.0136629408
0.12028000,0.0222687051
0.12032000,0.0315119326
0.12036000,0.0270496849
0.12040000,-0.0150229391
0.12044000,-0.00322985509
0.12048000,-0.00577971106
0.12052000,-0.0111981547
0.12056000,0.0305557363
0.12060000,0.0547793694
0.12064000,0.0547793694
0.12068000,0.0525482446
0.12072000,0.0739032924
0.12076000,0.0595603473
0.12080000,0.0292808097
0.12084000,0.00473844493
0.12088000,-0.00291112298
0.12092000,-0.0140667427
0.12096000,-0.0271347556
0.12100000,-0.0465774052
0.12104000,-0.014704207
0.12108000,-0.0150229391
0.12112000,-0.04880853
0.12116000,0.00282605295
0.12120000,0.0388427675
0.12124000,0.0793217346
0.12128000,0.0308744684
0.12132000,-0.030640807
0.12136000,0.00696956879
0.12140000,-0.00864829868
0.12144000,0.0305557363
0.12148000,0.0359741822
0.12152000,0.0244998299
0.12156000,0.0433050171
0.12160000,0.0286433455
0.12164000,-0.0338281281
0.12168000,-0.00896703079
0.12172000,0.0136629408
0.12176000,-0.0472148694
0.12180000,-0.0204413831
0.12184000,0.016850261
0.12188000,0.00378224906
0.12192000,0.0254560243
0.12196000,-0.0357405208
0.12200000,-0.0268160235
0.12204000,-0.0115168868
0.12208000,-0.0127918152
0.12212000,0.0123880133
0.12216000,0.0225874372
0.12220000,0.014300405
0.12224000,0.0133442087
0.12228000,0.021949973
0.12232000,-0.0185289904
0.12236000,0.00218858896
0.12240000,0.0327868611
0.12244000,0.0072883009
0.12248000,0.0056946408
0.12252000,-0.0449837483
0.12256000,-0.0370154455
0.12260000,0.0104756206
0.12264000,0.0292808097
0.12268000,0.0229061693
0.12272000,0.0295995418
0.12276000,0.0152566014
0.12280000,0.0190813858
0.12284000,0.0155753326
0.12288000,-0.000998731004
0.12292000,0.0652975217
0.12296000,0.0241810977
0.12300000,0.0385240354
0.12304000,-0.0159791354
0.12308000,0.0130254766
0.12312000,0.0366116464
0.12316000,-0.0370154455
0.12320000,-0.0229912382
0.12324000,-0.000998731004
0.12328000,-0.000679999008
0.12332000,-0.0424338914
0.12336000,-0.0379716419
0.12340000,-0.0819566622
0.12344000,-0.0296846107
0.12348000,-0.0379716419
0.12352000,-0.0535895117
0.12356000,-0.0456212126
0.12360000,-0.0548644401
0.12364000,-0.0198039189
0.12368000,-0.000998731004
0.12372000,0.00314478506
0.12376000,-0.0797255337
0.12380000,0.0267309528
0.12384000,0.0375678428
0.12388000,0.00601337291
0.12392000,0.00186985696
0.12396000,0.0793217346
0.12400000,0.0617914721
0.12404000,-0.0025923911
0.12408000,0.0359741822
0.12412000,-0.0150229391
0.12416000,0.00696956879
0.12420000,-0.0558206365
0.12424000,0.00601337291
0.12428000,-0.0395653024
0.12432000,-0.0245848987
0.12436000,-0.0459399447
0.12440000,-0.0523145832
0.12444000,-0.0669762567
0.12448000,-0.0449837483
0.12452000,-0.0220350437
0.12456000,-0.0437088199
0.12460000,-0.0115168868
0.12464000,-0.012154351
0.12468000,0.0359741822
0.12472000,0.0174877252
0.12476000,0.0171689931
0.12480000,0.00410098117
0.12484000,0.0241810977
0.12488000,0.0573292263
0.12492000,0.00665083714
0.12496000,-0.0169353317
0.12500000,0.0165315289
0.12504000,0.00346351694
0.12508000,-0.0131105473
0.12512000,0.00155112497
0.12516000,-4.25350008e-05
0.12520000,-0.00673590694
0.12524000,0.0433050171
0.12528000,-0.0427526236
0.12532000,-0.0188477226
0.12536000,0.0455361418
0.12540000,-0.00322985509
0.12544000,-0.0414776951
0.12548000,-0.0472148694
0.12552000,0.00951942522
0.12556000,-0.00386731909
0.12560000,0.0174877252
0.12564000,-0.0137480106
0.12568000,-0.0344655924
0.12572000,0.0308744684
0.12576000,0.0136629408
0.12580000,-0.00673590694
0.12584000,-0.0408402309
0.12588000,-0.00673590694
0.12592000,-0.0714385062
0.12596000,-0.0229912382
0.12600000,0.00856322888
0.12604000,-0.00960449502
0.12608000,-0.0417964272
0.12612000,-0.0609203465
0.12616000,-0.0188477226
0.12620000,-0.0143854748
0.12624000,0.00346351694
0.12628000,0.027368417
0.12632000,-0.0312782712
0.12636000,-0.00641717482
0.12640000,-0.0376529098
0.12644000,0.00123239297
0.12648000,0.00410098117
0.12652000,0.0397989638
0.12656000,-0.00769210281
0.12660000,0.0289620776
0.12664000,-0.0354217887
0.12668000,-0.0175727941
0.12672000,-0.000679999008
0.12676000,-0.0472148694
0.12680000,-0.0555019043
0.12684000,-0.0417964272
0.12688000,-0.0226725079
0.12692000,-0.00737337116
0.12696000,0.0165315289
0.12700000,-0.0150229391
0.12704000,-0.0198039189
0.12708000,-0.0468961373
0.12712000,-0.0124730831
0.12716000,-0.00195492711
0.12720000,0.0194001179
0.12724000,0.00792576466
0.12728000,0.0401176959
0.12732000,0.0490421914
0.12736000,0.0229061693
0.12740000,0.0190813858
0.12744000,0.0633851364
0.12748000,0.0382053033
0.12752000,0.00633210503
0.12756000,0.0194001179
0.12760000,0.0401176959
0.12764000,0.0283246133
0.12768000,0.00186985696
0.12772000,0.0072883009
0.12776000,0.0209937766
0.12780000,0.00856322888
0.12784000,-0.00450478308
0.12788000,0.0315119326
0.12792000,-0.00386731909
0.12796000,-0.0427526236
0.12800000,0.00951942522
0.12804000,-0.0102419592
0.12808000,-0.0583704896
0.12812000,-0.00386731909
0.12816000,-0.00928576291
0.12820000,-0.0363779813
0.12824000,-0.0236287024
0.12828000,0.00218858896
0.12832000,0.00633210503
0.12836000,-0.0424338914
0.12840000,-0.0166165996
0.12844000,-0.0245848987
0.12848000,0.0292808097
0.12852000,0.00633210503
0.12856000,-0.0720759705
0.12860000,-0.0245848987
0.12864000,-0.0188477226
0.12868000,-0.0351030566
0.12872000,-0.051677119
0.12876000,0.0194001179
0.12880000,-0.0379716419
0.12884000,-0.0325531997
0.12888000,-0.0338281281
0.12892000,-0.0465774052
0.12896000,-0.00864829868
0.12900000,-0.0526333153
0.12904000,-0.0370154455
0.12908000,-0.0233099703
0.12912000,-0.0468961373
0.12916000,-0.0108794225
0.12920000,-0.00896703079
0.12924000,-0.0370154455
0.12928000,-0.025222363
0.12932000,-0.00960449502
0.12936000,-0.020122651
0.12940000,-0.0437088199
0.12944000,-0.00673590694
0.12948000,-0.0127918152
0.12952000,0.0139816729
0.12956000,0.0056946408
0.12960000,-0.00195492711
0.12964000,0.00250732107
0.12968000,0.0251372922
0.12972000,0.0448986776
0.12976000,0.0136629408
0.12980000,0.0146191372
0.12984000,0.0197188482
0.12988000,0.0133442087
0.12992000,0.00378224906
0.12996000,0.0244998299
0.13000000,-0.00832956657
0.13004000,0.00505717704
0.13008000,0.0120692812
0.13012000,0.0155753326
0.13016000,-0.0108794225
0.13020000,0.00250732107
0.13024000,-0.0245848987
0.13028000,0.0280058812
0.13032000,-0.00769210281
0.13036000,-0.00673590694
0.13040000,-0.0258598272
0.13044000,-0.0115168868
0.13048000,0.0130254766
0.13052000,-0.00386731909
0.13056000,0.000913660973
0.13060000,0.00665083714
0.13064000,0.00441971282
0.13068000,-0.0102419592
0.13072000,0.0162127968
0.13076000,0.0276871491
0.13080000,-0.00354858697
0.13084000,0.0213125087
0.13088000,0.0267309528
0.13092000,0.0194001179
0.13096000,0.00505717704
0.13100000,0.0343805216
0.13104000,0.000913660973
0.13108000,0.0331055932
0.13112000,0.0139816729
0.13116000,0.0331055932
0.13120000,0.0158940647
0.13124000,0.0130254766
0.13128000,0.0149378693
0.13132000,0.0292808097
0.13136000,0.0146191372
0.13140000,-0.0118356189
0.13144000,0.0544606373
0.13148000,0.0369303785
0.13152000,-0.0242661666
0.13156000,-0.0379716419
0.13160000,0.00951942522
0.13164000,0.0120692812
0.13168000,-0.0274534877
0.13172000,-0.0360592492
0.13176000,-0.0229912382
0.13180000,-0.0182102583
0.13184000,-0.0198039189
0.13188000,-0.0523145832
0.13192000,-0.0354217887
0.13196000,-0.0618765429
0.13200000,-0.0555019043
0.13204000,-0.0213975795
0.13208000,-0.0182102583
0.13212000,-0.0249036308
0.13216000,-0.0331906639
0.13220000,-0.000361267012
0.13224000,-0.0025923911
0.13228000,-0.0025923911
0.13232000,0.0260934886
0.13236000,0.0213125087
0.13240000,0.0139816729
0.13244000,-0.00418605097
0.13248000,-0.00801083539
0.13252000,-0.000361267012
0.13256000,0.0286433455
0.13260000,0.00282605295
0.13264000,0.00696956879
0.13268000,0.00027619701
0.13272000,0.0181251895
0.13276000,-0.0309595391
0.13280000,-0.030640807
0.13284000,-0.0233099703
0.13288000,-0.00514224684
0.13292000,-0.0261785593
0.13296000,-0.0156604033
0.13300000,0.0232249014
0.13304000,-0.0124730831
0.13308000,-0.0513583869
0.13312000,-0.0513583869
0.13316000,0.00027619701
0.13320000,-0.0268160235
0.13324000,-0.0284096822
0.13328000,-0.0660200566
0.13332000,-0.0692073777
0.13336000,-0.0433900878
0.13340000,-0.0236287024
0.13344000,-0.00386731909
0.13348000,-0.0194851868
0.13352000,0.0123880133
0.13356000,0.0200375803
0.13360000,0.0327868611
0.13364000,0.0283246133
0.13368000,0.0707159713
0.13372000,0.0554168336
0.13376000,0.0480859987
0.13380000,0.0630664006
0.13384000,0.0499983877
0.13388000,0.0429862849
0.13392000,0.0295995418
0.13396000,0.0528669767
0.13400000,0.0413926244
0.13404000,0.0197188482
0.13408000,-0.0217163116
0.13412000,-0.0226725079
0.13416000,-0.00418605097
0.13420000,-0.0178915262
0.13424000,-0.0159791354
0.13428000,-0.00546097895
0.13432000,0.0101568894
0.13436000,-0.00322985509
0.13440000,0.00314478506
0.13444000,-0.00769210281
0.13448000,0.0133442087
0.13452000,-0.0229912382
0.13456000,-0.0242661666
0.13460000,-0.00354858697
0.13464000,-0.00450478308
0.13468000,-0.0300033428
0.13472000,0.00378224906
0.13476000,0.00186985696
0.13480000,-0.0198039189
0.13484000,0.0101568894
0.13488000,-0.0236287024
0.13492000,0.00123239297
0.13496000,-0.0220350437
0.13500000,-0.00546097895
0.13504000,-0.0166165996
0.13508000,-0.0245848987
0.13512000,-0.0421151593
0.13516000,-0.0475336015
0.13520000,-0.0191664547
0.13524000,-0.0124730831
0.13528000,0.0130254766
0.13532000,-0.0459399447
0.13536000,0.00633210503
0.13540000,-0.0249036308
0.13544000,-0.0491272621
0.13548000,-0.0217163116
0.13552000,-0.0618765429
0.13556000,-0.0392465703
0.13560000,-0.0586892217
0.13564000,-0.0344655924
0.13568000,0.00314478506
0.13572000,0.00473844493
0.13576000,0.00951942522
0.13580000,0.040436428
0.13584000,0.0570104942
0.13588000,0.0308744684
0.13592000,0.0372491106
0.13596000,0.0630664006
0.13600000,0.0197188482
0.13604000,0.0512733161
0.13608000,0.0821903199
0.13612000,0.0780468062
0.13616000,0.0439424813
0.13620000,0.0710346997
0.13624000,0.0385240354
0.13628000,0.0308744684
0.13632000,0.0420300886
0.13636000,0.0420300886
0.13640000,-0.00673590694
0.13644000,0.0222687051
0.13648000,-0.00291112298
0.13652000,-0.0264972914
0.13656000,-0.0395653024
0.13660000,-0.0300033428
0.13664000,-0.0328719318
0.13668000,-0.0615578108
0.13672000,-0.0535895117
0.13676000,-0.0497647263
0.13680000,-0.0373341776
0.13684000,-0.0548644401
0.13688000,-0.0280909501
0.13692000,-0.0366967134
0.13696000,0.00410098117
0.13700000,-0.00896703079
0.13704000,-0.00832956657
0.13708000,0.0350179859
0.13712000,0.0308744684
0.13716000,0.008881961
0.13720000,0.0232249014
0.13724000,0.0356554501
0.13728000,0.0311932005
0.13732000,0.0433050171
0.13736000,0.0579666905
0.13740000,0.0461736061
0.13744000,0.0506358519
0.13748000,0.0225874372
0.13752000,0.021949973
0.13756000,0.0101568894
0.13760000,-0.00577971106
0.13764000,0.00665083714
0.13768000,-0.0140667427
0.13772000,-0.00227365899
0.13776000,0.0327868611
0.13780000,-0.0245848987
0.13784000,-0.0245848987
0.13788000,-0.00291112298
0.13792000,-0.0159791354
0.13796000,-0.030640807
0.13800000,-0.0261785593
0.13804000,-0.0574142933
0.13808000,-0.0504021905
0.13812000,-0.0532707796
0.13816000,-0.0548644401
0.13820000,-0.0644263998
0.13824000,-0.0261785593
0.13828000,-0.038290374
0.13832000,-0.0331906639
0.13836000,-0.0386091061
0.13840000,-0.0131105473
0.13844000,-0.0162978675
0.13848000,-0.0153416712
0.13852000,0.00983815733
0.13856000,-0.0153416712
0.13860000,-0.00386731909
0.13864000,-0.00577971106
0.13868000,-0.00673590694
0.13872000,-0.0115168868
0.13876000,-0.0143854748
0.13880000,0.0206750445
0.13884000,0.0152566014
0.13888000,0.0337430574
0.13892000,0.0315119326
0.13896000,0.0346992537
0.13900000,0.0165315289
0.13904000,0.0152566014
0.13908000,0.00505717704
0.13912000,0.0152566014
0.13916000,0.00378224906
0.13920000,-0.00322985509
0.13924000,0.0299182739
0.13928000,0.0101568894
0.13932000,-0.0153416712
0.13936000,0.0107943527
0.13940000,0.00633210503
0.13944000,-0.0191664547
0.13948000,-0.00514224684
0.13952000,0.00186985696
0.13956000,0.00123239297
0.13960000,-0.000679999008
0.13964000,0.0136629408
0.13968000,0.00027619701
0.13972000,0.0200375803
0.13976000,-0.00769210281
0.13980000,0.000594928977
0.13984000,0.000594928977
0.13988000,0.00282605295
0.13992000,0.00537590915
0.13996000,0.00378224906
0.14000000,0.0190813858
0.14004000,0.027368417
0.14008000,0.0165315289
0.14012000,0.0194001179
0.14016000,0.0181251895
0.14020000,0.00856322888
0.14024000,0.0171689931
0.14028000,0.0267309528
0.14032000,0.00346351694
0.14036000,0.000913660973
0.14040000,0.0174877252
0.14044000,0.0216312408
0.14048000,0.00601337291
0.14052000,-0.00227365899
0.14056000,-0.014704207
0.14060000,0.0152566014
0.14064000,0.0123880133
0.14068000,-0.0328719318
0.14072000,-0.0389278382
0.14076000,-0.0453024805
0.14080000,-0.0363779813
0.14084000,-0.0599641502
0.14088000,-0.054545708
0.14092000,-0.0354217887
0.14096000,-0.0207601152
0.14100000,-0.0395653024
0.14104000,-0.0172540639
0.14108000,0.00601337291
0.14112000,0.0120692812
0.14116000,0.00537590915
0.14120000,0.0127067454
0.14124000,0.0270496849
0.14128000,0.0146191372
0.14132000,0.0111130849
0.14136000,-0.00418605097
0.14140000,-0.0194851868
0.14144000,-0.0025923911
0.14148000,-0.00864829868
0.14152000,-0.0303220749
0.14156000,-0.0217163116
0.14160000,-0.0159791354
0.14164000,-0.00673590694
0.14168000,-0.0271347556
0.14172000,-0.00322985509
0.14176000,-0.020122651
0.14180000,-0.00864829868
0.14184000,-0.0185289904
0.14188000,-0.0319157355
0.14192000,-0.00705463905
0.14196000,-0.0261785593
0.14200000,-0.00769210281
0.14204000,-0.00546097895
0.14208000,-0.0207601152
0.14212000,-0.0293658786
0.14216000,-0.0229912382
0.14220000,-0.0172540639
0.14224000,-0.0207601152
0.14228000,0.0225874372
0.14232000,-0.0115168868
0.14236000,-0.001317463
0.14240000,-0.0245848987
0.14244000,-0.000998731004
0.14248000,0.0056946408
0.14252000,0.0257747564
0.14256000,0.0127067454
0.14260000,0.0101568894
0.14264000,0.0146191372
0.14268000,0.016850261
0.14272000,0.011431817
0.14276000,0.0292808097
0.14280000,0.0410738923
0.14284000,0.0152566014
0.14288000,0.0056946408
0.14292000,0.00633210503
0.14296000,-0.00514224684
0.14300000,0.000913660973
0.14304000,-0.0025923911
0.14308000,-0.0156604033
0.14312000,-0.0309595391
0.14316000,-0.0166165996
0.14320000,-0.00928576291
0.14324000,0.00824449677
0.14328000,-0.0236287024
0.14332000,-0.0229912382
0.14336000,0.0056946408
0.14340000,-0.0175727941
0.14344000,-0.0131105473
0.14348000,-0.000361267012
0.14352000,-0.0191664547
0.14356000,-0.0274534877
0.14360000,-0.0293658786
0.14364000,-0.0331906639
0.14368000,-0.0025923911
0.14372000,-0.00577971106
0.14376000,-0.00737337116
0.14380000,0.0111130849
0.14384000,-0.0124730831
0.14388000,-0.00514224684
0.14392000,-0.00609844318
0.14396000,0.0072883009
0.14400000,0.0162127968
0.14404000,-0.00386731909
0.14408000,-0.00960449502
0.14412000,0.00665083714
0.14416000,0.00696956879
0.14420000,-0.0284096822
0.14424000,-0.00960449502
0.14428000,-0.0159791354
0.14432000,0.0139816729
0.14436000,-0.0386091061
0.14440000,0.0123880133
0.14444000,-0.00514224684
0.14448000,-0.0261785593
0.14452000,0.0127067454
0.14456000,0.035336718
0.14460000,-0.051677119
0.14464000,-0.0453024805
0.14468000,0.0101568894
0.14472000,-0.0523145832
0.14476000,0.00505717704
0.14480000,0.0152566014
0.14484000,-0.025222363
0.14488000,0.027368417
0.14492000,0.0350179859
0.14496000,-0.014704207
0.14500000,-0.0131105473
0.14504000,0.0299182739
0.14508000,0.0171689931
0.14512000,-0.0366967134
0.14516000,-0.0137480106
0.14520000,-0.00195492711
0.14524000,0.0130254766
0.14528000,0.0366116464
0.14532000,0.0251372922
0.14536000,0.0104756206
0.14540000,0.0566917621
0.14544000,0.0302370042
0.14548000,0.0394802317
0.14552000,-0.00195492711
0.14556000,0.0117505491
0.14560000,-0.0354217887
0.14564000,0.0107943527
0.14568000,0.0225874372
0.14572000,-0.000998731004
0.14576000,-0.0322344676
0.14580000,-0.0484897979
0.14584000,-0.0590079539
0.14588000,-0.0331906639
0.14592000,0.00824449677
0.14596000,-0.0363779813
0.14600000,-0.0223537758
0.14604000,-0.001317463
0.14608000,-0.0140667427
0.14612000,-0.0395653024
0.14616000,0.0162127968
0.14620000,-0.00354858697
0.14624000,-0.0188477226
0.14628000,0.00537590915
0.14632000,-0.0886500329
0.14636000,-0.0590079539
0.14640000,-0.0433900878
0.14644000,-0.00737337116
0.14648000,-0.0315970033
0.14652000,0.00537590915
0.14656000,0.00027619701
0.14660000,0.0158940647
0.14664000,0.0152566014
0.14668000,0.045854874
0.14672000,0.0678473786
0.14676000,0.0127067454
0.14680000,-0.00928576291
0.14684000,0.0162127968
0.14688000,0.0672099143
0.14692000,0.0311932005
0.14696000,0.0445799455
0.14700000,0.0184439216
0.14704000,0.0127067454
0.14708000,0.0452174097
0.14712000,0.0251372922
0.14716000,-0.00609844318
0.14720000,-0.041158963
0.14724000,-0.0389278382
0.14728000,-0.065063864
0.14732000,-0.0134292794
0.14736000,-0.0137480106
0.14740000,0.0107943527
0.14744000,0.0388427675
0.14748000,0.0382053033
0.14752000,0.0238623656
0.14756000,-0.001317463
0.14760000,0.0264122207
0.14764000,0.0477672666
0.14768000,0.0375678428
0.14772000,0.0401176959
0.14776000,0.0162127968
0.14780000,0.011431817
0.14784000,-0.00769210281
0.14788000,0.0327868611
0.14792000,0.00378224906
0.14796000,0.00123239297
0.14800000,-0.00737337116
0.14804000,-0.0354217887
0.14808000,-0.0570955612
0.14812000,-0.0296846107
0.14816000,-0.0746258199
0.14820000,-0.04880853
0.14824000,-0.069844842
0.14828000,-0.0185289904
0.14832000,-0.0717572346
0.14836000,-0.0287284143
0.14840000,-0.0379716419
0.14844000,-0.0427526236
0.14848000,-0.00832956657
0.14852000,-0.00514224684
0.14856000,0.0136629408
0.14860000,0.0324681289
0.14864000,0.0267309528
0.14868000,0.0206750445
0.14872000,0.113744788
0.14876000,0.127131537
0.14880000,-0.00609844318
0.14884000,0.0700785071
0.14888000,0.0601978116
0.14892000,0.0426675528
0.14896000,-0.025222363
0.14900000,0.00665083714
0.14904000,-0.0271347556
0.14908000,-0.0159791354
0.14912000,0.0413926244
0.14916000,-0.0781318769
0.14920000,-0.041158963
0.14924000,-0.0338281281
0.14928000,-0.0395653024
0.14932000,-0.0513583869
0.14936000,-0.0137480106
0.14940000,-0.0449837483
0.14944000,-0.0341468602
0.14948000,0.00696956879
0.14952000,-0.0395653024
0.14956000,-0.0398840345
0.14960000,-0.0111981547
0.14964000,0.00856322888
0.14968000,-0.000679999008
0.14972000,0.0270496849
0.14976000,-0.00291112298
0.14980000,0.0327868611
0.14984000,0.0276871491
0.14988000,-0.0268160235
0.14992000,0.00505717704
0.14996000,0.0382053033
0.15000000,0.0276871491
0.15004000,0.00155112497
0.15008000,0.00027619701
0.15012000,0.0130254766
0.15016000,0.00314478506
0.15020000,-0.0392465703
0.15024000,-0.00641717482
0.15028000,0.0241810977
0.15032000,0.0372491106
0.15036000,0.00123239297
0.15040000,0.0484047309
0.15044000,-0.00386731909
0.15048000,-0.051677119
0.15052000,-0.0185289904
0.15056000,-0.033509396
0.15060000,-0.025222363
0.15064000,-0.0494459942
0.15068000,-0.0529520474
0.15072000,-0.0127918152
0.15076000,-0.025222363
0.15080000,-0.0398840345
0.15084000,-0.0153416712
0.15088000,0.0162127968
0.15092000,0.0264122207
0.15096000,-0.00482351519
0.15100000,-0.0124730831
0.15104000,0.0072883009
0.15108000,0.0331055932
0.15112000,0.0181251895
0.15116000,0.00601337291
0.15120000,0.0356554501
0.15124000,0.0280058812
0.15128000,0.0146191372
0.15132000,0.00505717704
0.15136000,0.027368417
0.15140000,-0.00737337116
0.15144000,-0.00354858697
0.15148000,-0.0143854748
0.15152000,-0.0134292794
0.15156000,-0.0220350437
0.15160000,-0.000998731004
0.15164000,-0.0159791354
0.15168000,-0.0124730831
0.15172000,-0.00291112298
0.15176000,-0.0210788473
0.15180000,-0.0249036308
0.15184000,-0.0389278382
0.15188000,-0.0169353317
0.15192000,-0.0555019043
0.15196000,0.000913660973
0.15200000,0.0190813858
0.15204000,-0.00737337116
0.15208000,0.00856322888
0.15212000,0.00410098117
0.15216000,-0.00354858697
0.15220000,0.0232249014
0.15224000,-0.0105606914
0.15228000,-0.0025923911
0.15232000,0.00314478506
0.15236000,-0.0140667427
0.15240000,-0.0166165996
0.15244000,-0.0456212126
0.15248000,0.00186985696
0.15252000,-0.0213975795
0.15256000,0.00760703301
0.15260000,-0.0239474345
0.15264000,0.011431817
0.15268000,-0.030640807
0.15272000,-0.0481710657
0.15276000,-0.00801083539
0.15280000,-0.00928576291
0.15284000,-0.0303220749
0.15288000,-0.0245848987
0.15292000,-0.0229912382
0.15296000,-0.0510396548
0.15300000,-0.001317463
0.15304000,-0.0124730831
0.15308000,-0.038290374
0.15312000,-0.0105606914
0.15316000,-0.00514224684
0.15320000,-0.00960449502
0.15324000,-0.0271347556
0.15328000,0.00505717704
0.15332000,0.00537590915
0.15336000,0.0378865711
0.15340000,0.00250732107
0.15344000,0.0292808097
0.15348000,0.00123239297
0.15352000,0.0452174097
0.15356000,0.0324681289
0.15360000,0.0072883009
0.15364000,0.0260934886
0.15368000,0.0356554501
0.15372000,0.0372491106
0.15376000,0.0123880133
0.15380000,0.0229061693
0.15384000,0.00282605295
0.15388000,0.0056946408
0.15392000,-0.0115168868
0.15396000,-0.0602828823
0.15400000,-0.0188477226
0.15404000,0.00410098117
0.15408000,-0.0341468602
0.15412000,-0.0398840345
0.15416000,0.00218858896
0.15420000,-0.0143854748
0.15424000,-0.04880853
0.15428000,-0.0226725079
0.15432000,0.00314478506
0.15436000,-0.00386731909
0.15440000,-0.0127918152
0.15444000,-0.0175727941
0.15448000,-0.038290374
0.15452000,-0.0178915262
0.15456000,-0.00641717482
0.15460000,-0.0430713557
0.15464000,-0.0433900878
0.15468000,-0.0131105473
0.15472000,0.00282605295
0.15476000,-0.0169353317
0.15480000,-0.00227365899
0.15484000,0.0229061693
0.15488000,0.0127067454
0.15492000,-0.00737337116
0.15496000,0.0292808097
0.15500000,0.0120692812
0.15504000,-0.0290471464
0.15508000,0.00218858896
0.15512000,-0.001636195
0.15516000,0.000913660973
0.15520000,0.00186985696
0.15524000,0.040436428
0.15528000,-0.000998731004
0.15532000,-0.00864829868
0.15536000,0.00505717704
0.15540000,-0.0245848987
0.15544000,-0.0408402309
0.15548000,-0.00418605097
0.15552000,0.00346351694
0.15556000,-0.0363779813
0.15560000,-0.0204413831
0.15564000,-0.0437088199
0.15568000,-0.0433900878
0.15572000,-0.0143854748
0.15576000,-0.00832956657
0.15580000,-0.0290471464
0.15584000,-0.0414776951
0.15588000,-0.00769210281
0.15592000,0.0194001179
0.15596000,0.00760703301
0.15600000,-0.0204413831
0.15604000,-0.00641717482
0.15608000,0.0378865711
0.15612000,0.00792576466
0.15616000,0.0229061693
0.15620000,0.0104756206
0.15624000,0.0305557363
0.15628000,0.0471298024
0.15632000,0.0257747564
0.15636000,0.0251372922
0.15640000,0.0292808097
0.15644000,0.0429862849
0.15648000,0.0283246133
0.15652000,0.0111130849
0.15656000,0.0123880133
0.15660000,0.00665083714
0.15664000,0.0350179859
0.15668000,0.0375678428
0.15672000,-0.00482351519
0.15676000,-0.00960449502
0.15680000,-0.0134292794
0.15684000,-0.0542269759
0.15688000,-0.0268160235
0.15692000,-0.0331906639
0.15696000,0.00027619701
0.15700000,-0.041158963
0.15704000,-0.0666575208
0.15708000,-0.070801042
0.15712000,0.000913660973
0.15716000,-0.0386091061
0.15720000,-0.0714385062
0.15724000,-0.0414776951
0.15728000,-0.0322344676
0.15732000,-0.0555019043
0.15736000,-0.0437088199
0.15740000,-0.00960449502
0.15744000,-0.00322985509
0.15748000,0.000913660973
0.15752000,-0.0242661666
0.15756000,-0.00227365899
0.15760000,-0.0405214988
0.15764000,0.00665083714
0.15768000,-0.00864829868
0.15772000,0.00186985696
0.15776000,0.0270496849
0.15780000,-0.00386731909
0.15784000,0.008881961
0.15788000,-0.000361267012
0.15792000,0.0139816729
0.15796000,0.00760703301
0.15800000,0.0289620776
0.15804000,0.0146191372
0.15808000,0.0257747564
0.15812000,0.00378224906
0.15816000,0.0187626537
0.15820000,0.0117505491
0.15824000,-0.0223537758
0.15828000,-0.0115168868
0.15832000,0.0394802317
0.15836000,-0.00450478308
0.15840000,-0.0178915262
0.15844000,-0.0198039189
0.15848000,-0.020122651
0.15852000,-0.0156604033
0.15856000,-0.00705463905
0.15860000,-0.0198039189
0.15864000,0.014300405
0.15868000,0.000594928977
0.15872000,-0.00928576291
0.15876000,0.00123239297
0.15880000,0.00314478506
0.15884000,-0.0118356189
0.15888000,-0.00801083539
0.15892000,0.000594928977
0.15896000,-0.00418605097
0.15900000,-0.0245848987
0.15904000,-0.0217163116
0.15908000,-0.020122651
0.15912000,-0.0245848987
0.15916000,-0.0481710657
0.15920000,-0.0347843245
0.15924000,-0.0322344676
0.15928000,-0.0500834584
0.15932000,-0.0143854748
0.15936000,-0.0341468602
0.15940000,-0.0159791354
0.15944000,-0.0319157355
0.15948000,-0.0606016144
0.15952000,-0.0774944127
0.15956000,-0.0236287024
0.15960000,-0.0102419592
0.15964000,0.0324681289
0.15968000,0.0812341273
0.15972000,0.0382053033
0.15976000,0.0299182739
0.15980000,0.0608352758
0.15984000,0.00027619701
0.15988000,0.00824449677
0.15992000,0.0834652483
0.15996000,0.0710346997
0.16000000,0.069122307
0.16004000,0.0703972355
0.16008000,0.0678473786
0.16012000,0.0493609235
0.16016000,0.0739032924
0.16020000,0.0238623656
0.16024000,0.0471298024
0.16028000,0.0528669767
0.16032000,0.0401176959
0.16036000,0.0229061693
0.16040000,0.0248185601
0.16044000,0.0257747564
0.16048000,0.0244998299
0.16052000,0.045854874
0.16056000,0.00186985696
0.16060000,0.0308744684
0.16064000,0.027368417
0.16068000,0.0241810977
0.16072000,0.00633210503
0.16076000,-0.0268160235
0.16080000,-0.0127918152
0.16084000,0.00186985696
0.16088000,-0.0182102583
0.16092000,-0.0249036308
0.16096000,-0.0127918152
0.16100000,-0.0162978675
0.16104000,-0.0182102583
0.16108000,-0.0366967134
0.16112000,-0.0175727941
0.16116000,-0.0398840345
0.16120000,-0.0309595391
0.16124000,-0.0443462841
0.16128000,-0.00992322713
0.16132000,-0.0115168868
0.16136000,-0.0220350437
0.16140000,-0.00418605097
0.16144000,-0.0166165996
0.16148000,-0.0207601152
0.16152000,-0.0239474345
0.16156000,-0.0175727941
0.16160000,-0.0296846107
0.16164000,-0.00801083539
0.16168000,0.0133442087
0.16172000,0.0229061693
0.16176000,-0.0185289904
0.16180000,0.0149378693
0.16184000,-0.0194851868
0.16188000,0.0190813858
0.16192000,0.0133442087
0.16196000,0.0270496849
0.16200000,0.0130254766
0.16204000,-0.001636195
0.16208000,-0.00769210281
0.16212000,-0.00482351519
0.16216000,-0.012154351
0.16220000,0.0331055932
0.16224000,0.0127067454
0.16228000,0.0162127968
0.16232000,0.0359741822
0.16236000,0.0327868611
0.16240000,0.0295995418
0.16244000,0.0471298024
0.16248000,0.0452174097
0.16252000,0.0401176959
0.16256000,0.0420300886
0.16260000,0.0442612134
0.16264000,0.0343805216
0.16268000,0.0407551602
0.16272000,0.0445799455
0.16276000,0.0311932005
0.16280000,0.0203563124
0.16284000,0.0292808097
0.16288000,0.00186985696
0.16292000,0.00218858896
0.16296000,-0.00482351519
0.16300000,-0.0220350437
0.16304000,-0.0338281281
0.16308000,-0.04880853
0.16312000,-0.0475336015
0.16316000,-0.0229912382
0.16320000,-0.0347843245
0.16324000,-0.0405214988
0.16328000,-0.04880853
0.16332000,-0.0606016144
0.16336000,0.0203563124
0.16340000,0.0225874372
0.16344000,-0.0124730831
0.16348000,0.00856322888
0.16352000,-0.0213975795
0.16356000,-0.0226725079
0.16360000,-0.0360592492
0.16364000,0.00186985696
0.16368000,0.0442612134
0.16372000,0.0579666905
0.16376000,0.0433050171
0.16380000,0.0385240354
0.16384000,0.0550981015
0.16388000,0.0308744684
0.16392000,0.0295995418
0.16396000,0.0429862849
0.16400000,0.0592416152
0.16404000,0.0289620776
0.16408000,0.00282605295
0.16412000,0.000913660973
0.16416000,0.0165315289
0.16420000,0.0251372922
0.16424000,0.00346351694
0.16428000,0.0372491106
0.16432000,0.0484047309
0.16436000,0.0158940647
0.16440000,0.0232249014
0.16444000,0.0490421914
0.16448000,0.0417113565
0.16452000,0.0595603473
0.16456000,0.0235436335
0.16460000,0.0334243253
0.16464000,0.0605165437
0.16468000,0.0557355657
0.16472000,0.0496796556
0.16476000,0.0308744684
0.16480000,0.0388427675
0.16484000,0.0385240354
0.16488000,0.0350179859
0.16492000,0.00123239297
0.16496000,-0.0156604033
0.16500000,0.00856322888
0.16504000,0.0101568894
0.16508000,-0.0191664547
0.16512000,-0.0025923911
0.16516000,-0.0408402309
0.16520000,-0.0497647263
0.16524000,-0.0510396548
0.16528000,-0.0280909501
0.16532000,-0.0172540639
0.16536000,-0.0481710657
0.16540000,-0.0344655924
0.16544000,-0.0414776951
0.16548000,-0.0255410951
0.16552000,-0.0526333153
0.16556000,-0.0465774052
0.16560000,-0.038290374
0.16564000,-0.0156604033
0.16568000,-0.0188477226
0.16572000,-0.00546097895
0.16576000,0.0286433455
0.16580000,0.0235436335
0.16584000,0.0107943527
0.16588000,0.0260934886
0.16592000,0.0675286502
0.16596000,0.0264122207
0.16600000,0.0270496849
0.16604000,0.0232249014
0.16608000,0.011431817
0.16612000,0.011431817
0.16616000,-0.00801083539
0.16620000,-0.00354858697
0.16624000,-0.0274534877
0.16628000,-0.00322985509
0.16632000,0.00920069311
0.16636000,0.008881961
0.16640000,-0.00227365899
0.16644000,0.0413926244
0.16648000,0.0340617895
0.16652000,0.0337430574
0.16656000,0.0640226007
0.16660000,0.0260934886
0.16664000,0.0276871491
0.16668000,0.0111130849
0.16672000,0.0417113565
0.16676000,0.0611540079
0.16680000,0.0525482446
0.16684000,0.0484047309
0.16688000,-0.00227365899
0.16692000,-0.0159791354
0.16696000,-0.0198039189
0.16700000,-0.0711197704
0.16704000,-0.0105606914
0.16708000,0.0436237492
0.16712000,-0.0131105473
0.16716000,-0.000361267012
0.16720000,-0.00418605097
0.16724000,-0.0886500329
0.16728000,-0.0532707796
0.16732000,-0.0207601152
0.16736000,-0.0309595391
0.16740000,-0.00386731909
0.16744000,0.00920069311
0.16748000,0.00378224906
0.16752000,0.011431817
0.16756000,0.016850261
0.16760000,-0.0182102583
0.16764000,-0.0223537758
0.16768000,-0.0159791354
0.16772000,-0.00641717482
0.16776000,-0.070801042
0.16780000,-0.0379716419
0.16784000,0.000913660973
0.16788000,-0.0570955612
0.16792000,-0.0134292794
0.16796000,-0.00322985509
0.16800000,0.00346351694
0.16804000,-0.0886500329
0.16808000,-0.0647451282
0.16812000,-0.0459399447
0.16816000,-0.0892874971
0.16820000,-0.0931122825
0.16824000,-0.041158963
0.16828000,-0.0204413831
0.16832000,0.0251372922
0.16836000,0.00537590915
0.16840000,0.0283246133
0.16844000,0.0401176959
0.16848000,0.108326346
0.16852000,0.0758156776
0.16856000,0.0295995418
0.16860000,0.0898398906
0.16864000,0.121394359
0.16868000,0.0382053033
0.16872000,0.0244998299
0.16876000,0.0869712979
0.16880000,0.0254560243
0.16884000,-0.0625140071
0.16888000,0.0802779272
0.16892000,0.0480859987
0.16896000,-0.0618765429
0.16900000,-0.000361267012
0.16904000,-0.0118356189
0.16908000,-0.0510396548
0.16912000,-0.00322985509
0.16916000,0.0369303785
0.16920000,-0.0456212126
0.16924000,0.0241810977
0.16928000,0.0111130849
0.16932000,-0.0162978675
0.16936000,-0.0233099703
0.16940000,-0.0363779813
0.16944000,-0.0360592492
0.16948000,-0.0293658786
0.16952000,0.0254560243
0.16956000,-0.0395653024
0.16960000,-0.0558206365
0.16964000,-0.0395653024
0.16968000,-0.0494459942
0.16972000,-0.0835503191
0.16976000,-0.00928576291
0.16980000,-0.0185289904
0.16984000,-0.0739883557
0.16988000,-0.0433900878
0.16992000,-0.051677119
0.16996000,-0.0398840345
0.17000000,-0.0236287024
0.17004000,-0.0402027667
0.17008000,-0.0360592492
0.17012000,-0.0236287024
0.17016000,-0.0169353317
0.17020000,-0.0261785593
0.17024000,-0.0395653024
0.17028000,0.0369303785
0.17032000,-0.00227365899
0.17036000,-0.0398840345
0.17040000,-0.00960449502
0.17044000,0.00505717704
0.17048000,-0.0207601152
0.17052000,-0.00673590694
0.17056000,0.0139816729
0.17060000,-0.0150229391
0.17064000,0.00218858896
0.17068000,0.0978081897
0.17072000,0.00696956879
0.17076000,0.040436428
0.17080000,0.0417113565
0.17084000,0.0222687051
0.17088000,-0.00418605097
0.17092000,0.0445799455
0.17096000,-0.0153416712
0.17100000,0.0229061693
0.17104000,0.035336718
0.17108000,-0.00928576291
0.17112000,0.0149378693
0.17116000,0.0305557363
0.17120000,0.0232249014
0.17124000,0.0101568894
0.17128000,0.0222687051
0.17132000,-0.0456212126
0.17136000,-0.0325531997
0.17140000,-0.0376529098
0.17144000,-0.0606016144
0.17148000,-0.0669762567
0.17152000,-0.0169353317
0.17156000,-0.0271347556
0.17160000,-0.0829128549
0.17164000,-0.0325531997
0.17168000,-0.030640807
0.17172000,-0.0175727941
0.17176000,-0.00673590694
0.17180000,-0.0025923911
0.17184000,0.0270496849
0.17188000,0.0531857088
0.17192000,0.053823173
0.17196000,-0.0162978675
0.17200000,0.0276871491
0.17204000,0.0190813858
0.17208000,-4.25350008e-05
0.17212000,-0.0341468602
0.17216000,-0.0293658786
0.17220000,-0.0491272621
0.17224000,-0.0242661666
0.17228000,-0.0379716419
0.17232000,-0.0564581007
0.17236000,-0.0669762567
0.17240000,-0.0264972914
0.17244000,-0.00864829868
0.17248000,-0.0695261136
0.17252000,-0.0131105473
0.17256000,0.0382053033
0.17260000,-0.041158963
0.17264000,0.0184439216
0.17268000,-0.0261785593
0.17272000,0.0174877252
0.17276000,0.0130254766
0.17280000,0.0181251895
0.17284000,0.00410098117
0.17288000,0.0178064574
0.17292000,0.0375678428
0.17296000,0.00346351694
0.17300000,-0.00609844318
0.17304000,0.045854874
0.17308000,0.040436428
0.17312000,-0.0268160235
0.17316000,0.0280058812
0.17320000,0.0209937766
0.17324000,-0.0293658786
0.17328000,0.000913660973
0.17332000,0.011431817
0.17336000,0.00441971282
0.17340000,0.0286433455
0.17344000,0.011431817
0.17348000,0.0194001179
0.17352000,0.0401176959
0.17356000,0.0200375803
0.17360000,-0.00960449502
0.17364000,-0.033509396
0.17368000,-0.0172540639
0.17372000,-0.04880853
0.17376000,-0.0481710657
0.17380000,-0.0583704896
0.17384000,-0.0459399447
0.17388000,-0.0574142933
0.17392000,-0.038290374
0.17396000,-0.0484897979
0.17400000,-0.0978932604
0.17404000,-0.0666575208
0.17408000,-0.0695261136
0.17412000,-0.0577330254
0.17416000,-0.096618332
0.17420000,-0.0513583869
0.17424000,-0.00514224684
0.17428000,-0.0749445558
0.17432000,-0.0169353317
0.17436000,0.008881961
0.17440000,-0.00928576291
0.17444000,-0.0264972914
0.17448000,0.0206750445
0.17452000,0.0633851364
0.17456000,0.00505717704
0.17460000,0.0222687051
0.17464000,0.0139816729
0.17468000,0.0378865711
0.17472000,0.0550981015
0.17476000,0.0544606373
0.17480000,0.0267309528
0.17484000,0.0471298024
0.17488000,0.027368417
0.17492000,0.0248185601
0.17496000,0.00951942522
0.17500000,0.0229061693
0.17504000,-0.0108794225
0.17508000,0.00378224906
0.17512000,0.0506358519
0.17516000,0.00378224906
0.17520000,0.008881961
0.17524000,0.0104756206
0.17528000,0.0334243253
0.17532000,0.0101568894
0.17536000,0.0413926244
0.17540000,0.00537590915
0.17544000,-0.0140667427
0.17548000,0.00792576466
0.17552000,0.0178064574
0.17556000,0.0123880133
0.17560000,-0.0194851868
0.17564000,-0.020122651
0.17568000,-0.0376529098
0.17572000,-0.0108794225
0.17576000,-0.0433900878
0.17580000,-0.0398840345
0.17584000,-0.0322344676
0.17588000,-0.0159791354
0.17592000,-0.012154351
0.17596000,-0.0255410951
0.17600000,-0.0296846107
0.17604000,-0.0134292794
0.17608000,-0.0331906639
0.17612000,-0.044027552
0.17616000,-0.041158963
0.17620000,-0.0414776951
0.17624000,-0.0475336015
0.17628000,-0.0338281281
0.17632000,-0.014704207
0.17636000,-0.038290374
0.17640000,-0.000361267012
0.17644000,-0.0465774052
0.17648000,-0.0370154455
0.17652000,-0.0124730831
0.17656000,-0.0156604033
0.17660000,-0.0102419592
0.17664000,-0.00673590694
0.17668000,0.0343805216
0.17672000,0.008881961
0.17676000,0.0535044409
0.17680000,0.0359741822
0.17684000,0.0420300886
0.17688000,0.0522295125
0.17692000,0.0895211548
0.17696000,0.0477672666
0.17700000,0.0248185601
0.17704000,0.0369303785
0.17708000,0.021949973
0.17712000,-0.00801083539
0.17716000,-0.0344655924
0.17720000,0.000913660973
0.17724000,-0.0111981547
0.17728000,-0.0194851868
0.17732000,-0.0255410951
0.17736000,-0.00546097895
0.17740000,-0.00992322713
0.17744000,-0.0303220749
0.17748000,-0.0303220749
0.17752000,-0.0389278382
0.17756000,-0.0191664547
0.17760000,-0.0127918152
0.17764000,-0.0102419592
0.17768000,-0.000679999008
0.17772000,-0.00514224684
0.17776000,-0.000998731004
0.17780000,-0.0115168868
0.17784000,0.00665083714
0.17788000,0.0372491106
0.17792000,0.0127067454
0.17796000,0.00186985696
0.17800000,0.0117505491
0.17804000,0.00856322888
0.17808000,0.0056946408
0.17812000,0.0117505491
0.17816000,0.0225874372
0.17820000,0.0592416152
0.17824000,0.0506358519
0.17828000,-0.0143854748
0.17832000,-0.0166165996
0.17836000,-0.0398840345
0.17840000,-0.0233099703
0.17844000,-0.0290471464
0.17848000,-0.0223537758
0.17852000,0.0127067454
0.17856000,-0.00737337116
0.17860000,-0.0153416712
0.17864000,-0.0325531997
0.17868000,-0.0258598272
0.17872000,-0.0277722199
0.17876000,-0.0347843245
0.17880000,-0.0542269759
0.17884000,-0.0386091061
0.17888000,-0.0453024805
0.17892000,-0.0612390786
0.17896000,-0.0462586768
0.17900000,-0.0226725079
0.17904000,-0.0363779813
0.17908000,-0.0376529098
0.17912000,-0.0118356189
0.17916000,-0.00641717482
0.17920000,-0.0376529098
0.17924000,-0.0759007484
0.17928000,-0.0159791354
0.17932000,0.0203563124
0.17936000,-0.0341468602
0.17940000,-0.0245848987
0.17944000,-0.0376529098
0.17948000,-0.0312782712
0.17952000,-0.0634701997
0.17956000,-0.0421151593
0.17960000,-0.0523145832
0.17964000,-0.0564581007
0.17968000,-0.0379716419
0.17972000,-0.0191664547
0.17976000,-0.000679999008
0.17980000,-0.0376529098
0.17984000,-0.0025923911
0.17988000,0.00792576466
0.17992000,-0.00705463905
0.17996000,-0.030640807
0.18000000,-0.030640807
0.18004000,-0.0134292794
0.18008000,0.0123880133
0.18012000,0.0417113565
0.18016000,0.0133442087
0.18020000,0.016850261
0.18024000,0.0155753326
0.18028000,0.0200375803
0.18032000,0.0139816729
0.18036000,0.0248185601
0.18040000,0.0299182739
0.18044000,0.0484047309
0.18048000,0.0280058812
0.18052000,0.0413926244
0.18056000,0.0130254766
0.18060000,0.0251372922
0.18064000,0.0238623656
0.18068000,0.0264122207
0.18072000,0.0382053033
0.18076000,0.0267309528
0.18080000,-0.00418605097
0.18084000,0.0203563124
0.18088000,0.0260934886
0.18092000,0.0158940647
0.18096000,0.00186985696
0.18100000,0.0136629408
0.18104000,0.0206750445
0.18108000,0.0111130849
0.18112000,0.0133442087
0.18116000,0.0130254766
0.18120000,-0.00450478308
0.18124000,-0.00960449502
0.18128000,-0.00195492711
0.18132000,-0.0102419592
0.18136000,-0.0140667427
0.18140000,-0.0140667427
0.18144000,-0.0338281281
0.18148000,-0.0293658786
0.18152000,-0.0204413831
0.18156000,-0.0127918152
0.18160000,-0.0625140071
0.18164000,-0.0551831722
0.18168000,-0.00832956657
0.18172000,0.00155112497
0.18176000,-0.00737337116
0.18180000,0.0165315289
0.18184000,0.0120692812
0.18188000,0.0139816729
0.18192000,-0.00386731909
0.18196000,0.0299182739
0.18200000,0.0324681289
0.18204000,0.0490421914
0.18208000,0.045854874
0.18212000,0.0337430574
0.18216000,0.0152566014
0.18220000,0.0439424813
0.18224000,0.0187626537
0.18228000,0.0292808097
0.18232000,0.0410738923
0.18236000,0.0152566014
0.18240000,0.00951942522
0.18244000,-0.00801083539
0.18248000,-0.0204413831
0.18252000,0.00282605295
0.18256000,-0.0300033428
0.18260000,-0.0398840345
0.18264000,-0.081319198
0.18268000,-0.0663387924
0.18272000,-0.0602828823
0.18276000,-0.0475336015
0.18280000,-0.0787693411
0.18284000,-0.059326686
0.18288000,-0.0325531997
0.18292000,-0.0414776951
0.18296000,-0.038290374
0.18300000,-0.00992322713
0.18304000,-0.0188477226
0.18308000,-0.0140667427
0.18312000,0.00473844493
0.18316000,-0.00960449502
0.18320000,-0.00195492711
0.18324000,0.0123880133
0.18328000,0.00537590915
0.18332000,0.00282605295
0.18336000,0.0139816729
0.18340000,0.0327868611
0.18344000,0.0305557363
0.18348000,0.0139816729
0.18352000,0.0391614996
0.18356000,0.0280058812
0.18360000,0.0382053033
0.18364000,0.027368417
0.18368000,0.0209937766
0.18372000,0.0139816729
0.18376000,-0.0025923911
0.18380000,-0.0178915262
0.18384000,0.00155112497
0.18388000,-0.0169353317
0.18392000,-0.0236287024
0.18396000,-0.0236287024
0.18400000,-0.00769210281
0.18404000,0.00951942522
0.18408000,-0.0175727941
0.18412000,-0.0287284143
0.18416000,-0.0118356189
0.18420000,-0.00960449502
0.18424000,-0.0150229391
0.18428000,-0.00705463905
0.18432000,-0.000361267012
0.18436000,0.00441971282
0.18440000,0.0149378693
0.18444000,0.0187626537
0.18448000,0.008881961
0.18452000,0.008881961
0.18456000,-0.0341468602
0.18460000,-0.0229912382
0.18464000,-0.0172540639
0.18468000,-0.0105606914
0.18472000,-0.0366967134
0.18476000,-0.0338281281
0.18480000,-0.0357405208
0.18484000,-0.0666575208
0.18488000,-0.0752632841
0.18492000,-0.0373341776
0.18496000,-0.0408402309
0.18500000,-0.0280909501
0.18504000,-0.0465774052
0.18508000,-0.0191664547
0.18512000,-0.00322985509
0.18516000,-0.0239474345
0.18520000,-0.0287284143
0.18524000,-0.0245848987
0.18528000,-0.00482351519
0.18532000,-0.00450478308
0.18536000,0.000913660973
0.18540000,0.0146191372
0.18544000,-0.0370154455
0.18548000,-0.00864829868
0.18552000,0.0471298024
0.18556000,-0.033509396
0.18560000,-0.0319157355
0.18564000,0.00633210503
0.18568000,-0.00992322713
0.18572000,-0.0287284143
0.18576000,0.00441971282
0.18580000,-0.0223537758
0.18584000,-0.0198039189
0.18588000,0.0123880133
0.18592000,-0.0245848987
0.18596000,-0.0226725079
0.18600000,-0.001317463
0.18604000,-0.00673590694
0.18608000,-0.0172540639
0.18612000,0.000913660973
0.18616000,-0.00928576291
0.18620000,-0.00992322713
0.18624000,-0.0532707796
0.18628000,-0.0194851868
0.18632000,-0.00737337116
0.18636000,0.00123239297
0.18640000,0.00218858896
0.18644000,0.0356554501
0.18648000,0.0267309528
0.18652000,0.0232249014
0.18656000,0.0586041547
0.18660000,0.0382053033
0.18664000,0.0608352758
0.18668000,0.0429862849
0.18672000,0.0378865711
0.18676000,0.0238623656
0.18680000,0.0477672666
0.18684000,0.0248185601
0.18688000,0.0184439216
0.18692000,0.0244998299
0.18696000,-0.00514224684
0.18700000,-0.014704207
0.18704000,0.00792576466
0.18708000,0.00633210503
0.18712000,-0.0162978675
0.18716000,0.0178064574
0.18720000,-0.0249036308
0.18724000,0.0056946408
0.18728000,-0.0102419592
0.18732000,-0.0217163116
0.18736000,-0.0354217887
0.18740000,-0.0325531997
0.18744000,-0.0551831722
0.18748000,-0.0277722199
0.18752000,-0.0309595391
0.18756000,-0.0111981547
0.18760000,0.00218858896
0.18764000,-0.00992322713
0.18768000,-0.00801083539
0.18772000,-0.00641717482
0.18776000,0.008881961
0.18780000,0.011431817
0.18784000,0.0117505491
0.18788000,-0.00609844318
0.18792000,0.00378224906
0.18796000,-0.00418605097
0.18800000,-0.00450478308
0.18804000,-0.000361267012
0.18808000,-0.0127918152
0.18812000,0.0194001179
0.18816000,-0.00514224684
0.18820000,-0.0229912382
0.18824000,0.00410098117
0.18828000,0.0149378693
0.18832000,-0.0220350437
0.18836000,-0.0280909501
0.18840000,-0.0233099703
0.18844000,-0.0379716419
0.18848000,-0.0331906639
0.18852000,-0.0357405208
0.18856000,-0.0102419592
0.18860000,-0.0198039189
0.18864000,-0.00928576291
0.18868000,-0.0143854748
0.18872000,-0.00450478308
0.18876000,0.0155753326
0.18880000,0.00696956879
0.18884000,0.00856322888
0.18888000,0.0056946408
0.18892000,0.0299182739
0.18896000,0.00250732107
0.18900000,0.0238623656
0.18904000,0.0178064574
0.18908000,0.0162127968
0.18912000,0.0184439216
0.18916000,0.0257747564
0.18920000,0.0439424813
0.18924000,0.0324681289
0.18928000,0.0573292263
0.18932000,0.014300405
0.18936000,0.00696956879
0.18940000,0.00123239297
0.18944000,0.0276871491
0.18948000,0.00378224906
0.18952000,0.00633210503
0.18956000,0.027368417
0.18960000,-0.001636195
0.18964000,-0.0118356189
0.18968000,-0.0239474345
0.18972000,0.00027619701
0.18976000,-0.0424338914
0.18980000,-0.033509396
0.18984000,-0.0166165996
0.18988000,-0.001317463
0.18992000,-0.0258598272
0.18996000,0.00792576466
0.19000000,-0.0102419592
0.19004000,-0.0395653024
0.19008000,0.0107943527
0.19012000,0.0056946408
0.19016000,-0.0220350437
0.19020000,-0.0102419592
0.19024000,-0.0124730831
0.19028000,-0.0223537758
0.19032000,-0.0162978675
0.19036000,0.00186985696
0.19040000,0.0216312408
0.19044000,0.0359741822
0.19048000,0.00601337291
0.19052000,0.00537590915
0.19056000,0.0448986776
0.19060000,0.0283246133
0.19064000,0.050954584
0.19068000,0.0665724501
0.19072000,0.0178064574
0.19076000,0.016850261
0.19080000,0.0474485345
0.19084000,0.0232249014
0.19088000,0.0382053033
0.19092000,0.0541419052
0.19096000,0.0251372922
0.19100000,0.0292808097
0.19104000,0.0745407566
0.19108000,0.0464923382
0.19112000,0.0331055932
0.19116000,0.0276871491
0.19120000,-0.0293658786
0.19124000,0.0111130849
0.19128000,0.0321493968
0.19132000,0.0410738923
0.19136000,-0.0105606914
0.19140000,-0.020122651
0.19144000,-0.0427526236
0.19148000,0.00218858896
0.19152000,0.014300405
0.19156000,-0.0118356189
0.19160000,-0.0102419592
0.19164000,-0.0293658786
0.19168000,0.00633210503
0.19172000,0.00250732107
0.19176000,-0.0111981547
0.19180000,-0.0245848987
0.19184000,-0.0178915262
0.19188000,-0.001317463
0.19192000,0.0139816729
0.19196000,0.000594928977
0.19200000,-0.0118356189
0.19204000,-0.00418605097
0.19208000,0.0190813858
0.19212000,-0.0360592492
0.19216000,0.0139816729
0.19220000,0.00633210503
0.19224000,0.00314478506
0.19228000,0.0267309528
0.19232000,0.0254560243
0.19236000,-0.0233099703
0.19240000,0.0162127968
0.19244000,0.0178064574
0.19248000,0.0311932005
0.19252000,0.0283246133
0.19256000,-0.001636195
0.19260000,0.0382053033
0.19264000,0.0710346997
0.19268000,0.0209937766
0.19272000,0.0570104942
0.19276000,0.0213125087
0.19280000,0.0206750445
0.19284000,0.0528669767
0.19288000,0.0254560243
0.19292000,-0.00864829868
0.19296000,0.0375678428
0.19300000,0.0573292263
0.19304000,0.0257747564
0.19308000,0.0235436335
0.19312000,0.0318306647
0.19316000,0.0286433455
0.19320000,-0.020122651
0.19324000,0.0280058812
0.19328000,0.0292808097
0.19332000,0.00696956879
0.19336000,-0.00705463905
0.19340000,-0.00705463905
0.19344000,-0.0185289904
0.19348000,-0.0185289904
0.19352000,0.0209937766
0.19356000,-0.0580517575
0.19360000,-0.0504021905
0.19364000,-0.0178915262
0.19368000,-0.0182102583
0.19372000,0.0104756206
0.19376000,-0.012154351
0.19380000,-0.0647451282
0.19384000,0.00314478506
0.19388000,-0.030640807
0.19392000,-0.0274534877
0.19396000,-0.0188477226
0.19400000,-0.00354858697
0.19404000,-0.00227365899
0.19408000,-0.0210788473
0.19412000,0.000913660973
0.19416000,-0.0880125687
0.19420000,-0.00227365899
0.19424000,-0.0185289904
0.19428000,-0.0188477226
0.19432000,-0.0319157355
0.19436000,0.0369303785
0.19440000,0.00792576466
0.19444000,0.00537590915
0.19448000,0.0346992537
0.19452000,0.0197188482
0.19456000,0.0280058812
0.19460000,0.0292808097
0.19464000,0.0299182739
0.19468000,0.0493609235
0.19472000,0.0605165437
0.19476000,0.0340617895
0.19480000,0.0111130849
0.19484000,0.00346351694
0.19488000,-0.0025923911
0.19492000,-0.0025923911
0.19496000,-0.00482351519
0.19500000,-0.0284096822
0.19504000,-4.25350008e-05
0.19508000,0.0072883009
0.19512000,0.00983815733
0.19516000,0.00027619701
0.19520000,-0.00291112298
0.19524000,-0.0108794225
0.19528000,-0.00737337116
0.19532000,0.00760703301
0.19536000,-0.0236287024
0.19540000,-0.0207601152
0.19544000,0.0133442087
0.19548000,0.00983815733
0.19552000,-0.0153416712
0.19556000,-0.0115168868
0.19560000,-0.0137480106
0.19564000,-0.0510396548
0.19568000,-0.020122651
0.19572000,-0.0287284143
0.19576000,-0.0331906639
0.19580000,-0.0723946989
0.19584000,-0.0679324493
0.19588000,-0.0402027667
0.19592000,-0.0491272621
0.19596000,-0.0519958511
0.19600000,-0.0497647263
0.19604000,-0.0271347556
0.19608000,-0.0191664547
0.19612000,-0.0606016144
0.19616000,-0.0389278382
0.19620000,-0.0453024805
0.19624000,-0.0287284143
0.19628000,-0.0325531997
0.19632000,-0.0376529098
0.19636000,-0.0341468602
0.19640000,-0.00801083539
0.19644000,-0.00737337116
0.19648000,0.000594928977
0.19652000,0.00696956879
0.19656000,0.0117505491
0.19660000,0.0589228868
0.19664000,0.0423488207
0.19668000,0.021949973
0.19672000,0.0531857088
0.19676000,0.0707159713
0.19680000,0.0117505491
0.19684000,0.0104756206
0.19688000,0.0401176959
0.19692000,0.0471298024
0.19696000,0.0506358519
0.19700000,0.0378865711
0.19704000,0.0366116464
0.19708000,-0.00641717482
0.19712000,0.00920069311
0.19716000,-0.0223537758
0.19720000,-0.0108794225
0.19724000,-0.0226725079
0.19728000,-0.000361267012
0.19732000,-0.0166165996
0.19736000,-0.00482351519
0.19740000,-0.0290471464
0.19744000,-0.0213975795
0.19748000,-0.00514224684
0.19752000,-0.00801083539
0.19756000,-0.00705463905
0.19760000,-0.00386731909
0.19764000,0.0162127968
0.19768000,-0.0239474345
0.19772000,-0.0239474345
0.19776000,-0.0229912382
0.19780000,0.0216312408
0.19784000,0.00441971282
0.19788000,0.00920069311
0.19792000,0.0203563124
0.19796000,0.00505717704
0.19800000,-0.00705463905
0.19804000,-0.0223537758
0.19808000,-0.0453024805
0.19812000,-0.0519958511
0.19816000,-0.0580517575
0.19820000,-0.0523145832
0.19824000,-0.0207601152
0.19828000,-0.0395653024
0.19832000,-0.0433900878
0.19836000,-0.0351030566
0.19840000,-0.0386091061
0.19844000,-0.0315970033
0.19848000,-0.0115168868
0.19852000,-0.0143854748
0.19856000,-0.0159791354
0.19860000,-0.030640807
0.19864000,-0.0217163116
0.19868000,0.000913660973
0.19872000,0.00537590915
0.19876000,0.0158940647
0.19880000,0.0136629408
0.19884000,0.0117505491
0.19888000,0.0155753326
0.19892000,0.0209937766
0.19896000,0.0197188482
0.19900000,0.0229061693
0.19904000,0.0152566014
0.19908000,0.0133442087
0.19912000,0.0162127968
0.19916000,0.00218858896
0.19920000,0.00633210503
0.19924000,0.014300405
0.19928000,-0.0105606914
0.19932000,0.00027619701
0.19936000,0.00537590915
0.19940000,-0.0287284143
0.19944000,-0.0169353317
0.19948000,0.00378224906
0.19952000,-0.0274534877
0.19956000,-0.0338281281
0.19960000,-0.0220350437
0.19964000,-0.0236287024
0.19968000,-0.00386731909
0.19972000,0.00505717704
0.19976000,-0.0319157355
0.19980000,-0.0290471464
0.19984000,-0.0166165996
0.19988000,-0.0437088199
0.19992000,-0.012154351
0.19996000,-0.0178915262
0.20000000,-0.0226725079
0.20004000,-0.0245848987
0.20008000,-0.00673590694
0.20012000,-0.00992322713
0.20016000,-0.00992322713
0.20020000,-0.0140667427
0.20024000,-0.0373341776
0.20028000,-0.00227365899
0.20032000,0.0111130849
0.20036000,0.0174877252
0.20040000,0.00123239297
0.20044000,0.0378865711
0.20048000,0.0104756206
0.20052000,0.00378224906
0.20056000,0.0158940647
0.20060000,-0.00992322713
0.20064000,0.0107943527
0.20068000,0.0270496849
0.20072000,0.0455361418
0.20076000,0.0244998299
0.20080000,0.0276871491
0.20084000,0.00505717704
0.20088000,0.00951942522
0.20092000,0.00282605295
0.20096000,0.0200375803
0.20100000,0.00920069311
0.20104000,0.0120692812
0.20108000,0.0139816729
0.20112000,0.00920069311
0.20116000,0.00186985696
0.20120000,-0.00577971106
0.20124000,-0.00673590694
0.20128000,0.000594928977
0.20132000,-0.0102419592
0.20136000,-0.0220350437
0.20140000,-0.0319157355
0.20144000,-0.0258598272
0.20148000,-0.0376529098
0.20152000,-0.00769210281
0.20156000,-0.0287284143
0.20160000,-0.00864829868
0.20164000,-0.0245848987
0.20168000,-0.0217163116
0.20172000,-0.0175727941
0.20176000,-0.0293658786
0.20180000,-0.0162978675
0.20184000,-0.0325531997
0.20188000,-0.025222363
0.20192000,-0.0347843245
0.20196000,-0.0166165996
0.20200000,-0.0284096822
0.20204000,-0.0102419592
0.20208000,0.000594928977
0.20212000,0.00505717704
0.20216000,-0.0182102583
0.20220000,0.00792576466
0.20224000,0.00537590915
0.20228000,0.00983815733
0.20232000,-0.0284096822
0.20236000,-0.0182102583
0.20240000,-0.0162978675
0.20244000,-0.0268160235
0.20248000,-0.0229912382
0.20252000,-0.0261785593
0.20256000,-0.0258598272
0.20260000,0.00601337291
0.20264000,-0.00386731909
0.20268000,-0.00737337116
0.20272000,0.0139816729
0.20276000,0.00441971282
0.20280000,0.0496796556
0.20284000,0.0579666905
0.20288000,0.0490421914
0.20292000,0.0292808097
0.20296000,0.0480859987
0.20300000,0.050954584
0.20304000,0.0111130849
0.20308000,0.0308744684
0.20312000,0.00441971282
0.20316000,0.0213125087
0.20320000,0.0292808097
0.20324000,0.0260934886
0.20328000,0.0130254766
0.20332000,0.0369303785
0.20336000,0.0308744684
0.20340000,0.0139816729
0.20344000,0.0311932005
0.20348000,0.0286433455
0.20352000,0.00696956879
0.20356000,-0.0115168868
0.20360000,-0.0207601152
0.20364000,-0.0239474345
0.20368000,-0.0296846107
0.20372000,-0.0577330254
0.20376000,-0.0296846107
0.20380000,-0.0363779813
0.20384000,-0.0424338914
0.20388000,-0.0484897979
0.20392000,-0.0245848987
0.20396000,-0.0347843245
0.20400000,-0.00227365899
0.20404000,-0.00769210281
0.20408000,0.0130254766
0.20412000,0.0178064574
0.20416000,0.0229061693
0.20420000,0.0232249014
0.20424000,0.0194001179
0.20428000,0.0209937766
0.20432000,0.00856322888
0.20436000,0.0232249014
0.20440000,0.0117505491
0.20444000,-0.00864829868
0.20448000,-0.0328719318
0.20452000,-0.0338281281
0.20456000,-0.030640807
0.20460000,-0.00928576291
0.20464000,-0.0166165996
0.20468000,-0.0102419592
0.20472000,-0.0223537758
0.20476000,0.00027619701
0.20480000,0.0162127968
0.20484000,-0.00769210281
0.20488000,0.0420300886
0.20492000,-0.00514224684
0.20496000,-0.00737337116
0.20500000,-0.0127918152
0.20504000,-0.00641717482
0.20508000,-0.0468961373
0.20512000,-0.0264972914
0.20516000,-0.025222363
0.20520000,-0.0548644401
0.20524000,-0.0669762567
0.20528000,-0.0787693411
0.20532000,-0.0876938328
0.20536000,-0.0921560824
0.20540000,-0.0864189044
0.20544000,-0.0714385062
0.20548000,-0.0523145832
0.20552000,-0.0688886493
0.20556000,-0.0832315907
0.20560000,-0.0927935466
0.20564000,-0.0625140071
0.20568000,-0.1262604
0.20572000,-0.128491536
0.20576000,-0.0886500329
0.20580000,-0.0025923911
0.20584000,-0.0169353317
0.20588000,0.0474485345
0.20592000,0.0519107804
0.20596000,-0.0102419592
0.20600000,0.00633210503
0.20604000,0.0321493968
0.20608000,0.0397989638
0.20612000,0.0735845566
0.20616000,0.112151131
0.20620000,0.0573292263
0.20624000,0.100995511
0.20628000,0.11916323
0.20632000,0.0617914721
0.20636000,0.0723096281
0.20640000,0.0611540079
0.20644000,0.0056946408
0.20648000,0.0283246133
0.20652000,0.0308744684
0.20656000,0.0280058812
0.20660000,0.011431817
0.20664000,-0.0153416712
0.20668000,-0.0137480106
0.20672000,0.00410098117
0.20676000,-0.0351030566
0.20680000,-0.0236287024
0.20684000,-0.0185289904
0.20688000,-0.0465774052
0.20692000,-0.0484897979
0.20696000,-0.00673590694
0.20700000,-0.0402027667
0.20704000,-0.070801042
0.20708000,-0.0666575208
0.20712000,-0.0500834584
0.20716000,-0.0526333153
0.20720000,-0.0303220749
0.20724000,-0.0242661666
0.20728000,-0.0312782712
0.20732000,-0.0185289904
0.20736000,-0.0331906639
0.20740000,-0.00832956657
0.20744000,0.0139816729
0.20748000,-0.00291112298
0.20752000,0.0525482446
0.20756000,0.0579666905
0.20760000,0.0512733161
0.20764000,0.0828277841
0.20768000,0.0815528557
0.20772000,0.0426675528
0.20776000,0.021949973
0.20780000,0.0586041547
0.20784000,0.0203563124
0.20788000,0.0547793694
0.20792000,0.0547793694
0.20796000,0.0229061693
0.20800000,-0.0127918152
0.20804000,0.0152566014
0.20808000,-0.0172540639
0.20812000,-0.0315970033
0.20816000,-0.00482351519
0.20820000,-0.0213975795
0.20824000,-0.0354217887
0.20828000,-0.0245848987
0.20832000,-0.0166165996
0.20836000,-0.0453024805
0.20840000,-0.0325531997
0.20844000,-0.0631514713
0.20848000,-0.0666575208
0.20852000,-0.062195275
0.20856000,-0.0150229391
0.20860000,-0.0198039189
0.20864000,-0.00769210281
0.20868000,0.00792576466
0.20872000,-0.0025923911
0.20876000,0.0248185601
0.20880000,0.0477672666
0.20884000,0.0665724501
0.20888000,0.0213125087
0.20892000,0.0417113565
0.20896000,0.0413926244
0.20900000,0.040436428
0.20904000,0.0340617895
0.20908000,0.045854874
0.20912000,0.000594928977
0.20916000,-0.030640807
0.20920000,-0.00769210281
0.20924000,-0.0115168868
0.20928000,-0.0315970033
0.20932000,-0.0529520474
0.20936000,-0.0249036308
0.20940000,-0.0226725079
0.20944000,-0.0249036308
0.20948000,-0.0564581007
0.20952000,-0.0421151593
0.20956000,-0.0236287024
0.20960000,-0.0472148694
0.20964000,-0.0315970033
0.20968000,-0.00450478308
0.20972000,0.00505717704
0.20976000,-0.0115168868
0.20980000,-0.0194851868
0.20984000,-0.0376529098
0.20988000,0.00314478506
0.20992000,0.00378224906
0.20996000,0.0200375803
0.21000000,0.0302370042
0.21004000,0.0139816729
0.21008000,0.0155753326
0.21012000,0.00282605295
0.21016000,0.021949973
0.21020000,0.0433050171
0.21024000,0.0681661144
0.21028000,0.0292808097
0.21032000,0.0528669767
0.21036000,0.08314652
0.21040000,0.0359741822
0.21044000,0.035336718
0.21048000,0.0311932005
0.21052000,0.021949973
0.21056000,0.0302370042
0.21060000,0.0525482446
0.21064000,0.0248185601
0.21068000,0.0104756206
0.21072000,-0.00227365899
0.21076000,0.00792576466
0.21080000,0.00696956879
0.21084000,-0.0210788473
0.21088000,-0.0338281281
0.21092000,-0.0153416712
0.21096000,-0.054545708
0.21100000,-0.0296846107
0.21104000,-0.0319157355
0.21108000,-0.0446650162
0.21112000,-0.044027552
0.21116000,-0.0484897979
0.21120000,-0.0280909501
0.21124000,-0.0277722199
0.21128000,-0.0127918152
0.21132000,-0.0249036308
0.21136000,0.00951942522
0.21140000,0.0072883009
0.21144000,-0.00641717482
0.21148000,-0.0207601152
0.21152000,-0.00418605097
0.21156000,-0.00577971106
0.21160000,0.011431817
0.21164000,0.016850261
0.21168000,-0.000361267012
0.21172000,-0.0159791354
0.21176000,-0.0315970033
0.21180000,-0.0395653024
0.21184000,-0.0182102583
0.21188000,-0.0150229391
0.21192000,-0.0465774052
0.21196000,-0.0523145832
0.21200000,-0.0376529098
0.21204000,0.0197188482
0.21208000,0.0162127968
0.21212000,-0.00801083539
0.21216000,-0.00514224684
0.21220000,-0.0175727941
0.21224000,0.0452174097
0.21228000,0.0464923382
0.21232000,0.0544606373
0.21236000,0.0477672666
0.21240000,0.0668911859
0.21244000,0.0818715915
0.21248000,0.0436237492
0.21252000,0.0200375803
0.21256000,0.00760703301
0.21260000,0.00441971282
0.21264000,-0.0150229391
0.21268000,-0.0526333153
0.21272000,-0.0322344676
0.21276000,0.00410098117
0.21280000,0.00696956879
0.21284000,0.00505717704
0.21288000,-0.00322985509
0.21292000,0.0120692812
0.21296000,0.0056946408
0.21300000,-0.0261785593
0.21304000,-0.0140667427
0.21308000,-0.00195492711
0.21312000,0.00441971282
0.21316000,-0.00386731909
0.21320000,0.0184439216
0.21324000,0.0171689931
0.21328000,-0.0134292794
0.21332000,-0.0300033428
0.21336000,-0.00386731909
0.21340000,-0.0312782712
0.21344000,-0.0261785593
0.21348000,-0.0366967134
0.21352000,-0.012154351
0.21356000,-0.0236287024
0.21360000,-0.0143854748
0.21364000,-0.0437088199
0.21368000,0.00186985696
0.21372000,0.0111130849
0.21376000,-0.0182102583
0.21380000,-0.0229912382
0.21384000,-0.0392465703
0.21388000,0.0525482446
0.21392000,-0.00195492711
0.21396000,-0.00322985509
0.21400000,0.0369303785
0.21404000,-0.0194851868
0.21408000,-0.00705463905
0.21412000,-0.0370154455
0.21416000,0.0130254766
0.21420000,-0.0548644401
0.21424000,-0.0360592492
0.21428000,0.0280058812
0.21432000,-0.0653825924
0.21436000,-0.122435622
0.21440000,-0.0338281281
0.21444000,-0.0491272621
0.21448000,-0.04880853
0.21452000,-0.0162978675
0.21456000,-0.001636195
0.21460000,-0.0312782712
0.21464000,0.0123880133
0.21468000,0.00282605295
0.21472000,-0.0127918152
0.21476000,-0.000679999008
0.21480000,-0.0529520474
0.21484000,0.0649787933
0.21488000,0.0949396044
0.21492000,-0.00386731909
0.21496000,0.0477672666
0.21500000,0.0455361418
0.21504000,-0.0105606914
0.21508000,0.0637038648
0.21512000,0.0563730299
0.21516000,-0.0510396548
0.21520000,-0.0185289904
0.21524000,-0.00291112298
0.21528000,-0.0519958511
0.21532000,-0.0379716419
0.21536000,-0.0315970033
0.21540000,-0.0360592492
0.21544000,-0.069844842
0.21548000,-0.0194851868
0.21552000,0.0216312408
0.21556000,-0.0271347556
0.21560000,0.0127067454
0.21564000,-0.0532707796
0.21568000,-0.0465774052
0.21572000,-0.0720759705
0.21576000,-0.033509396
0.21580000,-0.0143854748
0.21584000,0.0111130849
0.21588000,-0.00992322713
0.21592000,0.000913660973
0.21596000,-0.00641717482
0.21600000,0.00696956879
0.21604000,0.0343805216
0.21608000,0.0519107804
0.21612000,-0.030640807
0.21616000,0.0270496849
0.21620000,-0.054545708
0.21624000,-0.0625140071
0.21628000,-0.0612390786
0.21632000,-0.000361267012
0.21636000,-0.00322985509
0.21640000,0.0203563124
0.21644000,-0.0137480106
0.21648000,-0.0115168868
0.21652000,0.00314478506
0.21656000,-0.0127918152
0.21660000,-0.00705463905
0.21664000,-0.0166165996
0.21668000,-0.0185289904
0.21672000,-0.00450478308
0.21676000,0.0305557363
0.21680000,-0.00577971106
0.21684000,0.0429862849
0.21688000,0.0503171198
0.21692000,0.0213125087
0.21696000,0.0512733161
0.21700000,0.0385240354
0.21704000,-0.00291112298
0.21708000,-0.00769210281
0.21712000,-0.0475336015
0.21716000,-0.0347843245
0.21720000,-0.0424338914
0.21724000,-0.0162978675
0.21728000,0.00633210503
0.21732000,0.0123880133
0.21736000,0.0260934886
0.21740000,0.00250732107
0.21744000,0.0152566014
0.21748000,-0.0229912382
0.21752000,0.00983815733
0.21756000,-0.00354858697
0.21760000,-4.25350008e-05
0.21764000,0.0127067454
0.21768000,0.00186985696
0.21772000,0.0056946408
0.21776000,-0.0443462841
0.21780000,-0.0293658786
0.21784000,-0.0264972914
0.21788000,-0.0162978675
0.21792000,-0.0025923911
0.21796000,-0.0532707796
0.21800000,-0.0704823062
0.21804000,-0.0296846107
0.21808000,-0.0140667427
0.21812000,-0.00291112298
0.21816000,-0.0357405208
0.21820000,0.00027619701
0.21824000,-0.00864829868
0.21828000,0.0197188482
0.21832000,0.0283246133
0.21836000,-0.00928576291
0.21840000,-0.00673590694
0.21844000,-0.0217163116
0.21848000,-0.0185289904
0.21852000,0.011431817
0.21856000,-0.0213975795
0.21860000,-0.0185289904
0.21864000,0.0178064574
0.21868000,0.00282605295
0.21872000,-0.0249036308
0.21876000,0.0152566014
0.21880000,0.011431817
0.21884000,-0.0338281281
0.21888000,-0.0271347556
0.21892000,-0.0366967134
0.21896000,-0.0800442696
0.21900000,-0.0108794225
0.21904000,0.0162127968
0.21908000,0.00123239297
0.21912000,0.0299182739
0.21916000,0.0554168336
0.21920000,0.0139816729
0.21924000,-0.0586892217
0.21928000,-0.00737337116
0.21932000,-0.0127918152
0.21936000,-0.0229912382
0.21940000,-0.0207601152
0.21944000,-0.00227365899
0.21948000,-0.0118356189
0.21952000,0.0056946408
0.21956000,-0.0309595391
0.21960000,-0.033509396
0.21964000,-0.00291112298
0.21968000,-0.0258598272
0.21972000,-0.0315970033
0.21976000,-0.0360592492
0.21980000,0.00505717704
0.21984000,-0.0338281281
0.21988000,-0.0331906639
0.21992000,-0.0185289904
0.21996000,0.0136629408
0.22000000,0.0056946408
0.22004000,0.0378865711
0.22008000,-0.00864829868
0.22012000,0.0605165437
0.22016000,0.0423488207
0.22020000,0.00186985696
0.22024000,-0.0481710657
0.22028000,0.0302370042
0.22032000,0.0111130849
0.22036000,-0.0025923911
0.22040000,0.0229061693
0.22044000,-0.00641717482
0.22048000,-0.0261785593
0.22052000,-0.0220350437
0.22056000,0.00441971282
0.22060000,-0.065063864
0.22064000,-0.0376529098
0.22068000,-0.0351030566
0.22072000,-0.033509396
0.22076000,-0.025222363
0.22080000,-0.0185289904
0.22084000,-0.0300033428
0.22088000,0.00601337291
0.22092000,0.0340617895
0.22096000,-0.00322985509
0.22100000,0.0267309528
0.22104000,0.0165315289
0.22108000,0.00824449677
0.22112000,0.0238623656
0.22116000,0.0149378693
0.22120000,0.0229061693
0.22124000,0.0107943527
0.22128000,-0.0229912382
0.22132000,-0.0561393686
0.22136000,-0.00641717482
0.22140000,-0.00354858697
0.22144000,-0.0331906639
0.22148000,-0.0277722199
0.22152000,-0.0293658786
0.22156000,-0.00737337116
0.22160000,-0.00418605097
0.22164000,0.00218858896
0.22168000,-0.0188477226
0.22172000,-0.0494459942
0.22176000,-0.0577330254
0.22180000,-0.0169353317
0.22184000,-0.0127918152
0.22188000,-0.0131105473
0.22192000,-0.0198039189
0.22196000,-0.0555019043
0.22200000,-0.00864829868
0.22204000,-0.00928576291
0.22208000,-0.0153416712
0.22212000,-0.07558202
0.22216000,0.00473844493
0.22220000,0.00665083714
0.22224000,-0.0421151593
0.22228000,-0.0217163116
0.22232000,-0.0433900878
0.22236000,-0.0182102583
0.22240000,-0.0424338914
0.22244000,-0.0395653024
0.22248000,-0.0606016144
0.22252000,-0.00641717482
0.22256000,-0.001636195
0.22260000,-0.00609844318
0.22264000,0.00218858896
0.22268000,-0.0315970033
0.22272000,-0.0185289904
0.22276000,-0.0140667427
0.22280000,0.00951942522
0.22284000,0.0267309528
0.22288000,0.0388427675
0.22292000,0.00410098117
0.22296000,0.035336718
0.22300000,0.0127067454
0.22304000,-0.012154351
0.22308000,-0.0236287024
0.22312000,-0.0319157355
0.22316000,-0.0255410951
0.22320000,-0.0140667427
0.22324000,0.0104756206
0.22328000,0.0417113565
0.22332000,-0.0194851868
0.22336000,-0.0325531997
0.22340000,0.0149378693
0.22344000,0.0146191372
0.22348000,0.0139816729
0.22352000,0.040436428
0.22356000,0.0165315289
0.22360000,-0.0134292794
0.22364000,0.0356554501
0.22368000,0.0225874372
0.22372000,0.00824449677
0.22376000,0.00601337291
0.22380000,-0.00960449502
0.22384000,-0.0191664547
0.22388000,-0.00577971106
0.22392000,-0.0140667427
0.22396000,-0.0417964272
0.22400000,-0.0453024805
0.22404000,-0.0213975795
0.22408000,-0.0274534877
0.22412000,-0.0280909501
0.22416000,-0.0150229391
0.22420000,0.00856322888
0.22424000,-0.0150229391
0.22428000,0.00282605295
0.22432000,0.0232249014
0.22436000,0.0130254766
0.22440000,0.00505717704
0.22444000,0.00186985696
0.22448000,0.0327868611
0.22452000,0.0209937766
0.22456000,0.0200375803
0.22460000,0.0216312408
0.22464000,0.0519107804
0.22468000,0.0283246133
0.22472000,-0.00960449502
0.22476000,0.0136629408
0.22480000,0.0401176959
0.22484000,0.011431817
0.22488000,0.00760703301
0.22492000,0.0216312408
0.22496000,0.0222687051
0.22500000,0.00410098117
0.22504000,0.0324681289
0.22508000,-0.00322985509
0.22512000,-0.00928576291
0.22516000,-0.0127918152
0.22520000,-0.0331906639
0.22524000,0.011431817
0.22528000,-0.00801083539
0.22532000,0.000913660973
0.22536000,-0.0159791354
0.22540000,-0.00322985509
0.22544000,-0.044027552
0.22548000,-0.0153416712
0.22552000,-0.00291112298
0.22556000,-0.0175727941
0.22560000,0.0127067454
0.22564000,0.0104756206
0.22568000,0.0382053033
0.22572000,-0.0115168868
0.22576000,-0.0325531997
0.22580000,0.0178064574
0.22584000,0.0206750445
0.22588000,0.0372491106
0.22592000,0.0295995418
0.22596000,0.0146191372
0.22600000,-0.00737337116
0.22604000,0.00537590915
0.22608000,0.00696956879
0.22612000,-0.000998731004
0.22616000,0.0289620776
0.22620000,0.0378865711
0.22624000,-0.0188477226
0.22628000,-0.0111981547
0.22632000,0.011431817
0.22636000,-0.00896703079
0.22640000,-0.00992322713
0.22644000,-4.25350008e-05
0.22648000,-0.0169353317
0.22652000,-0.000679999008
0.22656000,-0.00450478308
0.22660000,0.00537590915
0.22664000,0.0072883009
0.22668000,-0.0153416712
0.22672000,-0.00514224684
0.22676000,-0.00992322713
0.22680000,-0.0025923911
0.22684000,0.00505717704
0.22688000,0.0123880133
0.22692000,-0.0105606914
0.22696000,-0.0188477226
0.22700000,-0.0182102583
0.22704000,0.0200375803
0.22708000,0.0178064574
0.22712000,-0.00354858697
0.22716000,-0.00482351519
0.22720000,0.0127067454
0.22724000,0.0232249014
0.22728000,-0.00418605097
0.22732000,-0.0188477226
0.22736000,-0.025222363
0.22740000,-0.00864829868
0.22744000,-0.0242661666
0.22748000,-0.0319157355
0.22752000,-0.0245848987
0.22756000,0.00250732107
0.22760000,-0.000361267012
0.22764000,-0.04880853
0.22768000,-0.030640807
0.22772000,-0.0373341776
0.22776000,-0.0220350437
0.22780000,-0.0229912382
0.22784000,0.0206750445
0.22788000,0.0149378693
0.22792000,0.0165315289
0.22796000,-0.0162978675
0.22800000,0.00441971282
0.22804000,0.0178064574
0.22808000,0.008881961
0.22812000,0.00601337291
0.22816000,0.0471298024
0.22820000,0.0292808097
0.22824000,-0.00450478308
0.22828000,-0.0102419592
0.22832000,0.0120692812
0.22836000,0.0139816729
0.22840000,0.0056946408
0.22844000,0.0162127968
0.22848000,0.0238623656
0.22852000,-0.00514224684
0.22856000,-0.0233099703
0.22860000,-0.00609844318
0.22864000,-0.0025923911
0.22868000,-0.0124730831
0.22872000,-0.0115168868
0.22876000,0.0232249014
0.22880000,0.00760703301
0.22884000,0.0267309528
0.22888000,0.0241810977
0.22892000,0.0321493968
0.22896000,0.0117505491
0.22900000,0.00983815733
0.22904000,0.00346351694
0.22908000,-0.0363779813
0.22912000,-0.00546097895
0.22916000,-0.0210788473
0.22920000,-0.00577971106
0.22924000,-0.00992322713
0.22928000,-0.0153416712
0.22932000,-0.0115168868
0.22936000,-0.0169353317
0.22940000,-0.0143854748
0.22944000,-0.0102419592
0.22948000,-0.0127918152
0.22952000,0.00282605295
0.22956000,0.0139816729
0.22960000,-0.0105606914
0.22964000,-0.00641717482
0.22968000,0.0302370042
0.22972000,0.0299182739
0.22976000,-0.0137480106
0.22980000,0.0372491106
0.22984000,0.0248185601
0.22988000,0.0152566014
0.22992000,-0.00769210281
0.22996000,-0.0108794225
0.23000000,0.00473844493
0.23004000,-0.00354858697
0.23008000,-0.0150229391
0.23012000,-0.001636195
0.23016000,-0.0124730831
0.23020000,-0.0194851868
0.23024000,-0.020122651
0.23028000,-0.0261785593
0.23032000,-0.0296846107
0.23036000,-0.0153416712
0.23040000,-0.0233099703
0.23044000,-0.0309595391
0.23048000,-0.0127918152
0.23052000,-0.0255410951
0.23056000,-0.0331906639
0.23060000,-0.00641717482
0.23064000,-0.0166165996
0.23068000,0.00186985696
0.23072000,0.0136629408
0.23076000,0.00951942522
0.23080000,0.00410098117
0.23084000,-0.0217163116
0.23088000,0.0286433455
0.23092000,0.0382053033
0.23096000,0.0222687051
0.23100000,0.0506358519
0.23104000,0.0315119326
0.23108000,0.0299182739
0.23112000,-0.0325531997
0.23116000,0.0104756206
0.23120000,0.0178064574
0.23124000,-0.000679999008
0.23128000,-0.0395653024
0.23132000,-0.0217163116
0.23136000,-0.0370154455
0.23140000,-0.0507209226
0.23144000,-0.0504021905
0.23148000,-0.0296846107
0.23152000,-0.0433900878
0.23156000,-0.0644263998
0.23160000,-0.0300033428
0.23164000,-0.0322344676
0.23168000,-0.0379716419
0.23172000,-0.0261785593
0.23176000,-0.0535895117
0.23180000,-0.0268160235
0.23184000,-0.0172540639
0.23188000,0.0056946408
0.23192000,0.0133442087
0.23196000,0.0286433455
0.23200000,0.0260934886
0.23204000,-0.00386731909
0.23208000,0.0155753326
0.23212000,0.016850261
0.23216000,0.0346992537
0.23220000,0.0433050171
0.23224000,0.0292808097
0.23228000,-0.00832956657
0.23232000,0.000594928977
0.23236000,0.0206750445
0.23240000,0.00824449677
0.23244000,0.0464923382
0.23248000,-0.0264972914
0.23252000,0.0101568894
0.23256000,0.0241810977
0.23260000,0.0056946408
0.23264000,-0.0131105473
0.23268000,-0.0108794225
0.23272000,-0.00769210281
0.23276000,-0.0472148694
0.23280000,0.00314478506
0.23284000,0.021949973
0.23288000,0.008881961
0.23292000,-0.0210788473
0.23296000,0.00824449677
0.23300000,0.0123880133
0.23304000,0.00282605295
0.23308000,0.0283246133
0.23312000,0.0388427675
0.23316000,0.0369303785
0.23320000,0.035336718
0.23324000,0.0493609235
0.23328000,0.0522295125
0.23332000,0.027368417
0.23336000,0.0206750445
0.23340000,0.0165315289
0.23344000,0.0280058812
0.23348000,0.0133442087
0.23352000,0.0171689931
0.23356000,0.0120692812
0.23360000,0.0107943527
0.23364000,-0.0287284143
0.23368000,-0.033509396
0.23372000,-0.0535895117
0.23376000,-0.00641717482
0.23380000,-0.0191664547
0.23384000,-0.0494459942
0.23388000,-0.0430713557
0.23392000,-0.00354858697
0.23396000,-0.0414776951
0.23400000,-0.0268160235
0.23404000,-0.0395653024
0.23408000,-0.0140667427
0.23412000,-0.0102419592
0.23416000,-0.00418605097
0.23420000,-0.0198039189
0.23424000,-0.00577971106
0.23428000,0.0283246133
0.23432000,0.050954584
0.23436000,0.0117505491
0.23440000,0.00123239297
0.23444000,0.0222687051
0.23448000,0.00856322888
0.23452000,0.0146191372
0.23456000,0.0241810977
0.23460000,-0.001317463
0.23464000,0.0206750445
0.23468000,0.035336718
0.23472000,0.0136629408
0.23476000,-0.00673590694
0.23480000,-0.0102419592
0.23484000,-0.0264972914
0.23488000,-0.0497647263
0.23492000,-0.0395653024
0.23496000,0.00186985696
0.23500000,-0.0249036308
0.23504000,-0.0424338914
0.23508000,-0.0300033428
0.23512000,-0.0255410951
0.23516000,-0.0293658786
0.23520000,-0.0108794225
0.23524000,-0.0351030566
0.23528000,-0.0162978675
0.23532000,-0.025222363
0.23536000,-0.00832956657
0.23540000,-4.25350008e-05
0.23544000,0.0251372922
0.23548000,0.0433050171
0.23552000,0.0178064574
0.23556000,0.0356554501
0.23560000,0.0633851364
0.23564000,0.0732658282
0.23568000,0.0621102042
0.23572000,0.0713534355
0.23576000,0.0656162575
0.23580000,0.0700785071
0.23584000,0.0627476722
0.23588000,0.0308744684
0.23592000,0.0350179859
0.23596000,-0.0124730831
0.23600000,0.00856322888
0.23604000,0.00633210503
0.23608000,-0.0150229391
0.23612000,-0.030640807
0.23616000,0.000594928977
0.23620000,0.0305557363
0.23624000,-0.0602828823
0.23628000,-0.0580517575
0.23632000,-0.033509396
0.23636000,0.0152566014
0.23640000,0.00951942522
0.23644000,-0.0127918152
0.23648000,0.0260934886
0.23652000,0.00696956879
0.23656000,0.053823173
0.23660000,0.0343805216
0.23664000,0.0171689931
0.23668000,-0.00354858697
0.23672000,0.0331055932
0.23676000,0.0152566014
0.23680000,0.0264122207
0.23684000,-0.0249036308
0.23688000,-0.030640807
0.23692000,-0.0472148694
0.23696000,0.011431817
0.23700000,-0.0583704896
0.23704000,-0.104905359
0.23708000,-0.00769210281
0.23712000,-0.00386731909
0.23716000,-0.0819566622
0.23720000,-0.0258598272
0.23724000,0.00218858896
0.23728000,-0.0421151593
0.23732000,0.0318306647
0.23736000,0.00792576466
0.23740000,-0.001636195
0.23744000,0.0493609235
0.23748000,0.0662537217
0.23752000,0.0515920483
0.23756000,0.0244998299
0.23760000,0.0254560243
0.23764000,0.0448986776
0.23768000,0.0570104942
0.23772000,0.0433050171
0.23776000,0.0439424813
0.23780000,0.0496796556
0.23784000,0.0445799455
0.23788000,0.0139816729
0.23792000,0.0350179859
0.23796000,0.0318306647
0.23800000,0.00441971282
0.23804000,-0.0567768328
0.23808000,-0.0194851868
0.23812000,0.00346351694
0.23816000,-0.0437088199
0.23820000,-0.0115168868
0.23824000,-0.0300033428
0.23828000,0.00760703301
0.23832000,0.00186985696
0.23836000,0.0627476722
0.23840000,0.0241810977
0.23844000,0.0270496849
0.23848000,-0.0166165996
0.23852000,-0.00227365899
0.23856000,-0.0229912382
0.23860000,-0.0245848987
0.23864000,-4.25350008e-05
0.23868000,0.0127067454
0.23872000,-0.0513583869
0.23876000,-0.0156604033
0.23880000,-0.0108794225
0.23884000,-0.014704207
0.23888000,0.0174877252
0.23892000,-0.0331906639
0.23896000,-0.000679999008
0.23900000,-0.00418605097
0.23904000,-0.0169353317
0.23908000,0.00282605295
0.23912000,0.00760703301
0.23916000,0.0257747564
0.23920000,0.0286433455
0.23924000,0.00027619701
0.23928000,-0.0328719318
0.23932000,0.00633210503
0.23936000,-0.0300033428
0.23940000,-0.0156604033
0.23944000,-0.0927935466
0.23948000,0.0519107804
0.23952000,-0.0570955612
0.23956000,0.0254560243
0.23960000,0.00505717704
0.23964000,0.0174877252
0.23968000,-0.0468961373
0.23972000,0.0544606373
0.23976000,0.0397989638
0.23980000,0.0190813858
0.23984000,0.0719908997
0.23988000,0.00696956879
0.23992000,0.000594928977
0.23996000,0.00537590915
0.24000000,0.0283246133
0.24004000,0.0280058812
0.24008000,0.0260934886
0.24012000,0.00633210503
0.24016000,0.0206750445
0.24020000,0.0340617895
0.24024000,0.00792576466
0.24028000,-0.00291112298
0.24032000,-0.00673590694
0.24036000,0.0178064574
0.24040000,0.00633210503
0.24044000,-0.0182102583
0.24048000,-0.0185289904
0.24052000,0.00920069311
0.24056000,-0.00801083539
0.24060000,-0.0172540639
0.24064000,-0.04880853
0.24068000,-0.0465774052
0.24072000,-0.00801083539
0.24076000,0.050954584
0.24080000,-0.04880853
0.24084000,0.016850261
0.24088000,0.008881961
0.24092000,-0.00227365899
0.24096000,-0.00896703079
0.24100000,0.00505717704
0.24104000,0.00760703301
0.24108000,0.00441971282
0.24112000,0.0155753326
0.24116000,0.0197188482
0.24120000,0.0136629408
0.24124000,0.0436237492
0.24128000,0.00314478506
0.24132000,0.0184439216
0.24136000,0.0146191372
0.24140000,0.00983815733
0.24144000,-0.0108794225
0.24148000,0.0200375803
0.24152000,0.0203563124
0.24156000,0.0270496849
0.24160000,0.0235436335
0.24164000,-0.00386731909
0.24168000,0.0397989638
0.24172000,0.00696956879
0.24176000,0.0206750445
0.24180000,0.00696956879
0.24184000,0.0356554501
0.24188000,0.0417113565
0.24192000,0.0200375803
0.24196000,0.0522295125
0.24200000,0.0633851364
0.24204000,-0.0468961373
0.24208000,0.0120692812
0.24212000,0.00218858896
0.24216000,-0.0504021905
0.24220000,-0.0497647263
0.24224000,-0.001636195
0.24228000,0.00920069311
0.24232000,-0.00832956657
0.24236000,0.00824449677
0.24240000,-0.0175727941
0.24244000,-0.0156604033
0.24248000,0.000913660973
0.24252000,0.0123880133
0.24256000,-0.0233099703
0.24260000,0.0184439216
0.24264000,0.0130254766
0.24268000,-0.00992322713
0.24272000,-0.0169353317
0.24276000,-0.0453024805
0.24280000,-0.0309595391
0.24284000,-0.0542269759
0.24288000,-0.0752632841
0.24292000,-0.0819566622
0.24296000,-0.0634701997
0.24300000,-0.0500834584
0.24304000,-0.0889687613
0.24308000,-0.0810004622
0.24312000,-0.0548644401
0.24316000,-0.0140667427
0.24320000,-0.0338281281
0.24324000,-0.0599641502
0.24328000,-0.0472148694
0.24332000,-0.0370154455
0.24336000,-0.0105606914
0.24340000,-0.00482351519
0.24344000,-0.033509396
0.24348000,0.011431817
0.24352000,0.0270496849
0.24356000,0.0213125087
0.24360000,0.0385240354
0.24364000,0.0174877252
0.24368000,0.0280058812
0.24372000,0.0566917621
0.24376000,0.0264122207
0.24380000,0.0812341273
0.24384000,0.0652975217
0.24388000,0.0356554501
0.24392000,0.00282605295
0.24396000,0.0340617895
0.24400000,0.0295995418
0.24404000,0.00186985696
0.24408000,0.0356554501
0.24412000,0.00346351694
0.24416000,0.0222687051
0.24420000,0.00250732107
0.24424000,-0.0127918152
0.24428000,-0.00992322713
0.24432000,-0.001636195
0.24436000,0.045854874
0.24440000,0.0149378693
0.24444000,0.0337430574
0.24448000,0.00983815733
0.24452000,-0.0204413831
0.24456000,-0.0402027667
0.24460000,-0.0325531997
0.24464000,-0.0261785593
0.24468000,-0.0115168868
0.24472000,-0.0239474345
0.24476000,-0.0685699135
0.24480000,-0.0663387924
0.24484000,-0.0421151593
0.24488000,-0.04880853
0.24492000,-0.0606016144
0.24496000,-0.0433900878
0.24500000,-0.0363779813
0.24504000,-0.0198039189
0.24508000,-0.00418605097
0.24512000,-0.0303220749
0.24516000,-0.0182102583
0.24520000,-0.0131105473
0.24524000,-0.0159791354
0.24528000,0.00027619701
0.24532000,0.00314478506
0.24536000,0.0139816729
0.24540000,-0.0414776951
0.24544000,-0.00514224684
0.24548000,-0.0185289904
0.24552000,-0.0484897979
0.24556000,-0.0188477226
0.24560000,-0.0150229391
0.24564000,-0.0261785593
0.24568000,-0.0166165996
0.24572000,0.014300405
0.24576000,-0.00450478308
0.24580000,0.0369303785
0.24584000,0.0152566014
0.24588000,0.0238623656
0.24592000,0.0171689931
0.24596000,0.0260934886
0.24600000,0.0072883009
0.24604000,0.0101568894
0.24608000,-0.00673590694
0.24612000,-0.0156604033
0.24616000,0.00186985696
0.24620000,0.0375678428
0.24624000,0.011431817
0.24628000,-0.0331906639
0.24632000,-0.0414776951
0.24636000,-0.0280909501
0.24640000,0.00123239297
0.24644000,-0.025222363
0.24648000,-0.038290374
0.24652000,-0.0366967134
0.24656000,-0.0596454181
0.24660000,-0.0472148694
0.24664000,-0.0433900878
0.24668000,-0.0892874971
0.24672000,-0.0583704896
0.24676000,-0.041158963
0.24680000,-0.0513583869
0.24684000,-0.0902436897
0.24688000,-0.0453024805
0.24692000,-0.044027552
0.24696000,-0.0462586768
0.24700000,-0.00227365899
0.24704000,-0.0277722199
0.24708000,0.00410098117
0.24712000,0.00505717704
0.24716000,0.0547793694
0.24720000,0.0276871491
0.24724000,0.0152566014
0.24728000,0.0111130849
0.24732000,0.0280058812
0.24736000,0.0531857088
0.24740000,0.0563730299
0.24744000,0.0512733161
0.24748000,0.021949973
0.24752000,0.0413926244
0.24756000,0.0308744684
0.24760000,0.0299182739
0.24764000,0.0184439216
0.24768000,0.0560542978
0.24772000,0.0442612134
0.24776000,0.00410098117
0.24780000,-0.0182102583
0.24784000,-0.0134292794
0.24788000,-0.00291112298
0.24792000,-0.0153416712
0.24796000,-0.0379716419
0.24800000,-0.0574142933
0.24804000,-0.0108794225
0.24808000,-0.044027552
0.24812000,-0.0494459942
0.24816000,-0.0637889355
0.24820000,-0.0354217887
0.24824000,-0.0602828823
0.24828000,-0.0615578108
0.24832000,-0.0590079539
0.24836000,-0.0236287024
0.24840000,-0.0523145832
0.24844000,-0.0408402309
0.24848000,-0.0226725079
0.24852000,-0.0185289904
0.24856000,-0.0373341776
0.24860000,-0.0105606914
0.24864000,0.00314478506
0.24868000,0.0130254766
0.24872000,0.014300405
0.24876000,0.00537590915
0.24880000,-4.25350008e-05
0.24884000,-0.0249036308
0.24888000,0.00920069311
0.24892000,-0.0131105473
0.24896000,-0.0162978675
0.24900000,-0.000998731004
0.24904000,-0.0115168868
0.24908000,0.00792576466
0.24912000,-0.00673590694
0.24916000,-0.00195492711
0.24920000,-0.0118356189
0.24924000,0.0244998299
0.24928000,0.0318306647
0.24932000,0.0107943527
0.24936000,-0.001636195
0.24940000,0.0072883009
0.24944000,0.00505717704
0.24948000,-0.00705463905
0.24952000,-0.0233099703
0.24956000,-0.00354858697
0.24960000,-0.0261785593
0.24964000,0.00250732107
0.24968000,0.00250732107
0.24972000,-0.00514224684
0.24976000,-0.0271347556
0.24980000,-0.0274534877
0.24984000,-0.0175727941
0.24988000,-0.0405214988
0.24992000,-0.0414776951
0.24996000,-0.0408402309
0.25000000,-0.0558206365
0.25004000,-0.0637889355
0.25008000,-0.0449837483
0.25012000,-0.000679999008
0.25016000,-0.0561393686
0.25020000,-0.069844842
0.25024000,-0.00769210281
0.25028000,-0.0634701997
0.25032000,-0.0739883557
0.25036000,-0.0462586768
0.25040000,-0.0845065117
0.25044000,-0.0672949851
0.25048000,-0.0331906639
0.25052000,-0.0236287024
0.25056000,-0.0685699135
0.25060000,-0.0242661666
0.25064000,-0.0296846107
0.25068000,-0.0331906639
0.25072000,-0.0274534877
0.25076000,0.0107943527
0.25080000,0.0203563124
0.25084000,0.0343805216
0.25088000,0.0146191372
0.25092000,0.0439424813
0.25096000,0.0461736061
0.25100000,0.0356554501
0.25104000,0.0678473786
0.25108000,0.0391614996
0.25112000,0.0346992537
0.25116000,0.0917522833
0.25120000,0.0407551602
0.25124000,0.0248185601
0.25128000,0.0382053033
0.25132000,0.0417113565
0.25136000,0.0235436335
0.25140000,0.0283246133
0.25144000,0.0560542978
0.25148000,-0.00705463905
0.25152000,-4.25350008e-05
0.25156000,0.016850261
0.25160000,0.00505717704
0.25164000,0.00155112497
0.25168000,-0.0185289904
0.25172000,-0.0131105473
0.25176000,-0.0229912382
0.25180000,0.00027619701
0.25184000,-0.0261785593
0.25188000,-0.0427526236
0.25192000,-0.0315970033
0.25196000,-0.0427526236
0.25200000,-0.0523145832
0.25204000,-0.0660200566
0.25208000,-0.0462586768
0.25212000,-0.0261785593
0.25216000,-0.0325531997
0.25220000,-0.0233099703
0.25224000,-0.0500834584
0.25228000,-0.00928576291
0.25232000,-0.0102419592
0.25236000,-0.0405214988
0.25240000,-0.0127918152
0.25244000,-0.00291112298
0.25248000,-0.00418605097
0.25252000,-0.00928576291
0.25256000,-0.00195492711
0.25260000,0.00250732107
0.25264000,-0.000679999008
0.25268000,0.0146191372
0.25272000,0.0302370042
0.25276000,0.0566917621
0.25280000,0.0640226007
0.25284000,0.0461736061
0.25288000,0.0445799455
0.25292000,0.0305557363
0.25296000,0.0550981015
0.25300000,-0.00832956657
0.25304000,0.00282605295
0.25308000,-0.014704207
0.25312000,0.0072883009
0.25316000,0.00378224906
0.25320000,-0.0245848987
0.25324000,0.0101568894
0.25328000,-0.0290471464
0.25332000,-0.0421151593
0.25336000,-0.0535895117
0.25340000,-0.0430713557
0.25344000,-0.0465774052
0.25348000,-0.0427526236
0.25352000,-0.0421151593
0.25356000,-0.0583704896
0.25360000,-0.0376529098
0.25364000,-0.0519958511
0.25368000,-0.0315970033
0.25372000,-0.00801083539
0.25376000,0.027368417
0.25380000,0.0382053033
0.25384000,0.0139816729
0.25388000,-0.00354858697
0.25392000,-0.0134292794
0.25396000,0.0174877252
0.25400000,0.00123239297
0.25404000,0.0216312408
0.25408000,0.0056946408
0.25412000,0.0382053033
0.25416000,0.0232249014
0.25420000,0.0209937766
0.25424000,0.016850261
0.25428000,0.0356554501
0.25432000,0.00123239297
0.25436000,0.0197188482
0.25440000,0.0111130849
0.25444000,0.0123880133
0.25448000,-0.000998731004
0.25452000,-0.0315970033
0.25456000,-0.0462586768
0.25460000,-0.0277722199
0.25464000,-0.0124730831
0.25468000,-0.0134292794
0.25472000,-0.0242661666
0.25476000,-0.0366967134
0.25480000,-0.00514224684
0.25484000,0.00218858896
0.25488000,0.0127067454
0.25492000,0.00505717704
0.25496000,-0.00832956657
0.25500000,-0.001317463
0.25504000,-0.00227365899
0.25508000,0.0152566014
0.25512000,0.00665083714
0.25516000,0.0394802317
0.25520000,0.0350179859
0.25524000,0.0190813858
0.25528000,0.0194001179
0.25532000,0.0190813858
0.25536000,0.0302370042
0.25540000,0.0503171198
0.25544000,0.0216312408
0.25548000,0.0174877252
0.25552000,0.0439424813
0.25556000,0.0120692812
0.25560000,0.0276871491
0.25564000,-0.0115168868
0.25568000,-0.00769210281
0.25572000,-0.000361267012
0.25576000,0.0468110703
0.25580000,0.0213125087
0.25584000,0.00218858896
0.25588000,0.0139816729
0.25592000,0.0127067454
0.25596000,0.00027619701
0.25600000,0.00123239297
0.25604000,-0.0236287024
0.25608000,-0.0223537758
0.25612000,-0.0242661666
0.25616000,-0.0287284143
0.25620000,0.008881961
0.25624000,-0.00291112298
0.25628000,-0.0284096822
0.25632000,-0.0300033428
0.25636000,-0.000361267012
0.25640000,-0.0025923911
0.25644000,-0.0561393686
0.25648000,-0.0280909501
0.25652000,-0.0223537758
0.25656000,-0.0366967134
0.25660000,-0.0172540639
0.25664000,0.0216312408
0.25668000,-0.00227365899
0.25672000,-0.0198039189
0.25676000,0.00856322888
0.25680000,0.008881961
0.25684000,0.0111130849
0.25688000,0.00601337291
0.25692000,0.0127067454
0.25696000,0.0229061693
0.25700000,0.0130254766
0.25704000,0.00696956879
0.25708000,0.0248185601
0.25712000,0.0158940647
0.25716000,0.00601337291
0.25720000,0.0206750445
0.25724000,-0.0131105473
0.25728000,-0.0220350437
0.25732000,0.00537590915
0.25736000,-0.0223537758
0.25740000,-0.00864829868
0.25744000,0.0056946408
0.25748000,-0.0166165996
0.25752000,-0.0175727941
0.25756000,-0.0360592492
0.25760000,-0.00482351519
0.25764000,0.0248185601
0.25768000,0.0229061693
0.25772000,0.0203563124
0.25776000,0.0397989638
0.25780000,0.0598790795
0.25784000,0.0652975217
0.25788000,0.053823173
0.25792000,0.040436428
0.25796000,-0.00195492711
0.25800000,0.0372491106
0.25804000,0.0152566014
0.25808000,-0.000998731004
0.25812000,0.00824449677
0.25816000,0.0324681289
0.25820000,0.00633210503
0.25824000,-0.0140667427
0.25828000,-0.00673590694
0.25832000,-0.0475336015
0.25836000,-0.0312782712
0.25840000,-0.0150229391
0.25844000,0.00346351694
0.25848000,-0.0580517575
0.25852000,-0.0672949851
0.25856000,-0.0612390786
0.25860000,-0.041158963
0.25864000,-0.00896703079
0.25868000,0.0362929143
0.25872000,0.0321493968
0.25876000,0.00473844493
0.25880000,0.00378224906
0.25884000,-0.0118356189
0.25888000,-0.0376529098
0.25892000,0.00314478506
0.25896000,-0.0140667427
0.25900000,-0.0405214988
0.25904000,-0.0236287024
0.25908000,-0.0290471464
0.25912000,-0.0408402309
0.25916000,-0.00673590694
0.25920000,-0.0143854748
0.25924000,0.0286433455
0.25928000,0.0216312408
0.25932000,0.0560542978
0.25936000,0.0181251895
0.25940000,0.00378224906
0.25944000,0.0232249014
0.25948000,-0.00609844318
0.25952000,-0.0188477226
0.25956000,-0.0025923911
0.25960000,-0.0523145832
0.25964000,-0.0376529098
0.25968000,0.0200375803
0.25972000,-0.0115168868
0.25976000,0.0490421914
0.25980000,0.0735845566
0.25984000,-0.0159791354
0.25988000,-0.00291112298
0.25992000,-0.0290471464
0.25996000,-0.0453024805
0.26000000,-0.0268160235
0.26004000,-0.012154351
0.26008000,-0.00864829868
0.26012000,0.0589228868
0.26016000,0.0535044409
0.26020000,0.0286433455
0.26024000,0.0260934886
0.26028000,0.0206750445
0.26032000,-0.00514224684
0.26036000,0.0809153914
0.26040000,0.0793217346
0.26044000,0.0375678428
0.26048000,0.0576479584
0.26052000,0.0385240354
0.26056000,-0.00864829868
0.26060000,-0.00450478308
0.26064000,0.00983815733
0.26068000,-0.0153416712
0.26072000,-0.0449837483
0.26076000,-0.0376529098
0.26080000,-0.0392465703
0.26084000,-0.0366967134
0.26088000,-0.0765382126
0.26092000,-0.112873666
0.26096000,-0.0446650162
0.26100000,-0.0236287024
0.26104000,-0.0322344676
0.26108000,-0.000361267012
0.26112000,0.0490421914
0.26116000,0.0515920483
0.26120000,-0.0322344676
0.26124000,0.000594928977
0.26128000,0.0439424813
0.26132000,-0.0322344676
0.26136000,-0.030640807
0.26140000,0.090158619
0.26144000,0.011431817
0.26148000,0.0127067454
0.26152000,-0.00992322713
0.26156000,-0.00577971106
0.26160000,-0.0357405208
0.26164000,-0.0233099703
0.26168000,-0.0513583869
0.26172000,-0.0328719318
0.26176000,-0.00227365899
0.26180000,-0.0162978675
0.26184000,0.0216312408
0.26188000,-0.0274534877
0.26192000,-0.00641717482
0.26196000,-0.00291112298
0.26200000,0.0165315289
0.26204000,0.0111130849
0.26208000,0.0385240354
0.26212000,0.0254560243
0.26216000,0.0541419052
0.26220000,0.0570104942
0.26224000,0.0764531419
0.26228000,0.0557355657
0.26232000,0.0739032924
0.26236000,0.0260934886
0.26240000,0.0433050171
0.26244000,-0.0153416712
0.26248000,0.00665083714
0.26252000,0.0171689931
0.26256000,-0.0124730831
0.26260000,0.0439424813
0.26264000,0.0267309528
0.26268000,-0.0491272621
0.26272000,-0.0612390786
0.26276000,0.0136629408
0.26280000,-0.0118356189
0.26284000,-0.0360592492
0.26288000,0.0225874372
0.26292000,-0.0207601152
0.26296000,-0.0325531997
0.26300000,-0.00386731909
0.26304000,0.008881961
0.26308000,-0.0210788473
0.26312000,0.0343805216
0.26316000,0.00856322888
0.26320000,-0.0233099703
0.26324000,-0.00227365899
0.26328000,0.0541419052
0.26332000,0.00123239297
0.26336000,-0.0315970033
0.26340000,-0.0108794225
0.26344000,-0.0274534877
0.26348000,-0.0507209226
0.26352000,-0.0475336015
0.26356000,-0.00609844318
0.26360000,-0.0825941265
0.26364000,-0.0236287024
0.26368000,-0.0504021905
0.26372000,-0.051677119
0.26376000,-0.0430713557
0.26380000,0.00282605295
0.26384000,-0.00832956657
0.26388000,-0.0025923911
0.26392000,-0.033509396
0.26396000,0.0187626537
0.26400000,-0.0025923911
0.26404000,-0.00514224684
0.26408000,-0.00769210281
0.26412000,0.0308744684
0.26416000,0.00792576466
0.26420000,-0.00896703079
0.26424000,-0.000679999008
0.26428000,-0.0166165996
0.26432000,0.0369303785
0.26436000,0.027368417
0.26440000,0.0608352758
0.26444000,0.0535044409
0.26448000,0.0401176959
0.26452000,0.0407551602
0.26456000,0.0139816729
0.26460000,0.00314478506
0.26464000,-0.000361267012
0.26468000,0.00951942522
0.26472000,0.0311932005
0.26476000,0.0194001179
0.26480000,0.0270496849
0.26484000,0.0155753326
0.26488000,0.0270496849
0.26492000,-0.0242661666
0.26496000,-0.0319157355
0.26500000,-0.0555019043
0.26504000,-0.0111981547
0.26508000,-0.0370154455
0.26512000,-0.044027552
0.26516000,-0.0166165996
0.26520000,-0.051677119
0.26524000,-0.0162978675
0.26528000,-0.00928576291
0.26532000,-0.00801083539
0.26536000,-0.0351030566
0.26540000,-0.0213975795
0.26544000,-0.0370154455
0.26548000,-0.0194851868
0.26552000,0.0235436335
0.26556000,-0.0325531997
0.26560000,0.0270496849
0.26564000,0.0238623656
0.26568000,0.0289620776
0.26572000,0.0101568894
0.26576000,0.00250732107
0.26580000,-0.00322985509
0.26584000,-0.00737337116
0.26588000,0.00760703301
0.26592000,0.0311932005
0.26596000,0.00696956879
0.26600000,-0.00546097895
0.26604000,0.0327868611
0.26608000,0.00378224906
0.26612000,0.0283246133
0.26616000,-0.00227365899
0.26620000,-0.0446650162
0.26624000,0.0216312408
0.26628000,-0.000679999008
0.26632000,-0.00354858697
0.26636000,-0.0315970033
0.26640000,0.0149378693
0.26644000,0.0248185601
0.26648000,0.0337430574
0.26652000,0.040436428
0.26656000,0.00696956879
0.26660000,0.0621102042
0.26664000,0.0232249014
0.26668000,0.0257747564
0.26672000,-0.0258598272
0.26676000,-0.0131105473
0.26680000,-0.012154351
0.26684000,0.00218858896
0.26688000,-0.0379716419
0.26692000,0.0130254766
0.26696000,-0.0172540639
0.26700000,-0.0376529098
0.26704000,-0.0115168868
0.26708000,-0.0293658786
0.26712000,-0.00801083539
0.26716000,-0.0347843245
0.26720000,-0.00960449502
0.26724000,-0.0347843245
0.26728000,-0.0864189044
0.26732000,-0.0360592492
0.26736000,-0.0213975795
0.26740000,-0.0402027667
0.26744000,-0.0296846107
0.26748000,-0.0303220749
0.26752000,-0.091837354
0.26756000,-0.0242661666
0.26760000,-0.0271347556
0.26764000,-0.0303220749
0.26768000,-0.0625140071
0.26772000,-0.0118356189
0.26776000,-0.0456212126
0.26780000,0.0133442087
0.26784000,-0.0239474345
0.26788000,-0.0430713557
0.26792000,0.00250732107
0.26796000,-0.0255410951
0.26800000,-0.00482351519
0.26804000,-0.00322985509
0.26808000,-0.00896703079
0.26812000,0.0056946408
0.26816000,0.0127067454
0.26820000,-0.00450478308
0.26824000,0.011431817
0.26828000,0.0327868611
0.26832000,-0.0223537758
0.26836000,-0.0153416712
0.26840000,0.0257747564
0.26844000,-0.00960449502
0.26848000,0.00951942522
0.26852000,0.0346992537
0.26856000,-0.000361267012
0.26860000,-0.0156604033
0.26864000,0.0331055932
0.26868000,-0.001317463
0.26872000,-0.0271347556
0.26876000,-0.00514224684
0.26880000,0.0111130849
0.26884000,-0.00673590694
0.26888000,0.0133442087
0.26892000,0.0362929143
0.26896000,0.0171689931
0.26900000,0.0340617895
0.26904000,0.0621102042
0.26908000,0.0200375803
0.26912000,0.0209937766
0.26916000,0.0356554501
0.26920000,0.0229061693
0.26924000,0.0206750445
0.26928000,0.0346992537
0.26932000,0.0394802317
0.26936000,0.0181251895
0.26940000,0.045854874
0.26944000,0.0417113565
0.26948000,0.0340617895
0.26952000,0.0152566014
0.26956000,0.045854874
0.26960000,0.0158940647
0.26964000,-0.0204413831
0.26968000,0.008881961
0.26972000,0.00250732107
0.26976000,-0.0245848987
0.26980000,0.00123239297
0.26984000,-0.00864829868
0.26988000,-0.0217163116
0.26992000,-0.0236287024
0.26996000,-0.0172540639
0.27000000,-0.0242661666
0.27004000,-0.054545708
0.27008000,-0.0194851868
0.27012000,-0.000679999008
0.27016000,0.00378224906
0.27020000,0.00473844493
0.27024000,0.00760703301
0.27028000,-0.00322985509
0.27032000,-0.0414776951
0.27036000,-0.0159791354
0.27040000,-0.030640807
0.27044000,-0.0532707796
0.27048000,-0.0504021905
0.27052000,-0.0402027667
0.27056000,-0.0204413831
0.27060000,-0.0322344676
0.27064000,-0.0150229391
0.27068000,-0.0290471464
0.27072000,-0.0150229391
0.27076000,-0.0131105473
0.27080000,-0.00386731909
0.27084000,0.00218858896
0.27088000,-0.0115168868
0.27092000,-0.00673590694
0.27096000,0.0111130849
0.27100000,-0.000679999008
0.27104000,-0.00960449502
0.27108000,-0.00482351519
0.27112000,-0.00418605097
0.27116000,-0.000679999008
0.27120000,-0.0182102583
0.27124000,-0.0150229391
0.27128000,-0.000679999008
0.27132000,-0.0169353317
0.27136000,0.0123880133
0.27140000,0.0178064574
0.27144000,0.0260934886
0.27148000,-0.001317463
0.27152000,0.0229061693
0.27156000,0.0321493968
0.27160000,-0.001317463
0.27164000,-0.00418605097
0.27168000,-0.0166165996
0.27172000,-0.0236287024
0.27176000,0.00218858896
0.27180000,-0.00737337116
0.27184000,-0.0711197704
0.27188000,-0.0261785593
0.27192000,-0.0175727941
0.27196000,-0.0172540639
0.27200000,-0.0153416712
0.27204000,-0.0242661666
0.27208000,-0.0402027667
0.27212000,-0.0370154455
0.27216000,0.0111130849
0.27220000,0.0203563124
0.27224000,0.00186985696
0.27228000,-4.25350008e-05
0.27232000,-0.0140667427
0.27236000,-0.0574142933
0.27240000,-0.0456212126
0.27244000,-0.0268160235
0.27248000,-0.0153416712
0.27252000,-0.0210788473
0.27256000,-0.0150229391
0.27260000,-0.0175727941
0.27264000,-0.00322985509
0.27268000,0.0244998299
0.27272000,0.0311932005
0.27276000,0.0334243253
0.27280000,0.0318306647
0.27284000,0.0484047309
0.27288000,0.0703972355
0.27292000,0.0426675528
0.27296000,0.0448986776
0.27300000,0.0487234592
0.27304000,0.0292808097
0.27308000,-0.00641717482
0.27312000,-0.0172540639
0.27316000,-0.0194851868
0.27320000,-0.0191664547
0.27324000,-0.0421151593
0.27328000,-0.0245848987
0.27332000,-0.0433900878
0.27336000,0.0136629408
0.27340000,0.00314478506
0.27344000,-0.0386091061
0.27348000,0.0104756206
0.27352000,0.0260934886
0.27356000,0.0111130849
0.27360000,-0.00418605097
0.27364000,0.0130254766
0.27368000,-0.00705463905
0.27372000,0.0117505491
0.27376000,-0.0398840345
0.27380000,0.00633210503
0.27384000,0.00186985696
0.27388000,0.0133442087
0.27392000,0.0111130849
0.27396000,0.0194001179
0.27400000,-0.00769210281
0.27404000,0.0123880133
0.27408000,0.00920069311
0.27412000,-0.00832956657
0.27416000,0.0222687051
0.27420000,0.0222687051
0.27424000,0.0184439216
0.27428000,-0.0242661666
0.27432000,-0.0255410951
0.27436000,-0.0217163116
0.27440000,-0.0236287024
0.27444000,-0.0424338914
0.27448000,-0.0354217887
0.27452000,-0.0494459942
0.27456000,-0.0344655924
0.27460000,-0.0370154455
0.27464000,-0.051677119
0.27468000,-0.0510396548
0.27472000,-0.0360592492
0.27476000,-0.0143854748
0.27480000,-0.0198039189
0.27484000,0.0187626537
0.27488000,0.0232249014
0.27492000,0.0362929143
0.27496000,0.0280058812
0.27500000,0.0305557363
0.27504000,0.0171689931
0.27508000,0.0327868611
0.27512000,0.0238623656
0.27516000,0.00920069311
0.27520000,0.011431817
0.27524000,0.0130254766
0.27528000,0.0146191372
0.27532000,0.00951942522
0.27536000,0.0181251895
0.27540000,0.0146191372
0.27544000,0.00346351694
0.27548000,0.000594928977
0.27552000,-0.00354858697
0.27556000,0.0127067454
0.27560000,-0.000679999008
0.27564000,-0.00609844318
0.27568000,-0.012154351
0.27572000,-0.0213975795
0.27576000,-0.00960449502
0.27580000,-0.0166165996
0.27584000,-0.0242661666
0.27588000,-0.00577971106
0.27592000,-0.041158963
0.27596000,-0.0127918152
0.27600000,-0.00227365899
0.27604000,-0.00514224684
0.27608000,-0.0296846107
0.27612000,-0.0159791354
0.27616000,0.011431817
0.27620000,-0.00418605097
0.27624000,-0.00673590694
0.27628000,0.0133442087
0.27632000,0.0308744684
0.27636000,-0.000679999008
0.27640000,-0.00737337116
0.27644000,-0.0242661666
0.27648000,-0.001317463
0.27652000,-0.0217163116
0.27656000,-0.0341468602
0.27660000,-0.0414776951
0.27664000,-0.0357405208
0.27668000,-0.0370154455
0.27672000,-0.0449837483
0.27676000,-0.0395653024
0.27680000,-0.030640807
0.27684000,-0.0328719318
0.27688000,-0.0312782712
0.27692000,-0.0108794225
0.27696000,-0.00546097895
0.27700000,-0.00418605097
0.27704000,0.00378224906
0.27708000,-0.0229912382
0.27712000,-0.0102419592
0.27716000,0.0127067454
0.27720000,0.0072883009
0.27724000,0.0111130849
0.27728000,0.00537590915
0.27732000,-0.0150229391
0.27736000,-0.033509396
0.27740000,0.0171689931
0.27744000,0.00250732107
0.27748000,0.0136629408
0.27752000,-0.0166165996
0.27756000,0.00920069311
0.27760000,0.000913660973
0.27764000,-0.0124730831
0.27768000,0.0056946408
0.27772000,-0.0319157355
0.27776000,-0.0153416712
0.27780000,-0.0210788473
0.27784000,0.00250732107
0.27788000,-0.0296846107
0.27792000,-0.00992322713
0.27796000,0.0101568894
0.27800000,0.0254560243
0.27804000,0.0206750445
0.27808000,0.0178064574
0.27812000,0.0327868611
0.27816000,-0.00514224684
0.27820000,-0.000679999008
0.27824000,0.0324681289
0.27828000,0.0499983877
0.27832000,0.0197188482
0.27836000,0.0315119326
0.27840000,0.0324681289
0.27844000,0.0535044409
0.27848000,0.0362929143
0.27852000,0.0190813858
0.27856000,0.0206750445
0.27860000,0.00633210503
0.27864000,0.0165315289
0.27868000,-4.25350008e-05
0.27872000,0.00760703301
0.27876000,-0.0143854748
0.27880000,0.0190813858
0.27884000,0.00951942522
0.27888000,-0.001317463
0.27892000,-0.0331906639
0.27896000,-0.0284096822
0.27900000,0.00218858896
0.27904000,-0.0156604033
0.27908000,-0.0236287024
0.27912000,-0.0293658786
0.27916000,-0.0376529098
0.27920000,-0.0542269759
0.27924000,-0.0373341776
0.27928000,-0.0558206365
0.27932000,-0.0478523336
0.27936000,-0.00291112298
0.27940000,-0.0341468602
0.27944000,-0.0370154455
0.27948000,-0.0437088199
0.27952000,-0.0124730831
0.27956000,-0.0194851868
0.27960000,-0.0194851868
0.27964000,-0.0162978675
0.27968000,0.0216312408
0.27972000,0.00314478506
0.27976000,0.0318306647
0.27980000,0.00505717704
0.27984000,0.0321493968
0.27988000,0.0158940647
0.27992000,0.0184439216
0.27996000,-0.00450478308
0.28000000,0.0299182739
0.28004000,0.0286433455
0.28008000,0.0535044409
0.28012000,0.0200375803
0.28016000,0.0267309528
0.28020000,0.0413926244
0.28024000,0.0586041547
0.28028000,0.0391614996
0.28032000,-0.00769210281
0.28036000,-0.00801083539
0.28040000,0.000913660973
0.28044000,0.0197188482
0.28048000,-0.00450478308
0.28052000,-0.0395653024
0.28056000,-0.0331906639
0.28060000,-0.0185289904
0.28064000,-0.0249036308
0.28068000,-0.0242661666
0.28072000,-0.0153416712
0.28076000,-0.00832956657
0.28080000,-0.00450478308
0.28084000,-0.000361267012
0.28088000,-0.0363779813
0.28092000,-0.0583704896
0.28096000,-0.0672949851
0.28100000,-0.0376529098
0.28104000,-0.0277722199
0.28108000,-0.0223537758
0.28112000,-0.0162978675
0.28116000,-0.00577971106
0.28120000,-0.0284096822
0.28124000,-0.0274534877
0.28128000,-0.00737337116
0.28132000,0.00410098117
0.28136000,0.008881961
0.28140000,-0.0025923911
0.28144000,0.0276871491
0.28148000,0.0197188482
0.28152000,0.00378224906
0.28156000,0.0305557363
0.28160000,0.0292808097
0.28164000,0.0229061693
0.28168000,0.0235436335
0.28172000,0.0056946408
0.28176000,-0.0255410951
0.28180000,0.0299182739
0.28184000,-0.020122651
0.28188000,0.011431817
0.28192000,0.00951942522
0.28196000,-0.0172540639
0.28200000,-4.25350008e-05
0.28204000,0.0235436335
0.28208000,0.0327868611
0.28212000,-4.25350008e-05
0.28216000,0.027368417
0.28220000,0.0417113565
0.28224000,0.0420300886
0.28228000,0.0280058812
0.28232000,0.035336718
0.28236000,0.0289620776
0.28240000,0.0225874372
0.28244000,0.0171689931
0.28248000,0.0254560243
0.28252000,0.0136629408
0.28256000,0.0216312408
0.28260000,0.0570104942
0.28264000,0.0194001179
0.28268000,-0.0143854748
0.28272000,0.0251372922
0.28276000,0.0190813858
0.28280000,-0.00227365899
0.28284000,0.0213125087
0.28288000,0.0484047309
0.28292000,0.0190813858
0.28296000,0.0356554501
0.28300000,0.0120692812
0.28304000,-0.0366967134
0.28308000,0.0158940647
0.28312000,-0.0185289904
0.28316000,-0.122116894
0.28320000,0.00760703301
0.28324000,-0.00514224684
0.28328000,-0.00386731909
0.28332000,0.0187626537
0.28336000,-0.0481710657
0.28340000,-0.0663387924
0.28344000,-0.0194851868
0.28348000,-0.0625140071
0.28352000,-0.0220350437
0.28356000,-0.0150229391
0.28360000,0.00856322888
0.28364000,-0.0261785593
0.28368000,-0.0290471464
0.28372000,-0.070801042
0.28376000,0.0264122207
0.28380000,-0.001636195
0.28384000,-0.0287284143
0.28388000,0.0445799455
0.28392000,0.00218858896
0.28396000,-0.00960449502
0.28400000,0.016850261
0.28404000,-0.0105606914
0.28408000,0.00983815733
0.28412000,0.0637038648
0.28416000,0.0448986776
0.28420000,0.0334243253
0.28424000,0.0471298024
0.28428000,0.0292808097
0.28432000,0.050954584
0.28436000,0.0343805216
0.28440000,0.00760703301
0.28444000,-0.000679999008
0.28448000,0.00633210503
0.28452000,-0.00641717482
0.28456000,0.0251372922
0.28460000,-0.0271347556
0.28464000,0.0171689931
0.28468000,-0.0140667427
0.28472000,-0.00577971106
0.28476000,-0.00227365899
0.28480000,0.0139816729
0.28484000,0.00665083714
0.28488000,0.0582854226
0.28492000,0.0372491106
0.28496000,-0.00928576291
0.28500000,0.00505717704
0.28504000,-0.0293658786
0.28508000,-0.0156604033
0.28512000,-0.00322985509
0.28516000,-0.0421151593
0.28520000,-0.0679324493
0.28524000,-0.00960449502
0.28528000,-0.0280909501
0.28532000,-0.115104787
0.28536000,-0.0491272621
0.28540000,-0.0717572346
0.28544000,-0.086100176
0.28548000,-0.0682511851
0.28552000,-0.0392465703
0.28556000,-0.102674238
0.28560000,0.00951942522
0.28564000,-0.0500834584
0.28568000,-0.0268160235
0.28572000,-0.00801083539
0.28576000,0.0340617895
0.28580000,0.0487234592
0.28584000,0.0194001179
0.28588000,0.00824449677
0.28592000,0.0289620776
0.28596000,0.0550981015
0.28600000,-0.0162978675
0.28604000,0.0592416152
0.28608000,0.0369303785
0.28612000,-0.0025923911
0.28616000,0.00314478506
0.28620000,0.0397989638
0.28624000,0.0194001179
0.28628000,0.0356554501
0.28632000,0.0184439216
0.28636000,-0.0172540639
0.28640000,-0.00896703079
0.28644000,-0.065063864
0.28648000,-0.0612390786
0.28652000,-0.0586892217
0.28656000,-0.0526333153
0.28660000,-0.0414776951
0.28664000,0.00792576466
0.28668000,-0.0319157355
0.28672000,-0.0395653024
0.28676000,-0.051677119
0.28680000,-0.0223537758
0.28684000,-0.00992322713
0.28688000,-0.0194851868
0.28692000,0.0101568894
0.28696000,-0.012154351
0.28700000,-0.00450478308
0.28704000,0.0410738923
0.28708000,-0.0140667427
0.28712000,-0.00195492711
0.28716000,0.0563730299
0.28720000,0.0452174097
0.28724000,0.0480859987
0.28728000,0.00186985696
0.28732000,0.0350179859
0.28736000,0.0452174097
0.28740000,0.0190813858
0.28744000,0.0315119326
0.28748000,-0.00801083539
0.28752000,-0.0025923911
0.28756000,0.00218858896
0.28760000,0.0206750445
0.28764000,-0.0242661666
0.28768000,-0.0191664547
0.28772000,-0.0389278382
0.28776000,-0.0271347556
0.28780000,-0.00928576291
0.28784000,-0.0185289904
0.28788000,-0.0277722199
0.28792000,-0.00418605097
0.28796000,0.00186985696
0.28800000,-0.0217163116
0.28804000,-0.0175727941
0.28808000,0.00155112497
0.28812000,-0.001317463
0.28816000,-0.0025923911
0.28820000,-0.00386731909
0.28824000,-0.0131105473
0.28828000,-0.001636195
0.28832000,0.0190813858
0.28836000,0.0209937766
0.28840000,0.0130254766
0.28844000,-0.00801083539
0.28848000,-0.0249036308
0.28852000,-0.0421151593
0.28856000,-0.0532707796
0.28860000,-0.0590079539
0.28864000,-0.0526333153
0.28868000,-0.0207601152
0.28872000,-0.000998731004
0.28876000,-0.0277722199
0.28880000,-0.0245848987
0.28884000,-0.00832956657
0.28888000,-0.0111981547
0.28892000,-0.0293658786
0.28896000,-0.0363779813
0.28900000,-0.012154351
0.28904000,-0.0105606914
0.28908000,-0.00737337116
0.28912000,-0.0108794225
0.28916000,-0.0328719318
0.28920000,-0.0459399447
0.28924000,0.000913660973
0.28928000,-0.000361267012
0.28932000,-0.0284096822
0.28936000,0.00856322888
0.28940000,0.00633210503
0.28944000,-0.0280909501
0.28948000,-0.0389278382
0.28952000,-0.0127918152
0.28956000,0.0072883009
0.28960000,0.0158940647
0.28964000,-0.0137480106
0.28968000,0.0232249014
0.28972000,-0.0143854748
0.28976000,-0.0134292794
0.28980000,-0.030640807
0.28984000,-0.0507209226
0.28988000,-0.0417964272
0.28992000,-0.020122651
0.28996000,0.0184439216
0.29000000,-0.0293658786
0.29004000,-0.0185289904
0.29008000,0.00378224906
0.29012000,-0.0220350437
0.29016000,0.0146191372
0.29020000,-0.0207601152
0.29024000,-0.00896703079
0.29028000,0.0072883009
0.29032000,0.0359741822
0.29036000,0.0130254766
0.29040000,0.0283246133
0.29044000,0.0302370042
0.29048000,0.0672099143
0.29052000,0.0770906061
0.29056000,0.0388427675
0.29060000,0.0774093419
0.29064000,0.0522295125
0.29068000,0.0171689931
0.29072000,0.0200375803
0.29076000,0.0130254766
0.29080000,0.0550981015
0.29084000,0.0194001179
0.29088000,-0.00482351519
0.29092000,-0.020122651
0.29096000,0.0123880133
0.29100000,0.0340617895
0.29104000,-0.00641717482
0.29108000,-0.0172540639
0.29112000,-0.00227365899
0.29116000,0.053823173
0.29120000,-0.00514224684
0.29124000,-0.0427526236
0.29128000,0.0337430574
0.29132000,-0.00514224684
0.29136000,-0.0115168868
0.29140000,-0.0025923911
0.29144000,-0.00928576291
0.29148000,-0.0491272621
0.29152000,-0.0229912382
0.29156000,-0.0395653024
0.29160000,-0.0357405208
0.29164000,-0.04880853
0.29168000,-0.00928576291
0.29172000,0.00123239297
0.29176000,-0.0255410951
0.29180000,-0.0386091061
0.29184000,-0.0153416712
0.29188000,-0.00801083539
0.29192000,-0.0421151593
0.29196000,-0.0185289904
0.29200000,0.0127067454
0.29204000,-0.0258598272
0.29208000,-0.020122651
0.29212000,-0.0153416712
0.29216000,0.00665083714
0.29220000,-0.0319157355
0.29224000,-0.000361267012
0.29228000,0.0213125087
0.29232000,0.00920069311
0.29236000,0.014300405
0.29240000,0.00027619701
0.29244000,0.0194001179
0.29248000,0.0209937766
0.29252000,0.00282605295
0.29256000,0.0254560243
0.29260000,0.0222687051
0.29264000,0.0072883009
0.29268000,-0.00641717482
0.29272000,0.008881961
0.29276000,-0.0127918152
0.29280000,0.0209937766
0.29284000,-0.00832956657
0.29288000,0.0139816729
0.29292000,0.0327868611
0.29296000,0.0152566014
0.29300000,0.0127067454
0.29304000,0.00505717704
0.29308000,0.021949973
0.29312000,-0.0220350437
0.29316000,0.00027619701
0.29320000,-0.012154351
0.29324000,-0.0236287024
0.29328000,-0.0198039189
0.29332000,0.00505717704
0.29336000,-0.00673590694
0.29340000,-0.0347843245
0.29344000,-0.0223537758
0.29348000,-0.0178915262
0.29352000,0.00314478506
0.29356000,-0.00418605097
0.29360000,-0.0025923911
0.29364000,0.0155753326
0.29368000,0.00218858896
0.29372000,-0.0140667427
0.29376000,-0.001317463
0.29380000,-0.000998731004
0.29384000,-0.0204413831
0.29388000,0.0292808097
0.29392000,-0.00546097895
0.29396000,0.0127067454
0.29400000,0.00186985696
0.29404000,-4.25350008e-05
0.29408000,-0.0271347556
0.29412000,-0.0175727941
0.29416000,-0.0166165996
0.29420000,-0.0156604033
0.29424000,-0.00832956657
0.29428000,-0.0268160235
0.29432000,-0.0287284143
0.29436000,-0.0280909501
0.29440000,-0.0236287024
0.29444000,-0.000679999008
0.29448000,-0.0172540639
0.29452000,-0.0191664547
0.29456000,-0.00291112298
0.29460000,0.0155753326
0.29464000,0.00346351694
0.29468000,0.0178064574
0.29472000,0.00441971282
0.29476000,0.00123239297
0.29480000,0.0248185601
0.29484000,0.0117505491
0.29488000,-0.00386731909
0.29492000,0.00792576466
0.29496000,0.0184439216
0.29500000,0.0515920483
0.29504000,0.0382053033
0.29508000,0.0375678428
0.29512000,0.0241810977
0.29516000,0.0289620776
0.29520000,-0.0159791354
0.29524000,-0.000998731004
0.29528000,-0.0261785593
0.29532000,-0.000361267012
0.29536000,-0.00195492711
0.29540000,-0.0319157355
0.29544000,-0.0580517575
0.29548000,-0.0363779813
0.29552000,-0.0319157355
0.29556000,-0.0446650162
0.29560000,-0.0494459942
0.29564000,-0.0484897979
0.29568000,-0.0433900878
0.29572000,-0.0360592492
0.29576000,-0.0143854748
0.29580000,-0.0736696273
0.29584000,-0.0459399447
0.29588000,-0.00641717482
0.29592000,-0.0198039189
0.29596000,-0.0405214988
0.29600000,0.00027619701
0.29604000,0.0327868611
0.29608000,-0.0236287024
0.29612000,0.0535044409
0.29616000,0.0503171198
0.29620000,0.0471298024
0.29624000,0.0251372922
0.29628000,0.050954584
0.29632000,0.0295995418
0.29636000,0.0366116464
0.29640000,0.0818715915
0.29644000,0.0222687051
0.29648000,0.0480859987
0.29652000,0.0162127968
0.29656000,0.0289620776
0.29660000,0.0197188482
0.29664000,0.0308744684
0.29668000,0.0197188482
0.29672000,0.0190813858
0.29676000,0.00410098117
0.29680000,0.0104756206
0.29684000,0.00378224906
0.29688000,-0.0357405208
0.29692000,-0.0185289904
0.29696000,0.0056946408
0.29700000,-0.0290471464
0.29704000,-0.0274534877
0.29708000,-0.00609844318
0.29712000,-0.0233099703
0.29716000,-0.0319157355
0.29720000,-0.0296846107
0.29724000,-0.0277722199
0.29728000,-0.0484897979
0.29732000,-0.0453024805
0.29736000,-0.0239474345
0.29740000,-0.041158963
0.29744000,-0.0558206365
0.29748000,-0.0370154455
0.29752000,-0.0494459942
0.29756000,-0.0529520474
0.29760000,-0.0481710657
0.29764000,-0.0570955612
0.29768000,-0.0373341776
0.29772000,-0.0567768328
0.29776000,-0.0736696273
0.29780000,-0.0293658786
0.29784000,-0.0663387924
0.29788000,0.0385240354
0.29792000,-0.0134292794
0.29796000,0.00951942522
0.29800000,-0.0255410951
0.29804000,-0.0609203465
0.29808000,-0.0596454181
0.29812000,-0.0245848987
0.29816000,0.0222687051
0.29820000,-0.000679999008
0.29824000,0.0710346997
0.29828000,0.0426675528
0.29832000,0.0605165437
0.29836000,0.050954584
0.29840000,0.0668911859
0.29844000,0.0445799455
0.29848000,0.0876087621
0.29852000,0.0745407566
0.29856000,0.0426675528
0.29860000,0.0649787933
0.29864000,0.0133442087
0.29868000,0.0232249014
0.29872000,-0.00482351519
0.29876000,0.00983815733
0.29880000,-0.0261785593
0.29884000,0.00123239297
0.29888000,-0.0258598272
0.29892000,-0.0370154455
0.29896000,-0.0351030566
0.29900000,-0.0481710657
0.29904000,-0.0293658786
0.29908000,-0.0290471464
0.29912000,-0.0405214988
0.29916000,-0.0398840345
0.29920000,-0.0303220749
0.29924000,-0.0102419592
0.29928000,-0.00291112298
0.29932000,0.0152566014
0.29936000,0.0130254766
0.29940000,0.00314478506
0.29944000,0.0123880133
0.29948000,0.0235436335
0.29952000,-0.00418605097
0.29956000,-0.00896703079
0.29960000,-0.00322985509
0.29964000,0.00951942522
0.29968000,0.011431817
0.29972000,0.0056946408
0.29976000,0.00346351694
0.29980000,-0.0191664547
0.29984000,-0.0271347556
0.29988000,-0.0204413831
0.29992000,-0.00450478308
0.29996000,0.00282605295
0.30000000,-0.00960449502
0.30004000,0.0244998299
0.30008000,0.0327868611
0.30012000,0.00633210503
0.30016000,0.0149378693
0.30020000,-0.00737337116
0.30024000,0.0162127968
0.30028000,0.0270496849
0.30032000,0.0292808097
0.30036000,0.0194001179
0.30040000,0.0184439216
0.30044000,0.0123880133
0.30048000,0.00155112497
0.30052000,0.00633210503
0.30056000,0.0334243253
0.30060000,0.0184439216
0.30064000,0.00314478506
0.30068000,-0.0220350437
0.30072000,-0.00737337116
0.30076000,0.0162127968
0.30080000,0.00123239297
0.30084000,-0.020122651
0.30088000,0.0264122207
0.30092000,0.0413926244
0.30096000,0.0152566014
0.30100000,-0.00195492711
0.30104000,-0.00418605097
0.30108000,-0.000361267012
0.30112000,-0.00482351519
0.30116000,0.0382053033
0.30120000,0.0340617895
0.30124000,0.00601337291
0.30128000,0.0350179859
0.30132000,0.0181251895
0.30136000,0.00346351694
0.30140000,-0.0025923911
0.30144000,0.00155112497
0.30148000,0.0251372922
0.30152000,0.0206750445
0.30156000,-0.0220350437
0.30160000,-0.0210788473
0.30164000,-0.0567768328
0.30168000,-0.0354217887
0.30172000,-0.0242661666
0.30176000,-0.0223537758
0.30180000,-0.00514224684
0.30184000,-0.00291112298
0.30188000,-0.0175727941
0.30192000,-0.0586892217
0.30196000,-0.0271347556
0.30200000,-0.0366967134
0.30204000,-4.25350008e-05
0.30208000,0.0203563124
0.30212000,0.0206750445
0.30216000,0.0340617895
0.30220000,0.0299182739
0.30224000,0.0190813858
0.30228000,-0.00322985509
0.30232000,0.0241810977
0.30236000,0.0283246133
0.30240000,-0.000679999008
0.30244000,0.0359741822
0.30248000,0.0611540079
0.30252000,0.0200375803
0.30256000,0.0178064574
0.30260000,0.0244998299
0.30264000,0.00123239297
0.30268000,0.00537590915
0.30272000,0.0324681289
0.30276000,0.00123239297
0.30280000,0.0184439216
0.30284000,0.00027619701
0.30288000,-0.00896703079
0.30292000,-0.00386731909
0.30296000,0.0286433455
0.30300000,0.0232249014
0.30304000,0.0442612134
0.30308000,0.0515920483
0.30312000,0.0343805216
0.30316000,0.0627476722
0.30320000,0.0605165437
0.30324000,0.0455361418
0.30328000,0.0184439216
0.30332000,0.016850261
0.30336000,0.00537590915
0.30340000,-0.00418605097
0.30344000,0.0209937766
0.30348000,0.0229061693
0.30352000,0.00760703301
0.30356000,-0.0185289904
0.30360000,-0.0395653024
0.30364000,-0.0421151593
0.30368000,-0.0459399447
0.30372000,-0.0500834584
0.30376000,-0.0280909501
0.30380000,-0.0459399447
0.30384000,-0.0797255337
0.30388000,-0.0555019043
0.30392000,-0.0491272621
0.30396000,-0.0561393686
0.30400000,-0.0459399447
0.30404000,-0.0331906639
0.30408000,-0.0210788473
0.30412000,-0.00960449502
0.30416000,0.00282605295
0.30420000,0.0327868611
0.30424000,0.0190813858
0.30428000,0.0286433455
0.30432000,0.0152566014
0.30436000,0.00410098117
0.30440000,-4.25350008e-05
0.30444000,0.0315119326
0.30448000,0.0283246133
0.30452000,0.0270496849
0.30456000,0.00760703301
0.30460000,-0.0504021905
0.30464000,-0.0338281281
0.30468000,-0.000361267012
0.30472000,0.00123239297
0.30476000,-0.00482351519
0.30480000,0.00505717704
0.30484000,0.0194001179
0.30488000,-0.00928576291
0.30492000,0.0178064574
0.30496000,0.0366116464
0.30500000,0.0270496849
0.30504000,0.0372491106
0.30508000,0.0586041547
0.30512000,0.0324681289
0.30516000,0.0630664006
0.30520000,0.0133442087
0.30524000,0.0136629408
0.30528000,0.0229061693
0.30532000,0.0149378693
0.30536000,-0.00896703079
0.30540000,-0.033509396
0.30544000,-0.0551831722
0.30548000,-0.054545708
0.30552000,-0.0169353317
0.30556000,-0.059326686
0.30560000,-0.0198039189
0.30564000,0.0056946408
0.30568000,0.0197188482
0.30572000,-0.0140667427
0.30576000,-0.00769210281
0.30580000,-0.00482351519
0.30584000,-0.0172540639
0.30588000,-0.00386731909
0.30592000,-0.0867376402
0.30596000,0.00410098117
0.30600000,0.00983815733
0.30604000,-0.0908811539
0.30608000,-0.04880853
0.30612000,-0.0328719318
0.30616000,-0.107773952
0.30620000,-0.104586631
0.30624000,-0.0140667427
0.30628000,-0.0421151593
0.30632000,-0.0150229391
0.30636000,-0.000679999008
0.30640000,0.0267309528
0.30644000,-0.0347843245
0.30648000,-0.00482351519
0.30652000,-0.0558206365
0.30656000,-0.044027552
0.30660000,-0.059326686
0.30664000,-0.0172540639
0.30668000,0.0111130849
0.30672000,0.0531857088
0.30676000,0.0155753326
0.30680000,0.0433050171
0.30684000,0.0209937766
0.30688000,0.0579666905
0.30692000,0.0372491106
0.30696000,0.0257747564
0.30700000,0.0882462263
0.30704000,0.0802779272
0.30708000,0.0401176959
0.30712000,0.0206750445
0.30716000,0.0694410428
0.30720000,0.0264122207
0.30724000,0.0382053033
0.30728000,0.0213125087
0.30732000,0.0417113565
0.30736000,0.0487234592
0.30740000,-0.0169353317
0.30744000,0.0522295125
0.30748000,0.00920069311
0.30752000,-0.0341468602
0.30756000,-0.0398840345
0.30760000,0.0206750445
0.30764000,0.00410098117
0.30768000,0.0423488207
0.30772000,-0.00928576291
0.30776000,-0.0300033428
0.30780000,-0.0280909501
0.30784000,-0.0229912382
0.30788000,-0.0653825924
0.30792000,-0.0322344676
0.30796000,-0.0615578108
0.30800000,-0.0532707796
0.30804000,-0.0376529098
0.30808000,-0.115423515
0.30812000,-0.0822753906
0.30816000,-0.0395653024
0.30820000,-0.0261785593
0.30824000,-0.0134292794
0.30828000,-0.0194851868
0.30832000,-0.0166165996
0.30836000,-0.00354858697
0.30840000,0.0254560243
0.30844000,-0.00928576291
0.30848000,0.06147274
0.30852000,0.0385240354
0.30856000,-0.00673590694
0.30860000,0.00537590915
0.30864000,-0.0453024805
0.30868000,-0.0156604033
0.30872000,-0.0408402309
0.30876000,-0.0398840345
0.30880000,-0.0905624256
0.30884000,-0.0210788473
0.30888000,-0.0312782712
0.30892000,-0.0481710657
0.30896000,-0.0449837483
0.30900000,-0.0159791354
0.30904000,0.0146191372
0.30908000,0.0229061693
0.30912000,0.0289620776
0.30916000,0.0267309528
0.30920000,0.0531857088
0.30924000,0.0710346997
0.30928000,0.0595603473
0.30932000,0.06147274
0.30936000,0.072628364
0.30940000,0.050954584
0.30944000,0.0605165437
0.30948000,0.0713534355
0.30952000,0.0385240354
0.30956000,0.0471298024
0.30960000,0.0305557363
0.30964000,-0.0172540639
0.30968000,0.00696956879
0.30972000,0.0455361418
0.30976000,-0.0143854748
0.30980000,-0.0676137209
0.30984000,-0.0287284143
0.30988000,-0.0194851868
0.30992000,-0.0532707796
0.30996000,-0.0226725079
0.31000000,-0.0590079539
0.31004000,-0.0727134347
0.31008000,-0.0341468602
0.31012000,-0.0347843245
0.31016000,-0.059326686
0.31020000,-0.0398840345
0.31024000,-0.0131105473
0.31028000,-0.0264972914
0.31032000,-0.0555019043
0.31036000,-0.0392465703
0.31040000,-0.0182102583
0.31044000,-0.0115168868
0.31048000,-0.00322985509
0.31052000,-0.0124730831
0.31056000,-0.0255410951
0.31060000,-0.0344655924
0.31064000,-0.00928576291
0.31068000,-0.0331906639
0.31072000,-0.0191664547
0.31076000,0.016850261
0.31080000,0.00027619701
0.31084000,-0.00354858697
0.31088000,-4.25350008e-05
0.31092000,-0.00960449502
0.31096000,0.0216312408
0.31100000,0.0452174097
0.31104000,0.0146191372
0.31108000,0.035336718
0.31112000,0.0397989638
0.31116000,0.0346992537
0.31120000,0.0809153914
0.31124000,0.035336718
0.31128000,-0.00514224684
0.31132000,0.00601337291
0.31136000,0.0382053033
0.31140000,-0.0322344676
0.31144000,0.00920069311
0.31148000,0.0190813858
0.31152000,0.0171689931
0.31156000,-0.0102419592
0.31160000,-0.00705463905
0.31164000,0.0146191372
0.31168000,-0.0363779813
0.31172000,-0.0290471464
0.31176000,-0.0239474345
0.31180000,0.0162127968
0.31184000,-0.0111981547
0.31188000,0.00665083714
0.31192000,0.0130254766
0.31196000,-0.00322985509
0.31200000,-0.0274534877
0.31204000,-0.0303220749
0.31208000,-0.0328719318
0.31212000,-0.0284096822
0.31216000,-0.0102419592
0.31220000,-0.051677119
0.31224000,-0.0363779813
0.31228000,-0.0115168868
0.31232000,-0.0319157355
0.31236000,-0.041158963
0.31240000,-0.0204413831
0.31244000,-0.0322344676
0.31248000,-0.0494459942
0.31252000,-0.0564581007
0.31256000,-0.000361267012
0.31260000,-0.0233099703
0.31264000,-0.0341468602
0.31268000,-0.0105606914
0.31272000,-0.00514224684
0.31276000,0.0152566014
0.31280000,0.0311932005
0.31284000,0.0490421914
0.31288000,0.0123880133
0.31292000,0.0382053033
0.31296000,0.0104756206
0.31300000,0.0375678428
0.31304000,0.00824449677
0.31308000,0.0522295125
0.31312000,0.0264122207
0.31316000,0.0280058812
0.31320000,0.0251372922
0.31324000,0.0487234592
0.31328000,0.0260934886
0.31332000,0.0280058812
0.31336000,0.00378224906
0.31340000,-0.0156604033
0.31344000,-0.0366967134
0.31348000,-0.0421151593
0.31352000,-0.0606016144
0.31356000,-0.0867376402
0.31360000,-0.0822753906
0.31364000,-0.0637889355
0.31368000,-0.0484897979
0.31372000,-0.0752632841
0.31376000,-0.051677119
0.31380000,-0.00737337116
0.31384000,-0.0529520474
0.31388000,-0.0296846107
0.31392000,-0.0351030566
0.31396000,-0.025222363
0.31400000,-0.0293658786
0.31404000,-0.0188477226
0.31408000,-0.0233099703
0.31412000,0.00218858896
0.31416000,0.0139816729
0.31420000,-0.0236287024
0.31424000,-0.0360592492
0.31428000,-0.07558202
0.31432000,-0.0586892217
0.31436000,-0.101718046
0.31440000,-0.0446650162
0.31444000,-0.0433900878
0.31448000,-0.0303220749
0.31452000,-0.0529520474
0.31456000,-0.0360592492
0.31460000,-0.0341468602
0.31464000,-0.0555019043
0.31468000,-0.00514224684
0.31472000,-0.0277722199
0.31476000,-0.0287284143
0.31480000,-0.030640807
0.31484000,-0.0169353317
0.31488000,-0.00832956657
0.31492000,-0.0124730831
0.31496000,0.0130254766
0.31500000,0.00378224906
0.31504000,-0.001317463
0.31508000,-0.0143854748
0.31512000,0.0378865711
0.31516000,0.0190813858
0.31520000,-0.00960449502
0.31524000,-0.0162978675
0.31528000,0.00792576466
0.31532000,0.00441971282
0.31536000,-0.0185289904
0.31540000,-0.0421151593
0.31544000,-0.00609844318
0.31548000,-0.00386731909
0.31552000,-0.000998731004
0.31556000,0.008881961
0.31560000,-0.00641717482
0.31564000,-0.00354858697
0.31568000,0.0203563124
0.31572000,0.0171689931
0.31576000,0.0292808097
0.31580000,0.0235436335
0.31584000,0.00473844493
0.31588000,-0.000679999008
0.31592000,0.0123880133
0.31596000,-0.001317463
0.31600000,-0.00227365899
0.31604000,-0.025222363
0.31608000,0.0165315289
0.31612000,0.0490421914
0.31616000,0.027368417
0.31620000,0.0165315289
0.31624000,0.008881961
0.31628000,-0.00354858697
0.31632000,0.0260934886
0.31636000,0.0662537217
0.31640000,0.0506358519
0.31644000,-0.0156604033
0.31648000,-0.0366967134
0.31652000,-0.0290471464
0.31656000,-0.0296846107
0.31660000,-0.0213975795
0.31664000,-0.0430713557
0.31668000,-0.0325531997
0.31672000,-0.020122651
0.31676000,-0.051677119
0.31680000,-0.0386091061
0.31684000,-0.0217163116
0.31688000,-0.0363779813
0.31692000,-0.0363779813
0.31696000,-0.0258598272
0.31700000,-0.0280909501
0.31704000,-0.0484897979
0.31708000,0.0111130849
0.31712000,-0.0166165996
0.31716000,-0.0249036308
0.31720000,-0.0609203465
0.31724000,-0.0612390786
0.31728000,-0.0379716419
0.31732000,-0.0290471464
0.31736000,-0.0274534877
0.31740000,-0.0239474345
0.31744000,-0.030640807
0.31748000,-0.0150229391
0.31752000,-0.0156604033
0.31756000,-0.0271347556
0.31760000,0.00027619701
0.31764000,0.00792576466
0.31768000,0.00633210503
0.31772000,0.0127067454
0.31776000,0.045854874
0.31780000,-0.00577971106
0.31784000,0.000913660973
0.31788000,-0.00896703079
0.31792000,-0.0204413831
0.31796000,-0.0261785593
0.31800000,-0.0328719318
0.31804000,-0.0249036308
0.31808000,-0.0242661666
0.31812000,0.00633210503
0.31816000,0.00951942522
0.31820000,0.0111130849
0.31824000,-0.0134292794
0.31828000,0.0107943527
0.31832000,0.0442612134
0.31836000,0.00983815733
0.31840000,0.0133442087
0.31844000,0.0149378693
0.31848000,0.0130254766
0.31852000,0.0452174097
0.31856000,0.0366116464
0.31860000,0.0203563124
0.31864000,-0.00896703079
0.31868000,-0.0194851868
0.31872000,-0.038290374
0.31876000,-0.0159791354
0.31880000,-0.00673590694
0.31884000,-0.012154351
0.31888000,0.00441971282
0.31892000,-0.0178915262
0.31896000,0.00441971282
0.31900000,0.0394802317
0.31904000,-0.00291112298
0.31908000,-0.00801083539
0.31912000,0.0318306647
0.31916000,0.00696956879
0.31920000,-0.00227365899
0.31924000,0.00410098117
0.31928000,0.00346351694
0.31932000,-0.000679999008
0.31936000,0.00983815733
0.31940000,0.0171689931
0.31944000,-0.00322985509
0.31948000,-0.0210788473
0.31952000,-0.00641717482
0.31956000,0.0072883009
0.31960000,-0.0108794225
0.31964000,0.0146191372
0.31968000,-0.0182102583
0.31972000,0.00218858896
0.31976000,0.00314478506
0.31980000,0.0101568894
0.31984000,0.00218858896
0.31988000,0.00665083714
0.31992000,0.00633210503
0.31996000,-0.000361267012
0.32000000,-0.001636195
0.32004000,0.00951942522
0.32008000,-0.0108794225
0.32012000,-0.0229912382
0.32016000,-0.0191664547
0.32020000,-0.0280909501
0.32024000,-0.0287284143
0.32028000,-0.0296846107
0.32032000,0.00027619701
0.32036000,-0.00769210281
0.32040000,-0.000361267012
0.32044000,0.00250732107
0.32048000,-0.00960449502
0.32052000,-0.000679999008
0.32056000,-0.0115168868
0.32060000,0.00250732107
0.32064000,-0.0140667427
0.32068000,-0.0156604033
0.32072000,0.00218858896
0.32076000,-0.00641717482
0.32080000,-0.0296846107
0.32084000,-0.0233099703
0.32088000,-0.0548644401
0.32092000,-0.00322985509
0.32096000,-0.0245848987
0.32100000,-0.0220350437
0.32104000,-0.0296846107
0.32108000,-0.0191664547
0.32112000,-0.0484897979
0.32116000,-0.0405214988
0.32120000,-0.0226725079
0.32124000,-0.0108794225
0.32128000,0.00505717704
0.32132000,-0.0178915262
0.32136000,-0.00705463905
0.32140000,-0.00992322713
0.32144000,-4.25350008e-05
0.32148000,0.021949973
0.32152000,0.0244998299
0.32156000,0.00505717704
0.32160000,0.00441971282
0.32164000,-0.0159791354
0.32168000,0.00920069311
0.32172000,-0.00450478308
0.32176000,0.021949973
0.32180000,-0.00291112298
0.32184000,-0.00227365899
0.32188000,-0.041158963
0.32192000,0.00665083714
0.32196000,-0.0172540639
0.32200000,-0.030640807
0.32204000,-0.0137480106
0.32208000,-0.00737337116
0.32212000,-4.25350008e-05
0.32216000,-0.0166165996
0.32220000,0.00250732107
0.32224000,-0.0328719318
0.32228000,-0.0198039189
0.32232000,-0.0370154455
0.32236000,-0.00577971106
0.32240000,-0.00864829868
0.32244000,0.00792576466
0.32248000,0.000913660973
0.32252000,0.0133442087
0.32256000,0.0283246133
0.32260000,0.00633210503
0.32264000,0.0184439216
0.32268000,0.0270496849
0.32272000,0.0394802317
0.32276000,0.0206750445
0.32280000,0.0152566014
0.32284000,0.0187626537
0.32288000,0.00633210503
0.32292000,0.0200375803
0.32296000,-0.0162978675
0.32300000,0.0120692812
0.32304000,-0.0134292794
0.32308000,-0.0351030566
0.32312000,-0.00354858697
0.32316000,-0.0131105473
0.32320000,-0.0245848987
0.32324000,-0.0331906639
0.32328000,-0.0331906639
0.32332000,-0.0338281281
0.32336000,-0.0166165996
0.32340000,-0.0134292794
0.32344000,-0.0229912382
0.32348000,-0.0325531997
0.32352000,-0.0159791354
0.32356000,-0.0264972914
0.32360000,-0.0408402309
0.32364000,-0.0453024805
0.32368000,-0.0210788473
0.32372000,-0.0102419592
0.32376000,-0.0108794225
0.32380000,-0.0233099703
0.32384000,-0.00386731909
0.32388000,-0.001317463
0.32392000,-0.0226725079
0.32396000,-0.0140667427
0.32400000,0.0289620776
0.32404000,-0.001636195
0.32408000,-0.0182102583
0.32412000,-0.00482351519
0.32416000,-0.0166165996
0.32420000,-0.0140667427
0.32424000,-0.00482351519
0.32428000,0.0318306647
0.32432000,0.0165315289
0.32436000,0.0305557363
0.32440000,0.040436428
0.32444000,0.0477672666
0.32448000,0.0366116464
0.32452000,0.0197188482
0.32456000,0.0203563124
0.32460000,0.0158940647
0.32464000,0.0117505491
0.32468000,-0.00546097895
0.32472000,0.0299182739
0.32476000,0.0241810977
0.32480000,0.0203563124
0.32484000,0.0382053033
0.32488000,0.0149378693
0.32492000,0.016850261
0.32496000,0.0197188482
0.32500000,0.016850261
0.32504000,0.00824449677
0.32508000,0.0251372922
0.32512000,0.0190813858
0.32516000,-0.0108794225
0.32520000,-0.00291112298
0.32524000,0.014300405
0.32528000,0.00282605295
0.32532000,-0.0178915262
0.32536000,-0.00641717482
0.32540000,-0.0376529098
0.32544000,-0.00896703079
0.32548000,0.00537590915
0.32552000,-0.0389278382
0.32556000,-0.0249036308
0.32560000,-0.00641717482
0.32564000,-0.0437088199
0.32568000,-0.0271347556
0.32572000,-0.000361267012
0.32576000,-0.0338281281
0.32580000,-0.0108794225
0.32584000,-0.0379716419
0.32588000,-0.0124730831
0.32592000,-0.0166165996
0.32596000,0.00378224906
0.32600000,-0.0236287024
0.32604000,-0.00418605097
0.32608000,-0.0025923911
0.32612000,-0.000679999008
0.32616000,-0.0156604033
0.32620000,-0.0268160235
0.32624000,-0.0245848987
0.32628000,-0.0261785593
0.32632000,-0.0255410951
0.32636000,-0.0115168868
0.32640000,0.0213125087
0.32644000,0.0104756206
0.32648000,0.0190813858
0.32652000,-0.000679999008
0.32656000,-0.00705463905
0.32660000,0.000594928977
0.32664000,-0.0166165996
0.32668000,-0.00418605097
0.32672000,0.0209937766
0.32676000,-0.000361267012
0.32680000,0.0171689931
0.32684000,0.0127067454
0.32688000,0.0127067454
0.32692000,0.00282605295
0.32696000,0.0133442087
0.32700000,0.0136629408
0.32704000,0.000594928977
0.32708000,0.0235436335
0.32712000,0.0264122207
0.32716000,0.0235436335
0.32720000,0.00792576466
0.32724000,0.0190813858
0.32728000,0.008881961
0.32732000,-0.00195492711
0.32736000,0.00282605295
0.32740000,0.00983815733
0.32744000,0.0350179859
0.32748000,0.0111130849
0.32752000,0.00250732107
0.32756000,0.045854874
0.32760000,0.0311932005
0.32764000,0.0190813858
0.32768000,0.0203563124
0.32772000,0.0171689931
0.32776000,0.0280058812
0.32780000,0.0178064574
0.32784000,-0.0115168868
0.32788000,0.0251372922
0.32792000,-0.0105606914
0.32796000,-0.0347843245
0.32800000,0.0152566014
0.32804000,0.0397989638
0.32808000,-0.0204413831
0.32812000,-0.0433900878
0.32816000,-0.0296846107
0.32820000,-0.0507209226
0.32824000,-0.0102419592
0.32828000,0.00218858896
0.32832000,-0.0424338914
0.32836000,-0.00864829868
0.32840000,-0.00322985509
0.32844000,-0.0191664547
0.32848000,-0.001317463
0.32852000,0.00346351694
0.32856000,0.0120692812
0.32860000,0.0570104942
0.32864000,0.0072883009
0.32868000,-0.00769210281
0.32872000,-0.00354858697
0.32876000,0.0222687051
0.32880000,0.0557355657
0.32884000,0.0337430574
0.32888000,0.0254560243
0.32892000,0.0662537217
0.32896000,0.0356554501
0.32900000,0.0531857088
0.32904000,-0.00577971106
0.32908000,-0.00928576291
0.32912000,-0.0131105473
0.32916000,-0.0449837483
0.32920000,-0.00482351519
0.32924000,0.0251372922
0.32928000,-0.00482351519
0.32932000,0.00633210503
0.32936000,0.0340617895
0.32940000,-0.0548644401
0.32944000,0.0104756206
0.32948000,0.0299182739
0.32952000,0.0487234592
0.32956000,0.00378224906
0.32960000,-0.00960449502
0.32964000,-4.25350008e-05
0.32968000,-0.0159791354
0.32972000,-0.00641717482
0.32976000,0.0229061693
0.32980000,0.00665083714
0.32984000,0.014300405
0.32988000,0.00314478506
0.32992000,-0.00291112298
0.32996000,-0.0115168868
0.33000000,-0.0586892217
0.33004000,-0.0223537758
0.33008000,-0.0191664547
0.33012000,-0.0443462841
0.33016000,-0.0175727941
0.33020000,-0.000679999008
0.33024000,-0.0150229391
0.33028000,0.0120692812
0.33032000,-0.000679999008
0.33036000,-0.000679999008
0.33040000,0.0321493968
0.33044000,0.0174877252
0.33048000,0.0206750445
0.33052000,-0.0115168868
0.33056000,-0.00769210281
0.33060000,0.0264122207
0.33064000,0.011431817
0.33068000,0.00410098117
0.33072000,-0.0131105473
0.33076000,0.0190813858
0.33080000,-0.0185289904
0.33084000,0.0229061693
0.33088000,0.0302370042
0.33092000,-0.000361267012
0.33096000,-0.00769210281
0.33100000,0.0232249014
0.33104000,0.0385240354
0.33108000,0.199802428
0.33112000,-0.001317463
0.33116000,0.045854874
0.33120000,0.0372491106
0.33124000,0.00792576466
0.33128000,-0.000361267012
0.33132000,0.0860151052
0.33136000,0.0152566014
0.33140000,-0.0025923911
0.33144000,0.0165315289
0.33148000,-0.0768569484
0.33152000,-0.001317463
0.33156000,0.0229061693
0.33160000,0.0394802317
0.33164000,0.00537590915
0.33168000,0.0194001179
0.33172000,-0.0198039189
0.33176000,0.00410098117
0.33180000,-0.00769210281
0.33184000,-0.000361267012
0.33188000,-0.0239474345
0.33192000,0.0107943527
0.33196000,0.000913660973
0.33200000,-0.0414776951
0.33204000,-0.0194851868
0.33208000,-0.0296846107
0.33212000,0.0292808097
0.33216000,-0.0296846107
0.33220000,0.0123880133
0.33224000,-0.00227365899
0.33228000,0.00123239297
0.33232000,0.0410738923
0.33236000,0.0786842704
0.33240000,0.0280058812
0.33244000,0.0378865711
0.33248000,0.0777280703
0.33252000,0.000594928977
0.33256000,0.0241810977
0.33260000,0.014300405
0.33264000,0.0579666905
0.33268000,-0.0194851868
0.33272000,0.0378865711
0.33276000,-0.0245848987
0.33280000,0.0283246133
0.33284000,0.0222687051
0.33288000,-0.0127918152
0.33292000,0.0197188482
0.33296000,-0.0236287024
0.33300000,-0.0360592492
0.33304000,-0.0229912382
0.33308000,-0.0102419592
0.33312000,-0.0172540639
0.33316000,0.00920069311
0.33320000,-0.0156604033
0.33324000,-0.0178915262
0.33328000,-0.0131105473
0.33332000,-0.0194851868
0.33336000,-0.0102419592
0.33340000,-0.0105606914
0.33344000,0.0289620776
0.33348000,-0.00641717482
0.33352000,-0.00482351519
0.33356000,0.0292808097
0.33360000,0.0232249014
0.33364000,0.0331055932
0.33368000,0.0448986776
0.33372000,0.0700785071
0.33376000,0.0174877252
0.33380000,0.00601337291
0.33384000,0.0254560243
0.33388000,0.0356554501
0.33392000,0.00696956879
0.33396000,0.00250732107
0.33400000,0.0350179859
0.33404000,-0.0105606914
0.33408000,0.00314478506
0.33412000,-0.0296846107
0.33416000,-0.00992322713
0.33420000,0.00282605295
0.33424000,-0.00928576291
0.33428000,-0.0217163116
0.33432000,-0.0427526236
0.33436000,0.000594928977
0.33440000,-0.00450478308
0.33444000,-0.00291112298
0.33448000,-0.0494459942
0.33452000,-0.030640807
0.33456000,0.0146191372
0.33460000,-0.0194851868
0.33464000,-0.012154351
0.33468000,0.0123880133
0.33472000,0.0292808097
0.33476000,0.0280058812
0.33480000,0.00537590915
0.33484000,0.0111130849
0.33488000,0.0264122207
0.33492000,0.00346351694
0.33496000,-0.0366967134
0.33500000,0.0251372922
0.33504000,0.00250732107
0.33508000,0.011431817
0.33512000,0.00378224906
0.33516000,-0.0204413831
0.33520000,-0.00801083539
0.33524000,-0.0105606914
0.33528000,0.00951942522
0.33532000,-0.0268160235
0.33536000,-0.0497647263
0.33540000,-0.00227365899
0.33544000,-0.0242661666
0.33548000,-0.0277722199
0.33552000,-0.0468961373
0.33556000,-0.014704207
0.33560000,0.00696956879
0.33564000,0.00282605295
0.33568000,0.0350179859
0.33572000,0.0280058812
0.33576000,0.0260934886
0.33580000,0.0439424813
0.33584000,0.0487234592
0.33588000,-0.00864829868
0.33592000,0.0162127968
0.33596000,0.0541419052
0.33600000,0.0222687051
0.33604000,0.0512733161
0.33608000,0.0286433455
0.33612000,-0.0204413831
0.33616000,-0.0405214988
0.33620000,-0.0264972914
0.33624000,0.0149378693
0.33628000,0.00314478506
0.33632000,0.00410098117
0.33636000,-0.00705463905
0.33640000,0.00314478506
0.33644000,0.0276871491
0.33648000,-0.00195492711
0.33652000,-0.0303220749
0.33656000,-0.00514224684
0.33660000,0.00378224906
0.33664000,0.011431817
0.33668000,-0.014704207
0.33672000,0.0209937766
0.33676000,-0.0172540639
0.33680000,0.0101568894
0.33684000,0.0152566014
0.33688000,0.0203563124
0.33692000,0.0264122207
0.33696000,-0.00291112298
0.33700000,0.0072883009
0.33704000,0.0257747564
0.33708000,-0.00450478308
0.33712000,-0.00992322713
0.33716000,-0.0102419592
0.33720000,0.0146191372
0.33724000,-0.0296846107
0.33728000,-0.001636195
0.33732000,0.0104756206
0.33736000,-0.0131105473
0.33740000,-0.00960449502
0.33744000,-0.0191664547
0.33748000,-0.00482351519
0.33752000,-0.0398840345
0.33756000,-0.0443462841
0.33760000,-0.0111981547
0.33764000,-0.00577971106
0.33768000,-0.00673590694
0.33772000,-0.0261785593
0.33776000,0.00537590915
0.33780000,-0.0236287024
0.33784000,0.00601337291
0.33788000,-0.0264972914
0.33792000,-0.0140667427
0.33796000,-0.0446650162
0.33800000,0.00410098117
0.33804000,-0.0685699135
0.33808000,-0.041158963
0.33812000,-0.0102419592
0.33816000,-0.00354858697
0.33820000,-0.0430713557
0.33824000,-0.0551831722
0.33828000,-0.041158963
0.33832000,-0.0491272621
0.33836000,-0.0424338914
0.33840000,-0.0239474345
0.33844000,0.0200375803
0.33848000,0.0190813858
0.33852000,0.00792576466
0.33856000,-0.0529520474
0.33860000,-0.038290374
0.33864000,0.008881961
0.33868000,-0.0249036308
0.33872000,-0.0456212126
0.33876000,-0.001317463
0.33880000,0.0117505491
0.33884000,-0.0175727941
0.33888000,0.00537590915
0.33892000,0.0213125087
0.33896000,0.00920069311
0.33900000,0.027368417
0.33904000,0.0260934886
0.33908000,0.0270496849
0.33912000,0.0382053033
0.33916000,0.0200375803
0.33920000,0.0111130849
0.33924000,0.00824449677
0.33928000,-0.0131105473
0.33932000,-0.0395653024
0.33936000,-0.0312782712
0.33940000,-0.00673590694
0.33944000,0.0229061693
0.33948000,-0.0315970033
0.33952000,-0.030640807
0.33956000,-0.000361267012
0.33960000,-0.0300033428
0.33964000,-0.0417964272
0.33968000,-0.0293658786
0.33972000,0.00951942522
0.33976000,-0.0172540639
0.33980000,-0.00673590694
0.33984000,-0.0264972914
0.33988000,0.0111130849
0.33992000,-0.038290374
0.33996000,-0.0118356189
0.34000000,-0.00546097895
0.34004000,-0.0354217887
0.34008000,-0.0239474345
0.34012000,-0.030640807
0.34016000,0.0308744684
0.34020000,0.0267309528
0.34024000,0.0209937766
0.34028000,0.00346351694
0.34032000,0.0248185601
0.34036000,0.0586041547
0.34040000,0.0576479584
0.34044000,0.00760703301
0.34048000,-0.000679999008
0.34052000,-4.25350008e-05
0.34056000,-0.0102419592
0.34060000,-0.0131105473
0.34064000,-0.0312782712
0.34068000,-0.0140667427
0.34072000,-0.0437088199
0.34076000,-0.0414776951
0.34080000,-0.0300033428
0.34084000,-0.0555019043
0.34088000,-0.0217163116
0.34092000,-0.00482351519
0.34096000,-0.0204413831
0.34100000,-0.0111981547
0.34104000,0.0133442087
0.34108000,0.0101568894
0.34112000,0.00856322888
0.34116000,0.0308744684
0.34120000,0.0133442087
0.34124000,0.0146191372
0.34128000,0.0299182739
0.34132000,-0.0166165996
0.34136000,0.00186985696
0.34140000,0.0127067454
0.34144000,-0.0169353317
0.34148000,-0.00864829868
0.34152000,-0.00832956657
0.34156000,-0.0303220749
0.34160000,-0.0261785593
0.34164000,-0.0210788473
0.34168000,-0.0322344676
0.34172000,-0.0213975795
0.34176000,-0.0207601152
0.34180000,-0.00514224684
0.34184000,-0.0344655924
0.34188000,-0.0462586768
0.34192000,-0.0558206365
0.34196000,-0.0437088199
0.34200000,-0.0535895117
0.34204000,-0.0704823062
0.34208000,-0.0437088199
0.34212000,-0.0510396548
0.34216000,-0.0293658786
0.34220000,-0.0519958511
0.34224000,-0.0398840345
0.34228000,-0.0379716419
0.34232000,0.0519107804
0.34236000,0.0123880133
0.34240000,-0.0249036308
0.34244000,0.0264122207
0.34248000,0.0152566014
0.34252000,-0.0226725079
0.34256000,-0.0287284143
0.34260000,0.0394802317
0.34264000,-0.0351030566
0.34268000,-0.0169353317
0.34272000,-0.0108794225
0.34276000,0.0244998299
0.34280000,-0.0182102583
0.34284000,0.011431817
0.34288000,-0.0245848987
0.34292000,0.0311932005
0.34296000,0.0410738923
0.34300000,0.0461736061
0.34304000,0.0439424813
0.34308000,0.0525482446
0.34312000,0.0672099143
0.34316000,0.0554168336
0.34320000,0.0372491106
0.34324000,0.00410098117
0.34328000,-0.0025923911
0.34332000,-0.0207601152
0.34336000,-0.0373341776
0.34340000,-0.0462586768
0.34344000,-0.062195275
0.34348000,-0.0465774052
0.34352000,-0.0896062255
0.34356000,-0.0838690475
0.34360000,-0.0771756768
0.34364000,-0.0465774052
0.34368000,-0.0134292794
0.34372000,-0.020122651
0.34376000,-0.0159791354
0.34380000,-0.0261785593
0.34384000,-0.0389278382
0.34388000,-0.00291112298
0.34392000,0.0072883009
0.34396000,-0.0191664547
0.34400000,0.0627476722
0.34404000,-0.0108794225
0.34408000,-0.0462586768
0.34412000,0.0225874372
0.34416000,-0.012154351
0.34420000,-0.012154351
0.34424000,-0.00960449502
0.34428000,0.0346992537
0.34432000,0.00314478506
0.34436000,0.0535044409
0.34440000,0.0448986776
0.34444000,0.0225874372
0.34448000,0.0385240354
0.34452000,0.0359741822
0.34456000,0.0213125087
0.34460000,0.0111130849
0.34464000,0.0197188482
0.34468000,0.011431817
0.34472000,0.00601337291
0.34476000,-0.0156604033
0.34480000,-0.0172540639
0.34484000,-0.00641717482
0.34488000,0.0162127968
0.34492000,0.00633210503
0.34496000,0.00696956879
0.34500000,-0.00673590694
0.34504000,0.0187626537
0.34508000,0.00378224906
0.34512000,-0.0198039189
0.34516000,-0.0322344676
0.34520000,0.00760703301
0.34524000,-0.0159791354
0.34528000,-0.0271347556
0.34532000,-0.0108794225
0.34536000,-0.0226725079
0.34540000,-0.00864829868
0.34544000,-0.0338281281
0.34548000,-0.0714385062
0.34552000,-0.062195275
0.34556000,-0.065063864
0.34560000,-0.059326686
0.34564000,0.0203563124
0.34568000,0.0104756206
0.34572000,0.0178064574
0.34576000,0.0162127968
0.34580000,0.00027619701
0.34584000,0.0413926244
0.34588000,0.0385240354
0.34592000,0.0675286502
0.34596000,0.0646600574
0.34600000,0.0780468062
0.34604000,0.0627476722
0.34608000,0.0369303785
0.34612000,0.0388427675
0.34616000,0.0111130849
0.34620000,0.0056946408
0.34624000,-0.0111981547
0.34628000,-0.00482351519
0.34632000,-0.0271347556
0.34636000,-0.0236287024
0.34640000,-0.000679999008
0.34644000,-0.0213975795
0.34648000,-0.0255410951
0.34652000,-0.0408402309
0.34656000,-0.0331906639
0.34660000,-0.0472148694
0.34664000,-0.0481710657
0.34668000,-0.0599641502
0.34672000,-0.0475336015
0.34676000,-0.0319157355
0.34680000,-0.0475336015
0.34684000,-0.0551831722
0.34688000,-0.0303220749
0.34692000,-0.0127918152
0.34696000,0.0072883009
0.34700000,0.0251372922
0.34704000,0.0541419052
0.34708000,0.0283246133
0.34712000,0.0162127968
0.34716000,0.0382053033
0.34720000,0.0264122207
0.34724000,0.0248185601
0.34728000,0.0107943527
0.34732000,0.0232249014
0.34736000,0.00218858896
0.34740000,0.0248185601
0.34744000,0.00537590915
0.34748000,0.0120692812
0.34752000,0.0197188482
0.34756000,-0.00195492711
0.34760000,-0.0268160235
0.34764000,-0.00227365899
0.34768000,-0.00928576291
0.34772000,-0.0105606914
0.34776000,-0.0153416712
0.34780000,-0.0178915262
0.34784000,-0.00737337116
0.34788000,-0.0185289904
0.34792000,-0.00291112298
0.34796000,-0.0150229391
0.34800000,-0.0296846107
0.34804000,-0.001317463
0.34808000,-0.0245848987
0.34812000,-0.0386091061
0.34816000,-0.0108794225
0.34820000,-0.0131105473
0.34824000,-0.0115168868
0.34828000,-0.0300033428
0.34832000,-0.0328719318
0.34836000,-0.0025923911
0.34840000,0.0101568894
0.34844000,0.0174877252
0.34848000,-0.00737337116
0.34852000,0.0276871491
0.34856000,0.00983815733
0.34860000,-0.00769210281
0.34864000,0.0136629408
0.34868000,0.0340617895
0.34872000,0.0111130849
0.34876000,0.0162127968
0.34880000,0.0254560243
0.34884000,0.0232249014
0.34888000,0.0152566014
0.34892000,0.0254560243
0.34896000,0.0270496849
0.34900000,0.00696956879
0.34904000,0.0270496849
0.34908000,0.00346351694
0.34912000,0.00186985696
0.34916000,-0.0131105473
0.34920000,-0.0287284143
0.34924000,-0.0414776951
0.34928000,-0.0456212126
0.34932000,-0.0443462841
0.34936000,-0.0204413831
0.34940000,-0.0198039189
0.34944000,-0.0398840345
0.34948000,-0.0370154455
0.34952000,-0.0478523336
0.34956000,-0.054545708
0.34960000,-0.0414776951
0.34964000,-0.0261785593
0.34968000,-0.0484897979
0.34972000,-0.0360592492
0.34976000,-0.00577971106
0.34980000,0.0305557363
0.34984000,0.0302370042
0.34988000,0.0260934886
0.34992000,0.0174877252
0.34996000,0.0260934886
0.35000000,0.0665724501
0.35004000,0.0181251895
0.35008000,0.0104756206
0.35012000,0.0225874372
0.35016000,0.0321493968
0.35020000,-0.0271347556
0.35024000,-0.00577971106
0.35028000,-0.0166165996
0.35032000,-0.0417964272
0.35036000,-0.0618765429
0.35040000,-0.0344655924
0.35044000,-0.0341468602
0.35048000,-0.0583704896
0.35052000,-0.0424338914
0.35056000,-0.0456212126
0.35060000,-0.0261785593
0.35064000,-0.0433900878
0.35068000,-0.0220350437
0.35072000,-0.0153416712
0.35076000,0.0321493968
0.35080000,0.0206750445
0.35084000,0.00824449677
0.35088000,0.0209937766
0.35092000,0.0283246133
0.35096000,0.0586041547
0.35100000,0.0601978116
0.35104000,0.0493609235
0.35108000,0.0197188482
0.35112000,0.0417113565
0.35116000,0.0563730299
0.35120000,0.0158940647
0.35124000,-0.00641717482
0.35128000,0.0206750445
0.35132000,0.0378865711
0.35136000,0.00378224906
0.35140000,0.00378224906
0.35144000,-0.0395653024
0.35148000,-0.000679999008
0.35152000,-0.0210788473
0.35156000,-0.0526333153
0.35160000,-0.0303220749
0.35164000,-0.0268160235
0.35168000,-0.0395653024
0.35172000,-0.0558206365
0.35176000,-0.0156604033
0.35180000,-0.0198039189
0.35184000,0.0111130849
0.35188000,-0.00450478308
0.35192000,-0.0207601152
0.35196000,-0.0105606914
0.35200000,-0.0172540639
0.35204000,-0.0153416712
0.35208000,0.0203563124
0.35212000,0.0235436335
0.35216000,0.00537590915
0.35220000,0.00633210503
0.35224000,0.0369303785
0.35228000,0.0254560243
0.35232000,0.102907903
0.35236000,0.0152566014
0.35240000,0.0225874372
0.35244000,0.0490421914
0.35248000,-0.001317463
0.35252000,-0.0178915262
0.35256000,-0.0108794225
0.35260000,-0.0143854748
0.35264000,-0.00641717482
0.35268000,0.0608352758
0.35272000,0.0251372922
0.35276000,0.00346351694
0.35280000,-0.00673590694
0.35284000,0.0554168336
0.35288000,-0.0637889355
0.35292000,-0.0354217887
0.35296000,-0.0185289904
0.35300000,-0.0379716419
0.35304000,-0.0300033428
0.35308000,0.0101568894
0.35312000,-0.00641717482
0.35316000,0.00696956879
0.35320000,0.0350179859
0.35324000,0.0146191372
0.35328000,0.0162127968
0.35332000,0.00027619701
0.35336000,-0.00769210281
0.35340000,0.0101568894
0.35344000,0.016850261
0.35348000,-0.00546097895
0.35352000,-0.0370154455
0.35356000,0.0123880133
0.35360000,0.00505717704
0.35364000,0.0790029988
0.35368000,-0.0472148694
0.35372000,0.0222687051
0.35376000,0.0139816729
0.35380000,0.040436428
0.35384000,0.0197188482
0.35388000,-0.0025923911
0.35392000,0.008881961
0.35396000,-0.0182102583
0.35400000,-0.0392465703
0.35404000,-0.0430713557
0.35408000,-0.00418605097
0.35412000,-0.0500834584
0.35416000,-0.0169353317
0.35420000,-0.0223537758
0.35424000,-0.0296846107
0.35428000,-0.0475336015
0.35432000,-0.00960449502
0.35436000,-0.00992322713
0.35440000,-0.00418605097
0.35444000,-0.0386091061
0.35448000,-0.00832956657
0.35452000,0.00633210503
0.35456000,-0.012154351
0.35460000,-0.0178915262
0.35464000,0.0158940647
0.35468000,0.00983815733
0.35472000,0.0149378693
0.35476000,0.0178064574
0.35480000,-4.25350008e-05
0.35484000,0.00346351694
0.35488000,0.0107943527
0.35492000,0.00601337291
0.35496000,0.0174877252
0.35500000,0.0178064574
0.35504000,0.0292808097
0.35508000,-0.0162978675
0.35512000,-0.0226725079
0.35516000,-0.0280909501
0.35520000,-0.00609844318
0.35524000,-0.033509396
0.35528000,-0.0175727941
0.35532000,-0.0245848987
0.35536000,-0.00705463905
0.35540000,-0.0449837483
0.35544000,-0.030640807
0.35548000,-0.0300033428
0.35552000,0.0120692812
0.35556000,-0.0370154455
0.35560000,-0.0363779813
0.35564000,-0.0414776951
0.35568000,-0.00832956657
0.35572000,-0.0277722199
0.35576000,-0.00705463905
0.35580000,-0.00450478308
0.35584000,0.0321493968
0.35588000,0.0222687051
0.35592000,0.0337430574
0.35596000,0.0197188482
0.35600000,0.0248185601
0.35604000,0.0337430574
0.35608000,0.0426675528
0.35612000,0.0229061693
0.35616000,0.0248185601
0.35620000,0.035336718
0.35624000,0.0448986776
0.35628000,0.0802779272
0.35632000,0.0388427675
0.35636000,0.0248185601
0.35640000,0.0264122207
0.35644000,0.0111130849
0.35648000,-0.00291112298
0.35652000,-0.0207601152
0.35656000,-0.0108794225
0.35660000,-0.0472148694
0.35664000,-0.0421151593
0.35668000,-0.0510396548
0.35672000,-0.0599641502
0.35676000,-0.0570955612
0.35680000,-0.0472148694
0.35684000,-0.0956621319
0.35688000,-0.0606016144
0.35692000,-0.0414776951
0.35696000,-0.0472148694
0.35700000,-0.044027552
0.35704000,-0.00609844318
0.35708000,-0.0159791354
0.35712000,-0.001317463
0.35716000,0.0356554501
0.35720000,0.00218858896
0.35724000,0.0072883009
0.35728000,0.0130254766
0.35732000,0.0203563124
0.35736000,0.0139816729
0.35740000,0.045854874
0.35744000,0.0152566014
0.35748000,0.0477672666
0.35752000,0.0366116464
0.35756000,-0.0233099703
0.35760000,0.0241810977
0.35764000,0.0356554501
0.35768000,0.0382053033
0.35772000,0.0244998299
0.35776000,0.00983815733
0.35780000,0.016850261
0.35784000,0.0104756206
0.35788000,-0.0166165996
0.35792000,-0.00609844318
0.35796000,0.0429862849
0.35800000,0.0280058812
0.35804000,-0.000361267012
0.35808000,-0.00832956657
0.35812000,0.0174877252
0.35816000,0.0174877252
0.35820000,-0.0226725079
0.35824000,-0.012154351
0.35828000,-0.0137480106
0.35832000,0.00314478506
0.35836000,-0.0159791354
0.35840000,-0.0169353317
0.35844000,-0.0430713557
0.35848000,-0.0162978675
0.35852000,-0.0351030566
0.35856000,-0.00769210281
0.35860000,-0.0213975795
0.35864000,-0.0408402309
0.35868000,-0.0430713557
0.35872000,-0.0207601152
0.35876000,-0.0491272621
0.35880000,-0.0268160235
0.35884000,-0.0191664547
0.35888000,-0.0535895117
0.35892000,-0.0421151593
0.35896000,-0.0271347556
0.35900000,-0.0555019043
0.35904000,-0.0178915262
0.35908000,-0.0357405208
0.35912000,0.00760703301
0.35916000,-0.00609844318
0.35920000,-0.0108794225
0.35924000,-0.041158963
0.35928000,-0.0373341776
0.35932000,0.0117505491
0.35936000,0.0213125087
0.35940000,-0.0105606914
0.35944000,-0.0277722199
0.35948000,-0.030640807
0.35952000,0.0133442087
0.35956000,-0.014704207
0.35960000,0.0241810977
0.35964000,-0.00482351519
0.35968000,0.0570104942
0.35972000,0.0496796556
0.35976000,0.0225874372
0.35980000,0.00410098117
0.35984000,0.0232249014
0.35988000,0.0206750445
0.35992000,0.00123239297
0.35996000,-0.0025923911
0.36000000,-0.0127918152
0.36004000,-0.0417964272
0.36008000,-0.0210788473
0.36012000,-0.0322344676
0.36016000,-0.0551831722
0.36020000,-0.0398840345
0.36024000,-0.0427526236
0.36028000,-0.0666575208
0.36032000,-0.0577330254
0.36036000,-0.0185289904
0.36040000,-0.0236287024
0.36044000,-0.0414776951
0.36048000,-0.0379716419
0.36052000,-0.0577330254
0.36056000,-0.00609844318
0.36060000,-0.0025923911
0.36064000,0.00250732107
0.36068000,0.00346351694
0.36072000,0.00505717704
0.36076000,-0.0124730831
0.36080000,-0.0242661666
0.36084000,0.00314478506
0.36088000,0.0174877252
0.36092000,0.0107943527
0.36096000,0.0356554501
0.36100000,0.0111130849
0.36104000,0.0433050171
0.36108000,0.0254560243
0.36112000,0.027368417
0.36116000,0.0512733161
0.36120000,0.0474485345
0.36124000,0.0343805216
0.36128000,0.0519107804
0.36132000,0.035336718
0.36136000,0.0394802317
0.36140000,0.0382053033
0.36144000,0.0356554501
0.36148000,0.0276871491
0.36152000,0.0515920483
0.36156000,0.0423488207
0.36160000,0.0216312408
0.36164000,0.0130254766
0.36168000,0.0222687051
0.36172000,-0.00482351519
0.36176000,0.00537590915
0.36180000,-0.0325531997
0.36184000,-0.0360592492
0.36188000,-0.0249036308
0.36192000,-0.0300033428
0.36196000,-0.0255410951
0.36200000,-0.0331906639
0.36204000,-0.0293658786
0.36208000,-0.0736696273
0.36212000,-0.0207601152
0.36216000,-0.0315970033
0.36220000,-0.0583704896
0.36224000,-0.0398840345
0.36228000,-0.0746258199
0.36232000,-0.0236287024
0.36236000,0.00186985696
0.36240000,0.0206750445
0.36244000,0.0420300886
0.36248000,0.0350179859
0.36252000,-0.0315970033
0.36256000,-0.000679999008
0.36260000,0.0056946408
0.36264000,0.0560542978
0.36268000,0.0356554501
0.36272000,0.0302370042
0.36276000,0.0190813858
0.36280000,0.035336718
0.36284000,0.0267309528
0.36288000,0.00441971282
0.36292000,0.0241810977
0.36296000,0.00155112497
0.36300000,0.0072883009
0.36304000,-0.000998731004
0.36308000,-0.00450478308
0.36312000,0.0174877252
0.36316000,0.00250732107
0.36320000,0.0200375803
0.36324000,-0.0268160235
0.36328000,-0.0319157355
0.36332000,-0.0370154455
0.36336000,-0.0468961373
0.36340000,-0.0468961373
0.36344000,-0.0704823062
0.36348000,-0.0519958511
0.36352000,-0.0245848987
0.36356000,-0.0398840345
0.36360000,-0.0185289904
0.36364000,-0.0280909501
0.36368000,-0.0166165996
0.36372000,-0.0398840345
0.36376000,0.00314478506
0.36380000,-0.0309595391
0.36384000,0.00824449677
0.36388000,0.0206750445
0.36392000,0.0200375803
0.36396000,0.0241810977
0.36400000,0.0334243253
0.36404000,0.0206750445
0.36408000,0.0420300886
0.36412000,0.035336718
0.36416000,0.0254560243
0.36420000,0.0190813858
0.36424000,0.0200375803
0.36428000,0.0178064574
0.36432000,0.0120692812
0.36436000,0.0617914721
0.36440000,0.00410098117
0.36444000,0.00665083714
0.36448000,0.00314478506
0.36452000,-0.00514224684
0.36456000,-0.0392465703
0.36460000,-0.0226725079
0.36464000,0.0190813858
0.36468000,0.00123239297
0.36472000,-0.0217163116
0.36476000,-0.0504021905
0.36480000,-0.0274534877
0.36484000,-0.0159791354
0.36488000,-0.0319157355
0.36492000,-0.0220350437
0.36496000,-0.0242661666
0.36500000,-0.00737337116
0.36504000,-0.0140667427
0.36508000,-0.0153416712
0.36512000,-0.00386731909
0.36516000,0.00218858896
0.36520000,-0.0102419592
0.36524000,-0.0118356189
0.36528000,0.014300405
0.36532000,0.0222687051
0.36536000,-0.00928576291
0.36540000,-0.0156604033
0.36544000,0.0127067454
0.36548000,-0.000679999008
0.36552000,0.00346351694
0.36556000,-0.00322985509
0.36560000,0.0184439216
0.36564000,-0.0255410951
0.36568000,-0.00769210281
0.36572000,-0.0261785593
0.36576000,0.0203563124
0.36580000,0.00441971282
0.36584000,0.00951942522
0.36588000,0.00920069311
0.36592000,-0.0115168868
0.36596000,-0.0188477226
0.36600000,-0.0274534877
0.36604000,-0.0191664547
0.36608000,-0.0108794225
0.36612000,-0.00450478308
0.36616000,-0.0226725079
0.36620000,0.0146191372
0.36624000,-0.0115168868
0.36628000,0.00696956879
0.36632000,0.0241810977
0.36636000,0.0229061693
0.36640000,0.0241810977
0.36644000,0.0254560243
0.36648000,0.0401176959
0.36652000,0.0477672666
0.36656000,0.0420300886
0.36660000,0.0423488207
0.36664000,0.008881961
0.36668000,0.0209937766
0.36672000,0.0382053033
0.36676000,0.0165315289
0.36680000,0.0162127968
0.36684000,0.00983815733
0.36688000,-0.0198039189
0.36692000,-0.0111981547
0.36696000,-0.025222363
0.36700000,-0.0389278382
0.36704000,-0.0558206365
0.36708000,-0.0287284143
0.36712000,-0.000998731004
0.36716000,0.00314478506
0.36720000,0.0152566014
0.36724000,0.0123880133
0.36728000,0.0136629408
0.36732000,0.0111130849
0.36736000,0.0289620776
0.36740000,0.00696956879
0.36744000,0.0155753326
0.36748000,-0.014704207
0.36752000,-0.00450478308
0.36756000,-0.00546097895
0.36760000,-0.00609844318
0.36764000,-0.00450478308
0.36768000,0.0327868611
0.36772000,0.011431817
0.36776000,-0.00195492711
0.36780000,0.0155753326
0.36784000,0.0238623656
0.36788000,0.0190813858
0.36792000,0.0283246133
0.36796000,-0.0169353317
0.36800000,-0.000998731004
0.36804000,-0.00386731909
0.36808000,-0.00354858697
0.36812000,-0.0379716419
0.36816000,-0.0233099703
0.36820000,-0.00769210281
0.36824000,-0.0357405208
0.36828000,-0.0414776951
0.36832000,-0.0653825924
0.36836000,-0.0625140071
0.36840000,-0.0749445558
0.36844000,-0.0953434035
0.36848000,-0.114786059
0.36852000,-0.0835503191
0.36856000,-0.0672949851
0.36860000,-0.0653825924
0.36864000,-0.0338281281
0.36868000,-0.00737337116
0.36872000,0.0130254766
0.36876000,-0.0127918152
0.36880000,0.00410098117
0.36884000,0.00696956879
0.36888000,0.0123880133
0.36892000,0.0136629408
0.36896000,0.0327868611
0.36900000,0.027368417
0.36904000,0.0072883009
0.36908000,0.00378224906
0.36912000,0.0190813858
0.36916000,0.0570104942
0.36920000,0.0276871491
0.36924000,-0.00450478308
0.36928000,0.0213125087
0.36932000,0.00792576466
0.36936000,-0.00227365899
0.36940000,-0.0264972914
0.36944000,-0.0519958511
0.36948000,-0.0296846107
0.36952000,-0.0322344676
0.36956000,-0.0414776951
0.36960000,-0.00514224684
0.36964000,0.00282605295
0.36968000,0.00027619701
0.36972000,-0.0519958511
0.36976000,-0.00609844318
0.36980000,0.00824449677
0.36984000,0.0299182739
0.36988000,0.0436237492
0.36992000,0.0684848428
0.36996000,0.0241810977
0.37000000,0.0101568894
0.37004000,0.0302370042
0.37008000,0.00696956879
0.37012000,0.0579666905
0.37016000,0.0321493968
0.37020000,0.0382053033
0.37024000,0.0209937766
0.37028000,0.0420300886
0.37032000,0.0136629408
0.37036000,0.0264122207
0.37040000,-0.00482351519
0.37044000,-0.0255410951
0.37048000,-0.020122651
0.37052000,-0.0357405208
0.37056000,-0.0325531997
0.37060000,-0.0637889355
0.37064000,-0.0433900878
0.37068000,-0.0682511851
0.37072000,-0.0433900878
0.37076000,-0.00960449502
0.37080000,-0.0175727941
0.37084000,0.00505717704
0.37088000,0.0299182739
0.37092000,-0.00418605097
0.37096000,-0.00322985509
0.37100000,-0.00896703079
0.37104000,0.0104756206
0.37108000,0.0101568894
0.37112000,0.00123239297
0.37116000,0.0133442087
0.37120000,0.00792576466
0.37124000,0.021949973
0.37128000,0.0235436335
0.37132000,0.0289620776
0.37136000,0.00951942522
0.37140000,-0.0150229391
0.37144000,-0.00641717482
0.37148000,-0.0198039189
0.37152000,-0.0169353317
0.37156000,-0.0217163116
0.37160000,-0.0236287024
0.37164000,-0.0529520474
0.37168000,-0.0351030566
0.37172000,-0.0153416712
0.37176000,-0.0309595391
0.37180000,-0.0532707796
0.37184000,-0.0602828823
0.37188000,-0.0162978675
0.37192000,-0.0319157355
0.37196000,-0.0245848987
0.37200000,-0.000998731004
0.37204000,0.021949973
0.37208000,0.0072883009
0.37212000,0.053823173
0.37216000,0.0837839842
0.37220000,0.085377641
0.37224000,0.0904773548
0.37228000,0.0334243253
0.37232000,0.0375678428
0.37236000,0.0340617895
0.37240000,0.06147274
0.37244000,0.0394802317
0.37248000,0.00250732107
0.37252000,0.0260934886
0.37256000,-0.0370154455
0.37260000,-0.0258598272
0.37264000,-0.0194851868
0.37268000,-0.0115168868
0.37272000,-0.0319157355
0.37276000,-0.0140667427
0.37280000,-0.0255410951
0.37284000,-0.00514224684
0.37288000,-0.0172540639
0.37292000,-0.000679999008
0.37296000,0.0394802317
0.37300000,-0.0102419592
0.37304000,-0.0169353317
0.37308000,-0.001636195
0.37312000,0.00250732107
0.37316000,-0.0127918152
0.37320000,0.0162127968
0.37324000,0.0133442087
0.37328000,0.0213125087
0.37332000,0.040436428
0.37336000,0.0254560243
0.37340000,0.0493609235
0.37344000,0.0420300886
0.37348000,0.0401176959
0.37352000,0.0375678428
0.37356000,0.0350179859
0.37360000,0.0225874372
0.37364000,-0.00482351519
0.37368000,0.0566917621
0.37372000,-0.00992322713
0.37376000,-0.0395653024
0.37380000,-0.0284096822
0.37384000,-0.0408402309
0.37388000,-0.0558206365
0.37392000,-0.0558206365
0.37396000,-0.0229912382
0.37400000,-0.0612390786
0.37404000,-0.0555019043
0.37408000,-0.0213975795
0.37412000,-0.0255410951
0.37416000,-0.0555019043
0.37420000,-0.0341468602
0.37424000,-0.0220350437
0.37428000,0.00378224906
0.37432000,-0.0134292794
0.37436000,-0.0111981547
0.37440000,0.00760703301
0.37444000,-0.00705463905
0.37448000,0.0171689931
0.37452000,0.00282605295
0.37456000,0.00920069311
0.37460000,-0.00928576291
0.37464000,0.0206750445
0.37468000,-0.0166165996
0.37472000,0.0225874372
0.37476000,0.0410738923
0.37480000,0.000913660973
0.37484000,0.000594928977
0.37488000,0.0445799455
0.37492000,0.0190813858
0.37496000,-0.00322985509
0.37500000,0.0841027126
0.37504000,0.0295995418
0.37508000,-0.0475336015
0.37512000,0.00505717704
0.37516000,0.00250732107
0.37520000,-0.0370154455
0.37524000,0.000913660973
0.37528000,0.035336718
0.37532000,0.0394802317
0.37536000,0.0624289364
0.37540000,0.0582854226
0.37544000,0.0289620776
0.37548000,0.00218858896
0.37552000,0.0592416152
0.37556000,0.0471298024
0.37560000,0.0155753326
0.37564000,0.00951942522
0.37568000,-0.0233099703
0.37572000,-0.0437088199
0.37576000,-0.0268160235
0.37580000,-0.012154351
0.37584000,-0.0115168868
0.37588000,-0.0338281281
0.37592000,-0.0127918152
0.37596000,-0.0580517575
0.37600000,-0.0484897979
0.37604000,-0.00386731909
0.37608000,0.0503171198
0.37612000,0.0375678428
0.37616000,0.0248185601
0.37620000,0.0337430574
0.37624000,0.0506358519
0.37628000,0.0528669767
0.37632000,-0.0271347556
0.37636000,-0.0108794225
0.37640000,0.0181251895
0.37644000,0.0139816729
0.37648000,-0.00832956657
0.37652000,-0.0213975795
0.37656000,-0.0510396548
0.37660000,-0.0127918152
0.37664000,-0.00960449502
0.37668000,-0.0653825924
0.37672000,-0.00641717482
0.37676000,-0.038290374
0.37680000,-0.0303220749
0.37684000,0.00027619701
0.37688000,-0.0159791354
0.37692000,0.0139816729
0.37696000,-0.0162978675
0.37700000,0.0579666905
0.37704000,0.0586041547
0.37708000,0.0652975217
0.37712000,0.0267309528
0.37716000,0.0965332612
0.37720000,0.0576479584
0.37724000,-0.0124730831
0.37728000,0.0292808097
0.37732000,0.0117505491
0.37736000,-0.0108794225
0.37740000,0.00346351694
0.37744000,0.0694410428
0.37748000,0.0139816729
0.37752000,0.0302370042
0.37756000,-0.0102419592
0.37760000,-0.0462586768
0.37764000,0.0315119326
0.37768000,0.00951942522
0.37772000,-0.00928576291
0.37776000,-0.0398840345
0.37780000,0.0139816729
0.37784000,-0.0198039189
0.37788000,0.0283246133
0.37792000,0.0305557363
0.37796000,0.0232249014
0.37800000,0.0512733161
0.37804000,0.0487234592
0.37808000,0.0490421914
0.37812000,0.0101568894
0.37816000,0.0264122207
0.37820000,0.0174877252
0.37824000,0.016850261
0.37828000,-0.00514224684
0.37832000,-0.0105606914
0.37836000,-4.25350008e-05
0.37840000,-0.0124730831
0.37844000,-0.0245848987
0.37848000,-0.0351030566
0.37852000,-0.0437088199
0.37856000,-0.0347843245
0.37860000,-0.062195275
0.37864000,-0.033509396
0.37868000,-0.0255410951
0.37872000,-0.0322344676
0.37876000,-0.0465774052
0.37880000,0.0197188482
0.37884000,-0.0153416712
0.37888000,-0.0115168868
0.37892000,-0.0303220749
0.37896000,-0.0564581007
0.37900000,-0.0236287024
0.37904000,0.0327868611
0.37908000,0.0254560243
0.37912000,-0.0111981547
0.37916000,0.0232249014
0.37920000,0.0758156776
0.37924000,0.0684848428
0.37928000,0.00346351694
0.37932000,0.0324681289
0.37936000,0.0777280703
0.37940000,0.0407551602
0.37944000,-0.0185289904
0.37948000,-0.0105606914
0.37952000,0.0104756206
0.37956000,-0.0153416712
0.37960000,0.0133442087
0.37964000,0.00792576466
0.37968000,0.00696956879
0.37972000,-0.00354858697
0.37976000,-0.014704207
0.37980000,-0.00737337116
0.37984000,0.00282605295
0.37988000,-0.0105606914
0.37992000,-0.0319157355
0.37996000,-0.012154351
0.38000000,0.0123880133
0.38004000,-0.00577971106
0.38008000,-0.0370154455
0.38012000,0.0203563124
0.38016000,-0.00227365899
0.38020000,0.0295995418
0.38024000,0.00186985696
0.38028000,0.0372491106
0.38032000,0.00601337291
0.38036000,0.0356554501
0.38040000,0.00378224906
0.38044000,0.0104756206
0.38048000,-0.00705463905
0.38052000,-0.0373341776
0.38056000,-0.0446650162
0.38060000,-0.0494459942
0.38064000,-0.00354858697
0.38068000,-0.00832956657
0.38072000,-0.0433900878
0.38076000,-0.0414776951
0.38080000,-0.0140667427
0.38084000,-0.0127918152
0.38088000,0.0222687051
0.38092000,0.00282605295
0.38096000,-0.0198039189
0.38100000,-0.00864829868
0.38104000,-0.0226725079
0.38108000,0.0146191372
0.38112000,0.0127067454
0.38116000,0.0238623656
0.38120000,0.000594928977
0.38124000,0.021949973
0.38128000,0.0184439216
0.38132000,0.00186985696
0.38136000,-0.0714385062
0.38140000,-0.0296846107
0.38144000,-0.000679999008
0.38148000,-0.000361267012
0.38152000,-0.0462586768
0.38156000,-0.0271347556
0.38160000,-0.0185289904
0.38164000,-0.00960449502
0.38168000,-0.014704207
0.38172000,-0.00450478308
0.38176000,-0.0210788473
0.38180000,-0.00227365899
0.38184000,0.0235436335
0.38188000,0.000913660973
0.38192000,-0.0354217887
0.38196000,-0.0242661666
0.38200000,0.0417113565
0.38204000,0.00410098117
0.38208000,-0.0331906639
0.38212000,-0.0421151593
0.38216000,-0.0194851868
0.38220000,0.0152566014
0.38224000,-0.0249036308
0.38228000,-0.0433900878
0.38232000,-0.0328719318
0.38236000,0.0209937766
0.38240000,-0.0261785593
0.38244000,-0.00705463905
0.38248000,0.0324681289
0.38252000,0.0244998299
0.38256000,-0.00322985509
0.38260000,-0.001317463
0.38264000,0.0382053033
0.38268000,0.0401176959
0.38272000,0.035336718
0.38276000,0.0541419052
0.38280000,0.035336718
0.38284000,0.0394802317
0.38288000,0.0413926244
0.38292000,0.064341329
0.38296000,0.0410738923
0.38300000,0.0496796556
0.38304000,0.0308744684
0.38308000,0.00378224906
0.38312000,-0.000361267012
0.38316000,-0.00546097895
0.38320000,0.0270496849
0.38324000,0.00314478506
0.38328000,-0.0363779813
0.38332000,-0.0277722199
0.38336000,0.0295995418
0.38340000,0.0184439216
0.38344000,-0.0249036308
0.38348000,-0.0437088199
0.38352000,0.008881961
0.38356000,-0.00801083539
0.38360000,-0.0166165996
0.38364000,-0.0446650162
0.38368000,-0.0261785593
0.38372000,-0.0169353317
0.38376000,-0.0271347556
0.38380000,-0.0194851868
0.38384000,-0.0284096822
0.38388000,-0.030640807
0.38392000,-0.0402027667
0.38396000,-0.0714385062
0.38400000,-0.0373341776
0.38404000,0.0056946408
0.38408000,-0.0322344676
0.38412000,-0.0373341776
0.38416000,0.00537590915
0.38420000,-0.0236287024
0.38424000,-0.0354217887
0.38428000,-0.0204413831
0.38432000,-0.0500834584
0.38436000,-0.0561393686
0.38440000,-0.0303220749
0.38444000,-0.020122651
0.38448000,-0.0287284143
0.38452000,-0.0535895117
0.38456000,-0.0309595391
0.38460000,-0.0360592492
0.38464000,-0.0322344676
0.38468000,-0.00514224684
0.38472000,0.00282605295
0.38476000,-0.0166165996
0.38480000,-0.0542269759
0.38484000,-0.00801083539
0.38488000,-0.0249036308
0.38492000,-0.0111981547
0.38496000,0.00378224906
0.38500000,-0.00737337116
0.38504000,-0.0140667427
0.38508000,-0.0303220749
0.38512000,-0.054545708
0.38516000,-0.0641076639
0.38520000,-0.0312782712
0.38524000,-0.0108794225
0.38528000,-0.0287284143
0.38532000,-0.0204413831
0.38536000,0.00920069311
0.38540000,0.00696956879
0.38544000,0.000913660973
0.38548000,0.0152566014
0.38552000,0.00696956879
0.38556000,0.0222687051
0.38560000,0.0305557363
0.38564000,0.0146191372
0.38568000,0.0120692812
0.38572000,0.050954584
0.38576000,0.0362929143
0.38580000,0.00537590915
0.38584000,0.0280058812
0.38588000,0.00633210503
0.38592000,0.00410098117
0.38596000,0.0391614996
0.38600000,0.0289620776
0.38604000,0.0350179859
0.38608000,-0.00386731909
0.38612000,-0.001636195
0.38616000,-0.0127918152
0.38620000,-0.0127918152
0.38624000,-0.0182102583
0.38628000,0.00314478506
0.38632000,0.0136629408
0.38636000,-0.00546097895
0.38640000,-0.00609844318
0.38644000,-0.00386731909
0.38648000,0.00027619701
0.38652000,-0.00546097895
0.38656000,-0.0424338914
0.38660000,-0.0188477226
0.38664000,-0.000679999008
0.38668000,0.0254560243
0.38672000,-0.0134292794
0.38676000,0.00760703301
0.38680000,0.00250732107
0.38684000,0.0104756206
0.38688000,0.00633210503
0.38692000,-0.00673590694
0.38696000,0.00856322888
0.38700000,0.00856322888
0.38704000,0.00633210503
0.38708000,-0.0229912382
0.38712000,-0.00928576291
0.38716000,-0.0255410951
0.38720000,-0.00577971106
0.38724000,-0.0223537758
0.38728000,-0.0127918152
0.38732000,-0.0124730831
0.38736000,-0.001317463
0.38740000,0.00633210503
0.38744000,-0.00992322713
0.38748000,-0.00864829868
0.38752000,-0.0226725079
0.38756000,0.00537590915
0.38760000,-0.00928576291
0.38764000,0.00218858896
0.38768000,-0.0127918152
0.38772000,-0.0166165996
0.38776000,-0.00227365899
0.38780000,-0.0102419592
0.38784000,-0.0207601152
0.38788000,-0.0271347556
0.38792000,-0.0268160235
0.38796000,-0.0245848987
0.38800000,-0.00386731909
0.38804000,-0.0223537758
0.38808000,-0.0277722199
0.38812000,-0.0300033428
0.38816000,-0.0437088199
0.38820000,-0.0242661666
0.38824000,-0.0185289904
0.38828000,-0.0478523336
0.38832000,-0.0373341776
0.38836000,-0.025222363
0.38840000,-0.0226725079
0.38844000,-0.0392465703
0.38848000,-0.0284096822
0.38852000,-0.0376529098
0.38856000,-0.0459399447
0.38860000,-0.0175727941
0.38864000,-0.0331906639
0.38868000,-0.0105606914
0.38872000,-0.0102419592
0.38876000,0.0155753326
0.38880000,-0.001317463
0.38884000,0.0391614996
0.38888000,0.0302370042
0.38892000,0.0499983877
0.38896000,0.0503171198
0.38900000,0.0359741822
0.38904000,0.0828277841
0.38908000,0.0331055932
0.38912000,0.0289620776
0.38916000,0.0519107804
0.38920000,0.0573292263
0.38924000,-0.00227365899
0.38928000,0.0072883009
0.38932000,-0.0143854748
0.38936000,0.00378224906
0.38940000,-0.0245848987
0.38944000,-0.0223537758
0.38948000,-0.0437088199
0.38952000,-0.0303220749
0.38956000,-0.030640807
0.38960000,-0.0739883557
0.38964000,-0.0822753906
0.38968000,-0.0876938328
0.38972000,-0.00960449502
0.38976000,-0.0727134347
0.38980000,-0.0602828823
0.38984000,-0.059326686
0.38988000,-0.0892874971
0.38992000,-0.0943872035
0.38996000,-0.0290471464
0.39000000,-0.020122651
0.39004000,0.00186985696
0.39008000,0.0385240354
0.39012000,0.0206750445
0.39016000,0.0152566014
0.39020000,0.0346992537
0.39024000,0.0308744684
0.39028000,0.014300405
0.39032000,0.0350179859
0.39036000,0.00601337291
0.39040000,-0.0143854748
0.39044000,0.00186985696
0.39048000,0.00473844493
0.39052000,-0.025222363
0.39056000,-0.0172540639
0.39060000,-0.0542269759
0.39064000,-0.0229912382
0.39068000,-0.0239474345
0.39072000,-0.0315970033
0.39076000,-0.00386731909
0.39080000,-0.014704207
0.39084000,-0.0274534877
0.39088000,-0.0351030566
0.39092000,-0.0456212126
0.39096000,-0.0424338914
0.39100000,-0.0233099703
0.39104000,-0.0414776951
0.39108000,-0.0338281281
0.39112000,-0.00928576291
0.39116000,-0.0338281281
0.39120000,-0.0143854748
0.39124000,-0.001317463
0.39128000,-0.0137480106
0.39132000,-0.0249036308
0.39136000,0.0232249014
0.39140000,0.0401176959
0.39144000,0.00123239297
0.39148000,-0.001317463
0.39152000,0.0056946408
0.39156000,-0.00673590694
0.39160000,0.0200375803
0.39164000,0.0216312408
0.39168000,0.0235436335
0.39172000,0.00633210503
0.39176000,0.0203563124
0.39180000,0.0216312408
0.39184000,0.0586041547
0.39188000,0.0426675528
0.39192000,0.0350179859
0.39196000,0.00856322888
0.39200000,-0.0131105473
0.39204000,-0.0127918152
0.39208000,-0.00769210281
0.39212000,-0.0239474345
0.39216000,-0.0468961373
0.39220000,-0.0105606914
0.39224000,-0.012154351
0.39228000,-0.0207601152
0.39232000,-0.025222363
0.39236000,-0.0213975795
0.39240000,-0.0229912382
0.39244000,-0.0153416712
0.39248000,-0.0437088199
0.39252000,-0.0373341776
0.39256000,-0.0389278382
0.39260000,-0.0456212126
0.39264000,-0.0290471464
0.39268000,-0.0137480106
0.39272000,-0.0175727941
0.39276000,0.00250732107
0.39280000,0.0315119326
0.39284000,0.0104756206
0.39288000,0.0464923382
0.39292000,0.0471298024
0.39296000,0.0206750445
0.39300000,0.0401176959
0.39304000,0.0356554501
0.39308000,-0.0115168868
0.39312000,0.00824449677
0.39316000,0.00824449677
0.39320000,0.000594928977
0.39324000,-0.0169353317
0.39328000,-0.0284096822
0.39332000,0.00250732107
0.39336000,-0.00386731909
0.39340000,-0.0300033428
0.39344000,-0.0143854748
0.39348000,-0.00673590694
0.39352000,-0.0395653024
0.39356000,-0.00386731909
0.39360000,-0.0159791354
0.39364000,-0.020122651
0.39368000,0.0200375803
0.39372000,-0.0025923911
0.39376000,0.00378224906
0.39380000,0.00792576466
0.39384000,0.00920069311
0.39388000,0.0178064574
0.39392000,0.0260934886
0.39396000,0.0107943527
0.39400000,0.008881961
0.39404000,0.00218858896
0.39408000,0.0194001179
0.39412000,0.000594928977
0.39416000,0.0127067454
0.39420000,0.016850261
0.39424000,-4.25350008e-05
0.39428000,0.0222687051
0.39432000,0.0184439216
0.39436000,0.0366116464
0.39440000,0.0372491106
0.39444000,0.0127067454
0.39448000,0.00027619701
0.39452000,0.0229061693
0.39456000,0.0139816729
0.39460000,-0.0102419592
0.39464000,0.0292808097
0.39468000,-0.00992322713
0.39472000,0.0104756206
0.39476000,-0.0156604033
0.39480000,-0.0233099703
0.39484000,0.00346351694
0.39488000,0.0123880133
0.39492000,0.0187626537
0.39496000,0.000594928977
0.39500000,0.0280058812
0.39504000,0.0315119326
0.39508000,0.0260934886
0.39512000,0.0174877252
0.39516000,0.0241810977
0.39520000,0.0264122207
0.39524000,0.00186985696
0.39528000,-0.0325531997
0.39532000,0.00250732107
0.39536000,0.0111130849
0.39540000,-0.0207601152
0.39544000,-0.0344655924
0.39548000,0.021949973
0.39552000,-0.0137480106
0.39556000,-0.0153416712
0.39560000,0.040436428
0.39564000,0.016850261
0.39568000,-0.0140667427
0.39572000,0.00441971282
0.39576000,-4.25350008e-05
0.39580000,-0.0210788473
0.39584000,-0.0185289904
0.39588000,-0.0111981547
0.39592000,-0.0312782712
0.39596000,-0.0159791354
0.39600000,-0.020122651
0.39604000,-0.0255410951
0.39608000,-0.0207601152
0.39612000,-0.00546097895
0.39616000,-0.0373341776
0.39620000,-0.0739883557
0.39624000,-0.0924748182
0.39628000,-0.054545708
0.39632000,-0.0848252475
0.39636000,-0.0188477226
0.39640000,0.0343805216
0.39644000,0.011431817
0.39648000,0.0101568894
0.39652000,0.0276871491
0.39656000,0.0321493968
0.39660000,-0.000998731004
0.39664000,0.00792576466
0.39668000,0.0302370042
0.39672000,0.00633210503
0.39676000,-0.00705463905
0.39680000,-0.001317463
0.39684000,0.00282605295
0.39688000,-0.0127918152
0.39692000,-0.0175727941
0.39696000,0.0171689931
0.39700000,-0.0191664547
0.39704000,-0.025222363
0.39708000,-0.00450478308
0.39712000,0.00186985696
0.39716000,-0.0714385062
0.39720000,-0.0711197704
0.39724000,-0.030640807
0.39728000,-0.0115168868
0.39732000,-0.00928576291
0.39736000,0.0155753326
0.39740000,0.0203563124
0.39744000,0.0531857088
0.39748000,0.0535044409
0.39752000,0.0703972355
0.39756000,0.0429862849
0.39760000,0.0684848428
0.39764000,0.0946208686
0.39768000,0.06147274
0.39772000,0.0503171198
0.39776000,0.0611540079
0.39780000,0.0541419052
0.39784000,0.0222687051
0.39788000,0.0637038648
0.39792000,0.0566917621
0.39796000,0.0531857088
0.39800000,0.0694410428
0.39804000,0.0178064574
0.39808000,-0.0296846107
0.39812000,0.00378224906
0.39816000,-0.0188477226
0.39820000,-0.0166165996
0.39824000,-0.025222363
0.39828000,-0.0217163116
0.39832000,-0.00450478308
0.39836000,0.00792576466
0.39840000,0.00920069311
0.39844000,-0.00514224684
0.39848000,-0.00546097895
0.39852000,-0.00322985509
0.39856000,0.0656162575
0.39860000,0.0700785071
0.39864000,-0.0421151593
0.39868000,0.000913660973
0.39872000,-0.0322344676
0.39876000,-0.0736696273
0.39880000,-0.0465774052
0.39884000,0.0528669767
0.39888000,-0.04880853
0.39892000,-0.0108794225
0.39896000,-0.0115168868
0.39900000,-0.0743070915
0.39904000,-0.0484897979
0.39908000,-0.0386091061
0.39912000,-0.0178915262
0.39916000,-0.0421151593
0.39920000,-0.0115168868
0.39924000,0.0184439216
0.39928000,-0.00195492711
0.39932000,-0.00577971106
0.39936000,-0.0300033428
0.39940000,0.0056946408
0.39944000,0.0222687051
0.39948000,0.0111130849
0.39952000,0.00951942522
0.39956000,0.0468110703
0.39960000,0.0139816729
0.39964000,0.0439424813
0.39968000,0.0209937766
0.39972000,-0.00641717482
0.39976000,-0.00769210281
0.39980000,0.045854874
0.39984000,0.045854874
0.39988000,0.0197188482
0.39992000,0.00601337291
0.39996000,0.0802779272
0.40000000,0.0522295125
0.40004000,0.0554168336
0.40008000,0.0656162575
0.40012000,0.0260934886
0.40016000,0.035336718
0.40020000,0.0519107804
0.40024000,-0.0025923911
0.40028000,0.0305557363
0.40032000,0.0420300886
0.40036000,0.0541419052
0.40040000,-0.0328719318
0.40044000,-0.0166165996
0.40048000,-0.0239474345
0.40052000,-0.0331906639
0.40056000,0.0152566014
0.40060000,0.0292808097
0.40064000,0.00378224906
0.40068000,0.0499983877
0.40072000,0.0397989638
0.40076000,-0.0379716419
0.40080000,-0.0169353317
0.40084000,-0.0398840345
0.40088000,0.0280058812
0.40092000,-0.0424338914
0.40096000,-0.025222363
0.40100000,0.0158940647
0.40104000,-0.00195492711
0.40108000,0.011431817
0.40112000,-0.0236287024
0.40116000,-0.00354858697
0.40120000,0.00282605295
0.40124000,0.0229061693
0.40128000,-0.00227365899
0.40132000,-0.00291112298
0.40136000,-0.0105606914
0.40140000,-0.0437088199
0.40144000,0.00314478506
0.40148000,-0.0274534877
0.40152000,-0.0217163116
0.40156000,0.0130254766
0.40160000,-0.00705463905
0.40164000,-0.00482351519
0.40168000,-0.00928576291
0.40172000,-0.00832956657
0.40176000,0.00601337291
0.40180000,0.0213125087
0.40184000,0.0056946408
0.40188000,0.021949973
0.40192000,0.0174877252
0.40196000,-0.001636195
0.40200000,-0.0188477226
0.40204000,-0.0111981547
0.40208000,0.00441971282
0.40212000,0.00123239297
0.40216000,-0.00928576291
0.40220000,-0.00801083539
0.40224000,-0.0414776951
0.40228000,0.0107943527
0.40232000,0.00473844493
0.40236000,-0.0127918152
0.40240000,0.00824449677
0.40244000,0.0203563124
0.40248000,-0.0172540639
0.40252000,0.0515920483
0.40256000,0.0649787933
0.40260000,-0.0437088199
0.40264000,0.0232249014
0.40268000,0.0468110703
0.40272000,-0.0213975795
0.40276000,0.0299182739
0.40280000,0.0162127968
0.40284000,-0.020122651
0.40288000,-0.00450478308
0.40292000,-0.0105606914
0.40296000,-0.0185289904
0.40300000,-0.0162978675
0.40304000,0.00983815733
0.40308000,-0.0351030566
0.40312000,-0.0140667427
0.40316000,-0.0319157355
0.40320000,-0.0159791354
0.40324000,0.000594928977
0.40328000,-0.0338281281
0.40332000,-0.0182102583
0.40336000,-0.0233099703
0.40340000,0.0286433455
0.40344000,-0.0143854748
0.40348000,-0.0025923911
0.40352000,-0.00482351519
0.40356000,0.00824449677
0.40360000,-0.0127918152
0.40364000,0.0251372922
0.40368000,-0.0405214988
0.40372000,-0.0226725079
0.40376000,0.0260934886
0.40380000,0.00633210503
0.40384000,0.00473844493
0.40388000,-0.0268160235
0.40392000,0.0474485345
0.40396000,0.0362929143
0.40400000,0.0264122207
0.40404000,-0.00673590694
0.40408000,0.00760703301
0.40412000,-0.001317463
0.40416000,0.00378224906
0.40420000,0.0178064574
0.40424000,-0.0261785593
0.40428000,0.00601337291
0.40432000,-0.00354858697
0.40436000,0.008881961
0.40440000,-0.00482351519
0.40444000,0.0130254766
0.40448000,-4.25350008e-05
0.40452000,0.00824449677
0.40456000,0.00282605295
0.40460000,0.0203563124
0.40464000,-0.001317463
0.40468000,-0.0185289904
0.40472000,-0.0166165996
0.40476000,0.0464923382
0.40480000,0.0232249014
0.40484000,0.00282605295
0.40488000,-0.00832956657
0.40492000,0.00792576466
0.40496000,-0.0204413831
0.40500000,-0.0210788473
0.40504000,-0.0115168868
0.40508000,-0.0255410951
0.40512000,-0.0519958511
0.40516000,-0.0296846107
0.40520000,-0.0395653024
0.40524000,-0.0453024805
0.40528000,-0.0453024805
0.40532000,-0.0424338914
0.40536000,-0.0688886493
0.40540000,-0.0797255337
0.40544000,-0.041158963
0.40548000,-0.0430713557
0.40552000,-0.0242661666
0.40556000,-0.0172540639
0.40560000,-0.0143854748
0.40564000,-0.0373341776
0.40568000,-0.0108794225
0.40572000,-0.0188477226
0.40576000,-0.0166165996
0.40580000,0.0111130849
0.40584000,0.00218858896
0.40588000,-0.0213975795
0.40592000,-0.0025923911
0.40596000,-0.0115168868
0.40600000,0.0324681289
0.40604000,-0.0134292794
0.40608000,0.0130254766
0.40612000,0.00824449677
0.40616000,-0.00227365899
0.40620000,0.00760703301
0.40624000,0.011431817
0.40628000,-0.0153416712
0.40632000,-0.0239474345
0.40636000,0.0130254766
0.40640000,-0.0182102583
0.40644000,-0.0239474345
0.40648000,0.00856322888
0.40652000,-0.0108794225
0.40656000,-0.00291112298
0.40660000,-4.25350008e-05
0.40664000,0.00282605295
0.40668000,0.000594928977
0.40672000,0.0289620776
0.40676000,-0.0312782712
0.40680000,-0.0284096822
0.40684000,-0.0615578108
0.40688000,-0.0268160235
0.40692000,-0.000998731004
0.40696000,-0.0162978675
0.40700000,-0.025222363
0.40704000,-0.0539082438
0.40708000,-0.0277722199
0.40712000,-0.0660200566
0.40716000,-0.0424338914
0.40720000,-0.0134292794
0.40724000,-0.0331906639
0.40728000,0.0130254766
0.40732000,-0.00450478308
0.40736000,0.0484047309
0.40740000,0.0149378693
0.40744000,0.0209937766
0.40748000,0.00155112497
0.40752000,-0.00482351519
0.40756000,0.00951942522
0.40760000,0.0149378693
0.40764000,-0.0140667427
0.40768000,-0.001317463
0.40772000,-0.0277722199
0.40776000,0.0318306647
0.40780000,-0.0229912382
0.40784000,-0.00705463905
0.40788000,0.00378224906
0.40792000,0.00218858896
0.40796000,-0.0159791354
0.40800000,0.0490421914
0.40804000,0.0850589126
0.40808000,0.0519107804
0.40812000,0.0216312408
0.40816000,0.0439424813
0.40820000,0.0433050171
0.40824000,-0.000679999008
0.40828000,0.0315119326
0.40832000,0.0197188482
0.40836000,0.00665083714
0.40840000,0.00346351694
0.40844000,-0.0143854748
0.40848000,0.0130254766
0.40852000,-0.0166165996
0.40856000,-0.00992322713
0.40860000,-0.0319157355
0.40864000,0.0267309528
0.40868000,0.0225874372
0.40872000,0.0257747564
0.40876000,0.0241810977
0.40880000,0.011431817
0.40884000,-0.0131105473
0.40888000,-0.0351030566
0.40892000,-0.0108794225
0.40896000,-0.0255410951
0.40900000,-0.0519958511
0.40904000,-0.062195275
0.40908000,-0.065063864
0.40912000,-0.0590079539
0.40916000,-0.0443462841
0.40920000,-0.0453024805
0.40924000,-0.0519958511
0.40928000,-0.0229912382
0.40932000,-0.0264972914
0.40936000,-0.00450478308
0.40940000,0.0407551602
0.40944000,0.0445799455
0.40948000,0.0257747564
0.40952000,0.0665724501
0.40956000,0.0295995418
0.40960000,0.0194001179
0.40964000,0.00537590915
0.40968000,0.00665083714
0.40972000,-0.0360592492
0.40976000,-0.0274534877
0.40980000,-0.0178915262
0.40984000,-0.0127918152
0.40988000,0.008881961
0.40992000,-0.0239474345
0.40996000,-0.0370154455
0.41000000,-0.0178915262
0.41004000,-0.00769210281
0.41008000,-0.00864829868
0.41012000,-0.0213975795
0.41016000,-0.0131105473
0.41020000,-0.0408402309
0.41024000,-0.0497647263
0.41028000,-0.0583704896
0.41032000,-0.0497647263
0.41036000,-0.0459399447
0.41040000,-0.0443462841
0.41044000,-0.04880853
0.41048000,-0.0312782712
0.41052000,-0.0319157355
0.41056000,-0.033509396
0.41060000,-0.00641717482
0.41064000,0.0617914721
0.41068000,0.0468110703
0.41072000,0.0566917621
0.41076000,0.0401176959
0.41080000,0.0589228868
0.41084000,0.0165315289
0.41088000,0.0586041547
0.41092000,0.0362929143
0.41096000,0.0461736061
0.41100000,0.0257747564
0.41104000,0.0181251895
0.41108000,-0.0166165996
0.41112000,-0.038290374
0.41116000,-0.0296846107
0.41120000,-0.00609844318
0.41124000,-0.020122651
0.41128000,-0.0309595391
0.41132000,-0.0210788473
0.41136000,-0.00227365899
0.41140000,-0.0242661666
0.41144000,0.0225874372
0.41148000,0.0484047309
0.41152000,0.0382053033
0.41156000,0.0359741822
0.41160000,0.0238623656
0.41164000,0.0289620776
0.41168000,0.0280058812
0.41172000,0.00696956879
0.41176000,-0.00514224684
0.41180000,-0.00322985509
0.41184000,0.008881961
0.41188000,0.00282605295
0.41192000,0.0171689931
0.41196000,0.0056946408
0.41200000,-0.00705463905
0.41204000,0.0248185601
0.41208000,0.0206750445
0.41212000,0.0127067454
0.41216000,0.00218858896
0.41220000,0.0146191372
0.41224000,-0.000998731004
0.41228000,-0.00291112298
0.41232000,0.0072883009
0.41236000,0.00601337291
0.41240000,-0.0194851868
0.41244000,-0.0188477226
0.41248000,-0.0229912382
0.41252000,-0.0338281281
0.41256000,-0.041158963
0.41260000,-0.0274534877
0.41264000,-0.0182102583
0.41268000,-0.0274534877
0.41272000,-0.0127918152
0.41276000,-0.0194851868
0.41280000,-0.0325531997
0.41284000,-0.0449837483
0.41288000,-0.0233099703
0.41292000,-0.0567768328
0.41296000,-0.0245848987
0.41300000,-0.038290374
0.41304000,-0.0717572346
0.41308000,-0.041158963
0.41312000,-0.00960449502
0.41316000,-0.00386731909
0.41320000,-0.0459399447
0.41324000,-0.00928576291
0.41328000,-0.0424338914
0.41332000,-0.0280909501
0.41336000,-0.0169353317
0.41340000,-0.00705463905
0.41344000,-0.0405214988
0.41348000,-0.0274534877
0.41352000,0.0190813858
0.41356000,0.00856322888
0.41360000,0.0139816729
0.41364000,0.00378224906
0.41368000,0.00250732107
0.41372000,-0.00386731909
0.41376000,0.00601337291
0.41380000,-0.001317463
0.41384000,-0.00928576291
0.41388000,0.0107943527
0.41392000,-0.0143854748
0.41396000,-0.0223537758
0.41400000,-0.0172540639
0.41404000,0.0178064574
0.41408000,0.00505717704
0.41412000,0.0225874372
0.41416000,0.0369303785
0.41420000,0.0334243253
0.41424000,0.0547793694
0.41428000,0.0448986776
0.41432000,0.0343805216
0.41436000,0.0133442087
0.41440000,0.0238623656
0.41444000,0.0171689931
0.41448000,0.008881961
0.41452000,-0.00992322713
0.41456000,-0.00418605097
0.41460000,0.00696956879
0.41464000,-0.0223537758
0.41468000,-0.0198039189
0.41472000,-0.0370154455
0.41476000,-0.0405214988
0.41480000,-0.0242661666
0.41484000,-0.0551831722
0.41488000,-0.0542269759
0.41492000,-0.0421151593
0.41496000,-0.0555019043
0.41500000,-0.0819566622
0.41504000,-0.033509396
0.41508000,-0.0376529098
0.41512000,-0.0430713557
0.41516000,-0.0478523336
0.41520000,-0.0459399447
0.41524000,-0.0258598272
0.41528000,-0.001317463
0.41532000,-0.0140667427
0.41536000,-0.00992322713
0.41540000,-0.0127918152
0.41544000,-0.0198039189
0.41548000,0.0203563124
0.41552000,-0.00195492711
0.41556000,0.0407551602
0.41560000,0.0378865711
0.41564000,-0.001317463
0.41568000,0.021949973
0.41572000,0.0184439216
0.41576000,0.00951942522
0.41580000,-0.00705463905
0.41584000,-0.0261785593
0.41588000,-0.0271347556
0.41592000,-0.0548644401
0.41596000,-0.0596454181
0.41600000,-0.0666575208
0.41604000,-0.0363779813
0.41608000,-0.0612390786
0.41612000,-0.0497647263
0.41616000,-0.0255410951
0.41620000,-0.0437088199
0.41624000,-0.001317463
0.41628000,0.000594928977
0.41632000,0.0123880133
0.41636000,0.0111130849
0.41640000,-0.0137480106
0.41644000,0.0251372922
0.41648000,0.0535044409
0.41652000,0.0592416152
0.41656000,0.00218858896
0.41660000,0.0394802317
0.41664000,0.0566917621
0.41668000,0.0331055932
0.41672000,0.00505717704
0.41676000,0.0171689931
0.41680000,0.0369303785
0.41684000,0.00856322888
0.41688000,-0.0178915262
0.41692000,-0.0319157355
0.41696000,-0.038290374
0.41700000,-0.041158963
0.41704000,-0.0539082438
0.41708000,-0.0405214988
0.41712000,-0.038290374
0.41716000,-0.0226725079
0.41720000,-0.0386091061
0.41724000,-0.00960449502
0.41728000,0.00027619701
0.41732000,-0.00386731909
0.41736000,0.0209937766
0.41740000,0.0350179859
0.41744000,0.0264122207
0.41748000,-0.00227365899
0.41752000,0.00792576466
0.41756000,0.00696956879
0.41760000,0.0200375803
0.41764000,0.0601978116
0.41768000,0.0656162575
0.41772000,0.0324681289
0.41776000,0.0267309528
0.41780000,0.050954584
0.41784000,0.0442612134
0.41788000,0.014300405
0.41792000,0.0203563124
0.41796000,0.0280058812
0.41800000,0.00983815733
0.41804000,-0.000361267012
0.41808000,0.0101568894
0.41812000,-0.0025923911
0.41816000,-0.0159791354
0.41820000,-0.020122651
0.41824000,-0.0398840345
0.41828000,-0.0682511851
0.41832000,-0.0481710657
0.41836000,-0.0542269759
0.41840000,-0.0430713557
0.41844000,-0.0357405208
0.41848000,-0.0280909501
0.41852000,-0.0586892217
0.41856000,-0.0551831722
0.41860000,-0.0590079539
0.41864000,-0.0312782712
0.41868000,-0.0229912382
0.41872000,-0.0379716419
0.41876000,-0.0229912382
0.41880000,-0.00832956657
0.41884000,-0.00291112298
0.41888000,0.00505717704
0.41892000,0.000594928977
0.41896000,-0.0115168868
0.41900000,-0.001317463
0.41904000,-0.00609844318
0.41908000,-0.0465774052
0.41912000,-0.0284096822
0.41916000,-0.0386091061
0.41920000,-0.0274534877
0.41924000,-0.012154351
0.41928000,-0.0105606914
0.41932000,-0.0481710657
0.41936000,-0.0280909501
0.41940000,-0.0150229391
0.41944000,-0.044027552
0.41948000,-0.00450478308
0.41952000,-0.0188477226
0.41956000,-0.0111981547
0.41960000,-0.0191664547
0.41964000,0.0101568894
0.41968000,-0.00801083539
0.41972000,-0.000361267012
0.41976000,0.00760703301
0.41980000,0.0264122207
0.41984000,0.0283246133
0.41988000,0.0200375803
0.41992000,0.0420300886
0.41996000,0.0617914721
0.42000000,0.0407551602
0.42004000,0.0630664006
0.42008000,0.0920710117
0.42012000,0.0496796556
0.42016000,0.0570104942
0.42020000,0.0155753326
0.42024000,0.0158940647
0.42028000,0.0366116464
0.42032000,0.0158940647
0.42036000,-0.00514224684
0.42040000,0.0244998299
0.42044000,-0.0204413831
0.42048000,-0.0319157355
0.42052000,-0.0300033428
0.42056000,-0.0437088199
0.42060000,-0.0405214988
0.42064000,-0.00546097895
0.42068000,-0.0290471464
0.42072000,-0.0207601152
0.42076000,-0.0280909501
0.42080000,-0.00641717482
0.42084000,-0.00354858697
0.42088000,0.00760703301
0.42092000,0.0292808097
0.42096000,0.0270496849
0.42100000,0.0321493968
0.42104000,0.0178064574
0.42108000,0.0311932005
0.42112000,0.0672099143
0.42116000,0.035336718
0.42120000,-0.0264972914
0.42124000,-0.0153416712
0.42128000,-0.0293658786
0.42132000,-0.0268160235
0.42136000,-0.0229912382
0.42140000,-0.00354858697
0.42144000,-0.0194851868
0.42148000,-0.0204413831
0.42152000,-0.0462586768
0.42156000,-0.0819566622
0.42160000,-0.0663387924
0.42164000,-0.0354217887
0.42168000,-0.0631514713
0.42172000,-0.0532707796
0.42176000,-0.0312782712
0.42180000,-0.000998731004
0.42184000,-0.0175727941
0.42188000,0.00378224906
0.42192000,-0.0258598272
0.42196000,-0.0143854748
0.42200000,0.00378224906
0.42204000,0.0194001179
0.42208000,0.00537590915
0.42212000,-0.020122651
0.42216000,-0.00322985509
0.42220000,0.0528669767
0.42224000,-0.00195492711
0.42228000,0.0155753326
0.42232000,0.0190813858
0.42236000,-0.000679999008
0.42240000,0.0260934886
0.42244000,0.0557355657
0.42248000,0.0178064574
0.42252000,-0.00482351519
0.42256000,0.0311932005
0.42260000,-0.00769210281
0.42264000,0.0286433455
0.42268000,0.0203563124
0.42272000,0.0276871491
0.42276000,0.0382053033
0.42280000,0.0289620776
0.42284000,-0.00227365899
0.42288000,0.011431817
0.42292000,-0.0309595391
0.42296000,-0.0217163116
0.42300000,-0.0274534877
0.42304000,0.00155112497
0.42308000,0.0111130849
0.42312000,-0.0379716419
0.42316000,-0.00705463905
0.42320000,0.0216312408
0.42324000,-0.00864829868
0.42328000,-0.00418605097
0.42332000,0.00792576466
0.42336000,-0.0892874971
0.42340000,-0.0829128549
0.42344000,-0.0102419592
0.42348000,-0.0389278382
0.42352000,-0.0127918152
0.42356000,0.0299182739
0.42360000,0.00250732107
0.42364000,-0.0379716419
0.42368000,0.0174877252
0.42372000,-0.0319157355
0.42376000,-0.041158963
0.42380000,-0.0217163116
0.42384000,-0.0115168868
0.42388000,-0.00291112298
0.42392000,-0.0198039189
0.42396000,0.00314478506
0.42400000,-0.0127918152
0.42404000,0.00218858896
0.42408000,-0.00322985509
0.42412000,0.0162127968
0.42416000,-0.0226725079
0.42420000,-0.0274534877
0.42424000,0.00410098117
0.42428000,-0.00928576291
0.42432000,-0.0226725079
0.42436000,-0.00992322713
0.42440000,0.0359741822
0.42444000,-0.00673590694
0.42448000,0.0289620776
0.42452000,0.0413926244
0.42456000,0.0324681289
0.42460000,0.0324681289
0.42464000,0.0388427675
0.42468000,-0.000361267012
0.42472000,0.00282605295
0.42476000,-0.00641717482
0.42480000,-0.0319157355
0.42484000,-0.00960449502
0.42488000,-0.00577971106
0.42492000,-0.00450478308
0.42496000,0.00155112497
0.42500000,0.00633210503
0.42504000,-0.0398840345
0.42508000,-0.0347843245
0.42512000,-0.0249036308
0.42516000,-0.00928576291
0.42520000,-0.0166165996
0.42524000,-0.0156604033
0.42528000,-0.001317463
0.42532000,0.0209937766
0.42536000,0.0111130849
0.42540000,0.0072883009
0.42544000,0.0777280703
0.42548000,0.00920069311
0.42552000,0.0171689931
0.42556000,0.0605165437
0.42560000,0.0646600574
0.42564000,0.00027619701
0.42568000,0.0417113565
0.42572000,0.045854874
0.42576000,0.0783655345
0.42580000,0.0560542978
0.42584000,0.0280058812
0.42588000,-0.0025923911
0.42592000,0.0203563124
0.42596000,-0.00737337116
0.42600000,0.0178064574
0.42604000,0.0295995418
0.42608000,0.00856322888
0.42612000,-0.0194851868
0.42616000,0.0178064574
0.42620000,-0.0166165996
0.42624000,0.00983815733
0.42628000,-0.00992322713
0.42632000,-0.00705463905
0.42636000,-0.0102419592
0.42640000,-0.0293658786
0.42644000,-0.0319157355
0.42648000,0.000594928977
0.42652000,-0.0217163116
0.42656000,-0.0258598272
0.42660000,-0.0182102583
0.42664000,-0.00386731909
0.42668000,-0.00291112298
0.42672000,-0.0025923911
0.42676000,-0.0108794225
0.42680000,0.0133442087
0.42684000,0.0318306647
0.42688000,-0.0370154455
0.42692000,-0.0551831722
0.42696000,-0.0351030566
0.42700000,-0.0580517575
0.42704000,-0.0261785593
0.42708000,-0.0124730831
0.42712000,-0.0150229391
0.42716000,-0.0615578108
0.42720000,0.0130254766
0.42724000,-0.0255410951
0.42728000,-0.0392465703
0.42732000,-0.0303220749
0.42736000,0.0162127968
0.42740000,-0.00546097895
0.42744000,0.00951942522
0.42748000,0.0334243253
0.42752000,0.0286433455
0.42756000,0.0146191372
0.42760000,0.0146191372
0.42764000,0.000913660973
0.42768000,-0.001636195
0.42772000,0.00633210503
0.42776000,0.0216312408
0.42780000,0.000913660973
0.42784000,0.00314478506
0.42788000,0.0324681289
0.42792000,0.0241810977
0.42796000,0.0541419052
0.42800000,0.0123880133
0.42804000,-0.0239474345
0.42808000,-0.020122651
0.42812000,-0.0118356189
0.42816000,0.0378865711
0.42820000,0.00633210503
0.42824000,0.000913660973
0.42828000,-0.00641717482
0.42832000,-0.0245848987
0.42836000,-0.0185289904
0.42840000,0.0283246133
0.42844000,-0.0303220749
0.42848000,-0.0590079539
0.42852000,-0.00832956657
0.42856000,-0.0124730831
0.42860000,-0.0274534877
0.42864000,0.00633210503
0.42868000,0.0120692812
0.42872000,0.0468110703
0.42876000,0.0203563124
0.42880000,-0.0191664547
0.42884000,-0.0213975795
0.42888000,-0.00673590694
0.42892000,0.00505717704
0.42896000,0.0452174097
0.42900000,0.0410738923
0.42904000,0.0197188482
0.42908000,0.0315119326
0.42912000,0.0547793694
0.42916000,0.0442612134
0.42920000,0.0346992537
0.42924000,0.0305557363
0.42928000,-0.00928576291
0.42932000,0.0407551602
0.42936000,0.0487234592
0.42940000,0.0305557363
0.42944000,-0.0271347556
0.42948000,-0.0169353317
0.42952000,0.0292808097
0.42956000,0.0139816729
0.42960000,-0.0102419592
0.42964000,-0.0239474345
0.42968000,0.0174877252
0.42972000,0.00250732107
0.42976000,-0.0204413831
0.42980000,-0.0360592492
0.42984000,-0.041158963
0.42988000,-0.0131105473
0.42992000,-0.0229912382
0.42996000,-0.0341468602
0.43000000,-0.0191664547
0.43004000,-0.0268160235
0.43008000,-0.0351030566
0.43012000,-0.0175727941
0.43016000,-0.0115168868
0.43020000,-0.0242661666
0.43024000,-0.0331906639
0.43028000,-0.0711197704
0.43032000,-0.054545708
0.43036000,-0.0150229391
0.43040000,-0.0108794225
0.43044000,-0.0280909501
0.43048000,-0.030640807
0.43052000,-0.0185289904
0.43056000,-0.0389278382
0.43060000,-0.0268160235
0.43064000,-0.0319157355
0.43068000,-0.0249036308
0.43072000,-0.00769210281
0.43076000,0.0190813858
0.43080000,-0.00832956657
0.43084000,-0.000998731004
0.43088000,0.00250732107
0.43092000,0.0130254766
0.43096000,-0.0328719318
0.43100000,-4.25350008e-05
0.43104000,0.0216312408
0.43108000,0.0382053033
0.43112000,-4.25350008e-05
0.43116000,0.00537590915
0.43120000,0.00282605295
0.43124000,-0.0207601152
0.43128000,0.0104756206
0.43132000,0.00473844493
0.43136000,0.00951942522
0.43140000,0.0165315289
0.43144000,0.0480859987
0.43148000,0.00250732107
0.43152000,-0.0268160235
0.43156000,0.0225874372
0.43160000,0.0133442087
0.43164000,0.0104756206
0.43168000,-0.033509396
0.43172000,-0.000679999008
0.43176000,-0.0178915262
0.43180000,-0.0414776951
0.43184000,-0.0430713557
0.43188000,-0.0475336015
0.43192000,-0.0312782712
0.43196000,-0.0341468602
0.43200000,-0.0389278382
0.43204000,-0.0459399447
0.43208000,-0.0166165996
0.43212000,-0.0159791354
0.43216000,0.00665083714
0.43220000,-0.00354858697
0.43224000,-0.0351030566
0.43228000,-0.0156604033
0.43232000,-0.00769210281
0.43236000,-0.00418605097
0.43240000,-0.00386731909
0.43244000,-0.0159791354
0.43248000,-0.0182102583
0.43252000,-0.00928576291
0.43256000,-0.00992322713
0.43260000,-0.00195492711
0.43264000,-0.0111981547
0.43268000,-0.0188477226
0.43272000,-0.00354858697
0.43276000,0.00123239297
0.43280000,0.0401176959
0.43284000,0.0630664006
0.43288000,0.021949973
0.43292000,0.011431817
0.43296000,0.0366116464
0.43300000,0.00696956879
0.43304000,-0.00482351519
0.43308000,0.0260934886
0.43312000,0.0139816729
0.43316000,-0.00609844318
0.43320000,0.00920069311
0.43324000,0.0056946408
0.43328000,-0.0315970033
0.43332000,-0.0296846107
0.43336000,0.00696956879
0.43340000,0.011431817
0.43344000,-0.00322985509
0.43348000,0.000913660973
0.43352000,0.00282605295
0.43356000,-0.00450478308
0.43360000,0.0136629408
0.43364000,-0.0185289904
0.43368000,-0.0271347556
0.43372000,-0.00227365899
0.43376000,-0.0118356189
0.43380000,-0.0102419592
0.43384000,-0.0277722199
0.43388000,0.0111130849
0.43392000,-0.00482351519
0.43396000,-0.0647451282
0.43400000,-0.0290471464
0.43404000,0.0324681289
0.43408000,-0.0108794225
0.43412000,-0.0198039189
0.43416000,-0.00801083539
0.43420000,0.00920069311
0.43424000,-0.00992322713
0.43428000,0.00920069311
0.43432000,-0.0213975795
0.43436000,-0.0618765429
0.43440000,-0.0245848987
0.43444000,-0.0182102583
0.43448000,-0.0532707796
0.43452000,-0.0217163116
0.43456000,-0.0194851868
0.43460000,-0.0315970033
0.43464000,-0.0551831722
0.43468000,-0.0478523336
0.43472000,-0.0733508915
0.43476000,-0.0264972914
0.43480000,-0.0185289904
0.43484000,-0.0590079539
0.43488000,-0.044027552
0.43492000,-0.0303220749
0.43496000,-0.0465774052
0.43500000,-0.0606016144
0.43504000,-0.038290374
0.43508000,-0.0357405208
0.43512000,-0.0468961373
0.43516000,-0.0025923911
0.43520000,-0.0437088199
0.43524000,-0.041158963
0.43528000,0.00537590915
0.43532000,-0.00354858697
0.43536000,0.00473844493
0.43540000,0.0611540079
0.43544000,0.021949973
0.43548000,0.00696956879
0.43552000,0.0732658282
0.43556000,0.0496796556
0.43560000,0.0270496849
0.43564000,0.0952583328
0.43568000,0.00792576466
0.43572000,0.0688035786
0.43576000,0.0407551602
0.43580000,0.0525482446
0.43584000,0.0305557363
0.43588000,0.0633851364
0.43592000,-0.00291112298
0.43596000,0.0394802317
0.43600000,0.0238623656
0.43604000,0.0343805216
0.43608000,0.045854874
0.43612000,0.0331055932
0.43616000,0.00633210503
0.43620000,0.0197188482
0.43624000,-0.0105606914
0.43628000,-0.00291112298
0.43632000,-0.0175727941
0.43636000,-0.0188477226
0.43640000,-0.0462586768
0.43644000,-0.0331906639
0.43648000,-0.0424338914
0.43652000,-0.0548644401
0.43656000,-0.0453024805
0.43660000,-0.0433900878
0.43664000,-0.0746258199
0.43668000,-0.0551831722
0.43672000,-0.0504021905
0.43676000,-0.0609203465
0.43680000,-0.0529520474
0.43684000,-0.0303220749
0.43688000,-0.0453024805
0.43692000,-0.0513583869
0.43696000,-0.0421151593
0.43700000,-0.0357405208
0.43704000,-0.0223537758
0.43708000,-0.00577971106
0.43712000,0.0340617895
0.43716000,0.0299182739
0.43720000,0.0420300886
0.43724000,0.0276871491
0.43728000,0.0471298024
0.43732000,0.0388427675
0.43736000,0.053823173
0.43740000,0.0490421914
0.43744000,0.0327868611
0.43748000,0.0519107804
0.43752000,0.045854874
0.43756000,0.0586041547
0.43760000,0.0382053033
0.43764000,0.0149378693
0.43768000,-0.00546097895
0.43772000,0.0165315289
0.43776000,-0.00928576291
0.43780000,-0.0166165996
0.43784000,0.00378224906
0.43788000,-0.00896703079
0.43792000,-0.0309595391
0.43796000,-0.0414776951
0.43800000,-0.0453024805
0.43804000,-0.0261785593
0.43808000,-0.0389278382
0.43812000,-0.0484897979
0.43816000,-0.0255410951
0.43820000,-0.00577971106
0.43824000,0.00505717704
0.43828000,0.000913660973
0.43832000,0.0139816729
0.43836000,0.00696956879
0.43840000,-0.0108794225
0.43844000,-0.0111981547
0.43848000,0.00346351694
0.43852000,0.0289620776
0.43856000,-0.0137480106
0.43860000,0.0184439216
0.43864000,0.0111130849
0.43868000,-0.0169353317
0.43872000,0.0197188482
0.43876000,-0.000679999008
0.43880000,-0.0220350437
0.43884000,-0.0344655924
0.43888000,-0.001317463
0.43892000,-0.0631514713
0.43896000,-0.0296846107
0.43900000,-0.0424338914
0.43904000,-0.0290471464
0.43908000,-0.0255410951
0.43912000,-0.0319157355
0.43916000,-0.0300033428
0.43920000,-0.0322344676
0.43924000,-0.0357405208
0.43928000,-0.0296846107
0.43932000,0.00346351694
0.43936000,-0.0175727941
0.43940000,0.00186985696
0.43944000,-0.00769210281
0.43948000,0.00378224906
0.43952000,0.0283246133
0.43956000,0.0410738923
0.43960000,0.0267309528
0.43964000,0.0700785071
0.43968000,0.0656162575
0.43972000,0.0751782134
0.43976000,0.0774093419
0.43980000,0.0707159713
0.43984000,0.0579666905
0.43988000,0.0566917621
0.43992000,0.0426675528
0.43996000,0.0802779272
0.44000000,0.0707159713
0.44004000,0.0452174097
0.44008000,0.0305557363
0.44012000,0.027368417
0.44016000,0.00282605295
0.44020000,-0.0166165996
0.44024000,-0.0449837483
0.44028000,-0.0386091061
0.44032000,-0.0376529098
0.44036000,-0.0319157355
0.44040000,-0.0379716419
0.44044000,-0.0300033428
0.44048000,-0.0258598272
0.44052000,-0.0564581007
0.44056000,-0.0293658786
0.44060000,-0.0379716419
0.44064000,-0.0166165996
0.44068000,-0.000679999008
0.44072000,-0.000679999008
0.44076000,-0.0143854748
0.44080000,-0.0156604033
0.44084000,-0.0462586768
0.44088000,-0.044027552
0.44092000,-0.020122651
0.44096000,-0.0233099703
0.44100000,0.00633210503
0.44104000,-0.0185289904
0.44108000,0.00633210503
0.44112000,-0.0213975795
0.44116000,-0.0300033428
0.44120000,-0.00992322713
0.44124000,-0.0443462841
0.44128000,-0.0468961373
0.44132000,-0.0357405208
0.44136000,-0.0245848987
0.44140000,-0.0204413831
0.44144000,0.014300405
0.44148000,0.00186985696
0.44152000,0.0178064574
0.44156000,-0.0194851868
0.44160000,0.00155112497
0.44164000,0.0184439216
0.44168000,0.00410098117
0.44172000,0.0582854226
0.44176000,0.0535044409
0.44180000,0.0130254766
0.44184000,0.0117505491
0.44188000,0.0401176959
0.44192000,0.0244998299
0.44196000,0.0225874372
0.44200000,0.0499983877
0.44204000,0.0627476722
0.44208000,0.0468110703
0.44212000,0.0410738923
0.44216000,0.0216312408
0.44220000,0.0382053033
0.44224000,0.0295995418
0.44228000,-0.0108794225
0.44232000,-0.0363779813
0.44236000,0.00123239297
0.44240000,0.0232249014
0.44244000,-0.0118356189
0.44248000,0.00473844493
0.44252000,0.0244998299
0.44256000,-0.0264972914
0.44260000,-0.0526333153
0.44264000,0.00505717704
0.44268000,-0.0309595391
0.44272000,0.0139816729
0.44276000,-0.038290374
0.44280000,-0.0491272621
0.44284000,0.014300405
0.44288000,0.0152566014
0.44292000,0.00123239297
0.44296000,-0.020122651
0.44300000,-0.0236287024
0.44304000,-0.0727134347
0.44308000,-0.0889687613
0.44312000,-0.0736696273
0.44316000,-0.081319198
0.44320000,-0.0838690475
0.44324000,-0.0481710657
0.44328000,-0.0370154455
0.44332000,-0.0309595391
0.44336000,-0.00641717482
0.44340000,-0.0236287024
0.44344000,-0.0315970033
0.44348000,0.0375678428
0.44352000,0.0197188482
0.44356000,0.00473844493
0.44360000,0.0649787933
0.44364000,0.0238623656
0.44368000,0.0480859987
0.44372000,0.0662537217
0.44376000,0.0939834043
0.44380000,-0.0220350437
0.44384000,0.0162127968
0.44388000,0.0327868611
0.44392000,-0.0472148694
0.44396000,-0.0185289904
0.44400000,0.0401176959
0.44404000,0.0146191372
0.44408000,0.0860151052
0.44412000,0.105139025
0.44416000,0.0350179859
0.44420000,0.0662537217
0.44424000,0.079640463
0.44428000,0.0707159713
0.44432000,0.0678473786
0.44436000,0.114700988
0.44440000,0.0767718777
0.44444000,0.0461736061
0.44448000,0.0892024264
0.44452000,0.0767718777
0.44456000,0.0206750445
0.44460000,0.0171689931
0.44464000,-0.0169353317
0.44468000,-0.014704207
0.44472000,-0.0255410951
0.44476000,-0.0150229391
0.44480000,0.0216312408
0.44484000,-0.117654644
0.44488000,0.0385240354
0.44492000,0.0837839842
0.44496000,-0.0159791354
0.44500000,-0.0303220749
0.44504000,0.000913660973
0.44508000,-0.0615578108
0.44512000,-0.0178915262
0.44516000,0.0484047309
0.44520000,-0.0175727941
0.44524000,-0.0344655924
0.44528000,-4.25350008e-05
0.44532000,-0.0341468602
0.44536000,-0.000361267012
0.44540000,-0.0510396548
0.44544000,0.0206750445
0.44548000,-0.00960449502
0.44552000,-0.0111981547
0.44556000,-0.00514224684
0.44560000,-0.0185289904
0.44564000,0.0343805216
0.44568000,-0.0421151593
0.44572000,-0.0280909501
0.44576000,-0.0360592492
0.44580000,-0.0185289904
0.44584000,-0.0947059393
0.44588000,-0.0688886493
0.44592000,-0.119248301
0.44596000,-0.0692073777
0.44600000,-0.0539082438
0.44604000,-0.0790880695
0.44608000,0.0111130849
0.44612000,0.0519107804
0.44616000,0.040436428
0.44620000,0.0372491106
0.44624000,0.0401176959
0.44628000,0.0343805216
0.44632000,0.0780468062
0.44636000,0.0280058812
0.44640000,0.0907960832
0.44644000,0.0570104942
0.44648000,0.0550981015
0.44652000,0.139562085
0.44656000,0.0984456539
0.44660000,0.0716721639
0.44664000,0.0515920483
0.44668000,-0.00227365899
0.44672000,-0.0561393686
0.44676000,-0.0567768328
0.44680000,0.011431817
0.44684000,-0.0210788473
0.44688000,-0.0303220749
0.44692000,-0.00832956657
0.44696000,-0.0185289904
0.44700000,0.014300405
0.44704000,-0.0198039189
0.44708000,0.00218858896
0.44712000,-0.07558202
0.44716000,-0.0398840345
0.44720000,-0.0465774052
0.44724000,-0.0433900878
0.44728000,-0.0242661666
0.44732000,-0.0739883557
0.44736000,-0.0354217887
0.44740000,-0.00769210281
0.44744000,-0.00769210281
0.44748000,-0.0736696273
0.44752000,-0.025222363
0.44756000,-0.0494459942
0.44760000,-0.030640807
0.44764000,-0.00641717482
0.44768000,-0.0287284143
0.44772000,0.00218858896
0.44776000,0.0197188482
0.44780000,0.0178064574
0.44784000,0.0410738923
0.44788000,0.0410738923
0.44792000,0.00155112497
0.44796000,0.00983815733
0.44800000,-0.00960449502
0.44804000,-0.00832956657
0.44808000,-0.0539082438
0.44812000,-0.0666575208
0.44816000,0.035336718
0.44820000,0.016850261
0.44824000,-0.0105606914
0.44828000,0.0343805216
0.44832000,-0.0583704896
0.44836000,-0.0586892217
0.44840000,0.0229061693
0.44844000,-0.0695261136
0.44848000,-0.033509396
0.44852000,0.00760703301
0.44856000,-0.030640807
0.44860000,-0.0300033428
0.44864000,-0.0357405208
0.44868000,-0.0319157355
0.44872000,-4.25350008e-05
0.44876000,-0.0143854748
0.44880000,-0.0414776951
0.44884000,-0.0226725079
0.44888000,-0.0504021905
0.44892000,-0.0328719318
0.44896000,0.0152566014
0.44900000,0.00123239297
0.44904000,0.0146191372
0.44908000,-0.0255410951
0.44912000,-0.0395653024
0.44916000,-0.0137480106
0.44920000,-0.0226725079
0.44924000,-0.001317463
0.44928000,-0.0217163116
0.44932000,-0.0159791354
0.44936000,-0.0153416712
0.44940000,0.0117505491
0.44944000,0.0254560243
0.44948000,0.0433050171
0.44952000,0.0222687051
0.44956000,0.0117505491
0.44960000,0.0630664006
0.44964000,0.0299182739
0.44968000,0.0178064574
0.44972000,0.00601337291
0.44976000,0.0343805216
0.44980000,0.00633210503
0.44984000,0.0417113565
0.44988000,0.0241810977
0.44992000,0.0187626537
0.44996000,0.00601337291
0.45000000,0.0190813858
0.45004000,0.0146191372
0.45008000,0.0206750445
0.45012000,0.0104756206
0.45016000,0.00760703301
0.45020000,0.0299182739
0.45024000,-0.0150229391
0.45028000,0.0391614996
0.45032000,0.0401176959
0.45036000,0.0104756206
0.45040000,-0.00386731909
0.45044000,-0.000361267012
0.45048000,-0.0210788473
0.45052000,-0.020122651
0.45056000,0.008881961
0.45060000,-0.00322985509
0.45064000,0.0203563124
0.45068000,0.0162127968
0.45072000,0.000913660973
0.45076000,0.0181251895
0.45080000,-0.00354858697
0.45084000,0.0101568894
0.45088000,0.00123239297
0.45092000,0.0289620776
0.45096000,0.0174877252
0.45100000,0.0152566014
0.45104000,0.00346351694
0.45108000,-0.012154351
0.45112000,0.0445799455
0.45116000,-0.0264972914
0.45120000,-0.0178915262
0.45124000,-0.0277722199
0.45128000,0.0056946408
0.45132000,-0.0331906639
0.45136000,-0.0478523336
0.45140000,-0.00928576291
0.45144000,-0.0478523336
0.45148000,-0.0338281281
0.45152000,-0.0551831722
0.45156000,-0.0217163116
0.45160000,-0.0497647263
0.45164000,-0.0261785593
0.45168000,-0.0239474345
0.45172000,-0.0507209226
0.45176000,-0.0634701997
0.45180000,-0.0513583869
0.45184000,-0.0217163116
0.45188000,-0.0835503191
0.45192000,-0.0446650162
0.45196000,-0.0596454181
0.45200000,-0.0156604033
0.45204000,-0.0676137209
0.45208000,-0.0857814401
0.45212000,-0.0462586768
0.45216000,-0.0663387924
0.45220000,-0.0402027667
0.45224000,-0.0657013282
0.45228000,-0.020122651
0.45232000,-0.0261785593
0.45236000,-0.0351030566
0.45240000,-0.0236287024
0.45244000,-0.0229912382
0.45248000,-0.0169353317
0.45252000,-0.00641717482
0.45256000,-0.00577971106
0.45260000,-0.00322985509
0.45264000,-0.0315970033
0.45268000,-0.0300033428
0.45272000,-0.0233099703
0.45276000,0.0101568894
0.45280000,0.0302370042
0.45284000,0.0563730299
0.45288000,0.021949973
0.45292000,0.0426675528
0.45296000,0.0646600574
0.45300000,0.0343805216
0.45304000,0.0429862849
0.45308000,0.0640226007
0.45312000,0.0382053033
0.45316000,0.0401176959
0.45320000,0.053823173
0.45324000,0.0949396044
0.45328000,0.06147274
0.45332000,0.0684848428
0.45336000,0.0598790795
0.45340000,0.0276871491
0.45344000,0.0264122207
0.45348000,0.0334243253
0.45352000,0.0276871491
0.45356000,-0.0258598272
0.45360000,0.00378224906
0.45364000,0.000913660973
0.45368000,-0.0245848987
0.45372000,-0.0217163116
0.45376000,-0.0421151593
0.45380000,-0.0497647263
0.45384000,-0.0558206365
0.45388000,-0.0198039189
0.45392000,-0.0239474345
0.45396000,-0.0379716419
0.45400000,-0.0564581007
0.45404000,-0.0347843245
0.45408000,-0.0421151593
0.45412000,-0.0717572346
0.45416000,-0.0475336015
0.45420000,-0.0341468602
0.45424000,-0.0277722199
0.45428000,-0.020122651
0.45432000,-0.00195492711
0.45436000,-0.0366967134
0.45440000,-0.0280909501
0.45444000,-0.0159791354
0.45448000,-0.0344655924
0.45452000,-0.0293658786
0.45456000,-0.00928576291
0.45460000,-0.0188477226
0.45464000,0.0213125087
0.45468000,-0.0108794225
0.45472000,0.0104756206
0.45476000,0.0382053033
0.45480000,0.0474485345
0.45484000,0.0130254766
0.45488000,0.0056946408
0.45492000,0.0139816729
0.45496000,0.0197188482
0.45500000,0.0072883009
0.45504000,-0.0134292794
0.45508000,0.008881961
0.45512000,-0.00291112298
0.45516000,-0.0207601152
0.45520000,0.0162127968
0.45524000,0.00282605295
0.45528000,0.0197188482
0.45532000,0.0203563124
0.45536000,0.0181251895
0.45540000,-0.0213975795
0.45544000,-0.0217163116
0.45548000,0.0117505491
0.45552000,0.00186985696
0.45556000,0.0276871491
0.45560000,0.0280058812
0.45564000,0.011431817
0.45568000,0.0184439216
0.45572000,-0.00673590694
0.45576000,-0.00482351519
0.45580000,-0.0258598272
0.45584000,-0.0153416712
0.45588000,-0.0182102583
0.45592000,-0.0354217887
0.45596000,-0.0481710657
0.45600000,-0.0421151593
0.45604000,0.00633210503
0.45608000,-0.0220350437
0.45612000,-0.0182102583
0.45616000,-0.0277722199
0.45620000,-0.0191664547
0.45624000,-0.00960449502
0.45628000,-0.0430713557
0.45632000,-0.0325531997
0.45636000,-0.0303220749
0.45640000,-0.0421151593
0.45644000,-0.0370154455
0.45648000,-0.0376529098
0.45652000,-0.0717572346
0.45656000,-0.0446650162
0.45660000,-0.0159791354
0.45664000,-0.0293658786
0.45668000,-0.0312782712
0.45672000,-0.0131105473
0.45676000,0.000913660973
0.45680000,0.0133442087
0.45684000,-0.0025923911
0.45688000,0.0350179859
0.45692000,0.0104756206
0.45696000,0.0356554501
0.45700000,0.00951942522
0.45704000,0.0375678428
0.45708000,0.00186985696
0.45712000,0.0146191372
0.45716000,0.00696956879
0.45720000,-0.001317463
0.45724000,-0.0223537758
0.45728000,-0.00992322713
0.45732000,-0.0204413831
0.45736000,-0.0459399447
0.45740000,-0.038290374
0.45744000,-0.0236287024
0.45748000,-0.0156604033
0.45752000,-0.0280909501
0.45756000,-0.0204413831
0.45760000,-0.0331906639
0.45764000,-0.0389278382
0.45768000,-0.0491272621
0.45772000,-0.0449837483
0.45776000,-0.012154351
0.45780000,-0.0233099703
0.45784000,-0.0105606914
0.45788000,0.00824449677
0.45792000,0.0136629408
0.45796000,0.00250732107
0.45800000,0.0149378693
0.45804000,0.0292808097
0.45808000,0.0439424813
0.45812000,0.06147274
0.45816000,0.0484047309
0.45820000,0.0525482446
0.45824000,0.0566917621
0.45828000,0.00856322888
0.45832000,0.0340617895
0.45836000,0.06147274
0.45840000,-0.001317463
0.45844000,-0.0118356189
0.45848000,0.00696956879
0.45852000,-0.0162978675
0.45856000,-0.0226725079
0.45860000,-0.0182102583
0.45864000,-0.0437088199
0.45868000,-0.096618332
0.45872000,-0.0672949851
0.45876000,-0.0704823062
0.45880000,-0.0688886493
0.45884000,-0.0586892217
0.45888000,-0.0430713557
0.45892000,-0.0679324493
0.45896000,-0.0213975795
0.45900000,-0.0309595391
0.45904000,-0.0478523336
0.45908000,-0.0150229391
0.45912000,0.0209937766
0.45916000,0.0244998299
0.45920000,0.0209937766
0.45924000,0.0181251895
0.45928000,0.0257747564
0.45932000,0.0375678428
0.45936000,0.0391614996
0.45940000,0.0213125087
0.45944000,0.027368417
0.45948000,0.0605165437
0.45952000,0.0350179859
0.45956000,0.0630664006
0.45960000,0.0541419052
0.45964000,0.0448986776
0.45968000,0.027368417
0.45972000,0.0343805216
0.45976000,0.0270496849
0.45980000,0.0123880133
0.45984000,0.00537590915
0.45988000,0.0133442087
0.45992000,0.0120692812
0.45996000,-0.0255410951
0.46000000,-0.0236287024
0.46004000,-0.0172540639
0.46008000,-0.0025923911
0.46012000,0.00218858896
0.46016000,-0.00864829868
0.46020000,-0.0172540639
0.46024000,-0.0143854748
0.46028000,-0.0102419592
0.46032000,-0.044027552
0.46036000,-0.0561393686
0.46040000,-0.0497647263
0.46044000,-0.0625140071
0.46048000,-0.0319157355
0.46052000,-0.0398840345
0.46056000,-0.0344655924
0.46060000,-0.0468961373
0.46064000,-0.0108794225
0.46068000,-0.0137480106
0.46072000,-0.0159791354
0.46076000,-0.0255410951
0.46080000,0.00633210503
0.46084000,0.0187626537
0.46088000,0.00410098117
0.46092000,0.000594928977
0.46096000,0.00473844493
0.46100000,0.00983815733
0.46104000,0.00027619701
0.46108000,-0.00737337116
0.46112000,-0.0169353317
0.46116000,-0.0150229391
0.46120000,-0.00769210281
0.46124000,-0.00737337116
0.46128000,0.00314478506
0.46132000,-0.0271347556
0.46136000,-0.0245848987
0.46140000,-0.00769210281
0.46144000,-0.0204413831
0.46148000,-0.020122651
0.46152000,-0.0284096822
0.46156000,-0.0127918152
0.46160000,0.00824449677
0.46164000,-0.00832956657
0.46168000,-0.0127918152
0.46172000,-0.0111981547
0.46176000,0.00824449677
0.46180000,-0.012154351
0.46184000,0.00696956879
0.46188000,-0.0118356189
0.46192000,-0.0236287024
0.46196000,-0.0153416712
0.46200000,-0.001636195
0.46204000,0.0120692812
0.46208000,0.0184439216
0.46212000,0.00792576466
0.46216000,0.0324681289
0.46220000,0.0295995418
0.46224000,0.0184439216
0.46228000,0.0174877252
0.46232000,0.0267309528
0.46236000,0.0378865711
0.46240000,-0.00832956657
0.46244000,0.0420300886
0.46248000,0.0235436335
0.46252000,0.0187626537
0.46256000,-0.00896703079
0.46260000,-0.0207601152
0.46264000,0.0072883009
0.46268000,-0.0102419592
0.46272000,-0.0134292794
0.46276000,-0.0249036308
0.46280000,-0.00227365899
0.46284000,-0.0143854748
0.46288000,-0.0433900878
0.46292000,-0.038290374
0.46296000,-0.0328719318
0.46300000,-0.0417964272
0.46304000,-0.0580517575
0.46308000,-0.0150229391
0.46312000,-0.0612390786
0.46316000,-0.051677119
0.46320000,-0.0427526236
0.46324000,-0.0191664547
0.46328000,-0.0153416712
0.46332000,-0.00928576291
0.46336000,-0.00450478308
0.46340000,-0.0261785593
0.46344000,-0.0223537758
0.46348000,-4.25350008e-05
0.46352000,0.0401176959
0.46356000,0.0280058812
0.46360000,0.0299182739
0.46364000,0.0372491106
0.46368000,0.0503171198
0.46372000,0.0535044409
0.46376000,0.0624289364
0.46380000,0.0617914721
0.46384000,0.0608352758
0.46388000,0.0503171198
0.46392000,0.0525482446
0.46396000,0.0700785071
0.46400000,0.072628364
0.46404000,0.0174877252
0.46408000,0.0117505491
0.46412000,0.0270496849
0.46416000,0.0350179859
0.46420000,0.050954584
0.46424000,0.0203563124
0.46428000,-4.25350008e-05
0.46432000,0.0229061693
0.46436000,0.0362929143
0.46440000,0.00537590915
0.46444000,-0.0290471464
0.46448000,0.00665083714
0.46452000,-0.0300033428
0.46456000,-0.0497647263
0.46460000,-0.0841877833
0.46464000,-0.0810004622
0.46468000,-0.0864189044
0.46472000,-0.0762194842
0.46476000,-0.0437088199
0.46480000,-0.069844842
0.46484000,-0.0373341776
0.46488000,-0.0360592492
0.46492000,-0.0325531997
0.46496000,-0.0580517575
0.46500000,-0.0459399447
0.46504000,-0.0360592492
0.46508000,-0.0398840345
0.46512000,-0.0194851868
0.46516000,-0.0175727941
0.46520000,0.00186985696
0.46524000,0.0107943527
0.46528000,0.0120692812
0.46532000,0.0378865711
0.46536000,0.0385240354
0.46540000,0.0640226007
0.46544000,0.0362929143
0.46548000,0.0190813858
0.46552000,0.0286433455
0.46556000,0.0178064574
0.46560000,0.0554168336
0.46564000,0.0327868611
0.46568000,0.0334243253
0.46572000,-0.0236287024
0.46576000,0.0276871491
0.46580000,0.0324681289
0.46584000,0.0174877252
0.46588000,0.0133442087
0.46592000,0.0213125087
0.46596000,0.0111130849
0.46600000,-0.0258598272
0.46604000,-0.0354217887
0.46608000,-0.00832956657
0.46612000,-0.0105606914
0.46616000,-0.0376529098
0.46620000,-0.0261785593
0.46624000,-0.0475336015
0.46628000,-0.0261785593
0.46632000,-0.0529520474
0.46636000,-0.0784506053
0.46640000,-0.0625140071
0.46644000,-0.041158963
0.46648000,-0.0357405208
0.46652000,-0.0338281281
0.46656000,0.0206750445
0.46660000,0.00123239297
0.46664000,0.00920069311
0.46668000,0.00760703301
0.46672000,0.0356554501
0.46676000,0.0139816729
0.46680000,0.0461736061
0.46684000,0.0515920483
0.46688000,0.0222687051
0.46692000,0.0254560243
0.46696000,0.0225874372
0.46700000,0.0343805216
0.46704000,0.0375678428
0.46708000,0.0378865711
0.46712000,0.0375678428
0.46716000,0.0531857088
0.46720000,0.0423488207
0.46724000,0.0531857088
0.46728000,0.0493609235
0.46732000,0.0270496849
0.46736000,0.0426675528
0.46740000,0.0423488207
0.46744000,0.0490421914
0.46748000,-0.00418605097
0.46752000,0.008881961
0.46756000,0.00218858896
0.46760000,-0.00641717482
0.46764000,-0.00641717482
0.46768000,0.0104756206
0.46772000,-0.0118356189
0.46776000,-0.00992322713
0.46780000,-0.0102419592
0.46784000,-0.038290374
0.46788000,-0.0159791354
0.46792000,-0.0178915262
0.46796000,-0.0150229391
0.46800000,0.00601337291
0.46804000,-0.0414776951
0.46808000,-0.0162978675
0.46812000,0.00633210503
0.46816000,-0.0268160235
0.46820000,-0.0453024805
0.46824000,-0.0236287024
0.46828000,-0.0558206365
0.46832000,-0.0363779813
0.46836000,-0.0347843245
0.46840000,-0.0217163116
0.46844000,-0.0338281281
0.46848000,-0.0309595391
0.46852000,0.0197188482
0.46856000,-0.00322985509
0.46860000,0.0187626537
0.46864000,0.0397989638
0.46868000,0.0350179859
0.46872000,0.0410738923
0.46876000,0.079640463
0.46880000,0.0550981015
0.46884000,0.021949973
0.46888000,0.0388427675
0.46892000,0.0382053033
0.46896000,0.0560542978
0.46900000,0.027368417
0.46904000,0.0203563124
0.46908000,-0.0166165996
0.46912000,0.0107943527
0.46916000,0.011431817
0.46920000,-0.0280909501
0.46924000,-0.012154351
0.46928000,0.0213125087
0.46932000,-0.0207601152
0.46936000,0.00250732107
0.46940000,-0.00354858697
0.46944000,-0.0360592492
0.46948000,0.0461736061
0.46952000,0.0127067454
0.46956000,0.0194001179
0.46960000,-0.00960449502
0.46964000,0.0401176959
0.46968000,-0.0255410951
0.46972000,0.008881961
0.46976000,-0.000361267012
0.46980000,0.0324681289
0.46984000,0.0162127968
0.46988000,0.0331055932
0.46992000,0.0770906061
0.46996000,-0.0143854748
0.47000000,0.0280058812
0.47004000,0.0295995418
0.47008000,0.00920069311
0.47012000,0.0248185601
0.47016000,0.0235436335
0.47020000,0.00505717704
0.47024000,0.00378224906
0.47028000,0.00410098117
0.47032000,0.00473844493
0.47036000,0.0305557363
0.47040000,0.0136629408
0.47044000,0.0111130849
0.47048000,0.0158940647
0.47052000,-0.00418605097
0.47056000,0.00346351694
0.47060000,0.0270496849
0.47064000,0.014300405
0.47068000,0.0162127968
0.47072000,0.0222687051
0.47076000,-0.0185289904
0.47080000,-0.0239474345
0.47084000,0.016850261
0.47088000,-0.0233099703
0.47092000,-0.0296846107
0.47096000,-0.0328719318
0.47100000,-0.0475336015
0.47104000,-0.0271347556
0.47108000,0.0158940647
0.47112000,-0.0277722199
0.47116000,-0.0319157355
0.47120000,0.00601337291
0.47124000,-0.0315970033
0.47128000,0.0346992537
0.47132000,0.0235436335
0.47136000,0.0149378693
0.47140000,0.00282605295
0.47144000,0.0260934886
0.47148000,0.00633210503
0.47152000,0.0429862849
0.47156000,0.0879274979
0.47160000,0.0362929143
0.47164000,0.0194001179
0.47168000,0.0388427675
0.47172000,0.0356554501
0.47176000,-0.001317463
0.47180000,0.00282605295
0.47184000,0.00983815733
0.47188000,0.00186985696
0.47192000,0.00410098117
0.47196000,0.00696956879
0.47200000,-0.00291112298
0.47204000,0.00378224906
0.47208000,0.045854874
0.47212000,0.027368417
0.47216000,0.0624289364
0.47220000,0.0563730299
0.47224000,0.0560542978
0.47228000,0.0308744684
0.47232000,0.00282605295
0.47236000,0.0560542978
0.47240000,0.0235436335
0.47244000,0.0200375803
0.47248000,0.0162127968
0.47252000,0.00633210503
0.47256000,0.0203563124
0.47260000,0.0570104942
0.47264000,0.0286433455
0.47268000,-0.044027552
0.47272000,-0.0204413831
0.47276000,0.0139816729
0.47280000,-0.0433900878
0.47284000,-0.0182102583
0.47288000,-0.0312782712
0.47292000,-0.0558206365
0.47296000,-0.0366967134
0.47300000,-0.0529520474
0.47304000,-0.054545708
0.47308000,-0.0759007484
0.47312000,-0.0322344676
0.47316000,-0.0529520474
0.47320000,-0.0491272621
0.47324000,-0.0504021905
0.47328000,0.00665083714
0.47332000,0.0260934886
0.47336000,0.00792576466
0.47340000,0.0413926244
0.47344000,0.0630664006
0.47348000,0.0496796556
0.47352000,0.0837839842
0.47356000,0.0605165437
0.47360000,0.0751782134
0.47364000,0.0707159713
0.47368000,0.0401176959
0.47372000,0.0624289364
0.47376000,0.0649787933
0.47380000,0.0732658282
0.47384000,0.0464923382
0.47388000,0.00920069311
0.47392000,0.0324681289
0.47396000,0.0104756206
0.47400000,-0.00546097895
0.47404000,-0.0580517575
0.47408000,-0.00418605097
0.47412000,-0.0660200566
0.47416000,-0.0583704896
0.47420000,-0.0529520474
0.47424000,-0.0679324493
0.47428000,-0.14857164
0.47432000,-0.108730145
0.47436000,-0.0564581007
0.47440000,-0.0389278382
0.47444000,-0.088331297
0.47448000,-0.0484897979
0.47452000,-0.020122651
0.47456000,-0.0169353317
0.47460000,0.00633210503
0.47464000,0.0117505491
0.47468000,0.0512733161
0.47472000,0.0468110703
0.47476000,0.100358047
0.47480000,0.0745407566
0.47484000,0.0550981015
0.47488000,0.0579666905
0.47492000,0.0127067454
0.47496000,-0.00322985509
0.47500000,0.0280058812
0.47504000,0.0439424813
0.47508000,0.0260934886
0.47512000,0.0139816729
0.47516000,0.00314478506
0.47520000,0.0295995418
0.47524000,0.00218858896
0.47528000,-0.0300033428
0.47532000,-0.0236287024
0.47536000,0.00410098117
0.47540000,0.00378224906
0.47544000,-0.0284096822
0.47548000,-0.0513583869
0.47552000,-0.0245848987
0.47556000,-0.00227365899
0.47560000,-0.0637889355
0.47564000,-0.0417964272
0.47568000,-0.0162978675
0.47572000,0.00186985696
0.47576000,-0.0398840345
0.47580000,0.0139816729
0.47584000,0.00378224906
0.47588000,0.00314478506
0.47592000,0.0327868611
0.47596000,0.0429862849
0.47600000,0.06147274
0.47604000,0.0512733161
0.47608000,0.0295995418
0.47612000,0.021949973
0.47616000,0.0442612134
0.47620000,0.0394802317
0.47624000,-0.00928576291
0.47628000,-0.0229912382
0.47632000,-0.0226725079
0.47636000,0.0149378693
0.47640000,-0.0341468602
0.47644000,-0.044027552
0.47648000,-0.0405214988
0.47652000,0.014300405
0.47656000,0.00186985696
0.47660000,-0.00514224684
0.47664000,-0.00737337116
0.47668000,-0.0296846107
0.47672000,-0.0233099703
0.47676000,0.00633210503
0.47680000,-0.00960449502
0.47684000,-0.0347843245
0.47688000,-0.00514224684
0.47692000,0.0149378693
0.47696000,-0.0185289904
0.47700000,-0.0213975795
0.47704000,-0.0414776951
0.47708000,-0.0491272621
0.47712000,-0.001636195
0.47716000,0.00505717704
0.47720000,-0.0115168868
0.47724000,-0.025222363
0.47728000,-0.00896703079
0.47732000,-0.0249036308
0.47736000,-0.0296846107
0.47740000,-0.0261785593
0.47744000,-0.0162978675
0.47748000,-0.0561393686
0.47752000,-0.0548644401
0.47756000,-0.065063864
0.47760000,-0.070801042
0.47764000,-0.0631514713
0.47768000,-0.033509396
0.47772000,-0.0331906639
0.47776000,-0.0596454181
0.47780000,-0.0526333153
0.47784000,-0.0462586768
0.47788000,-0.0586892217
0.47792000,-0.0127918152
0.47796000,-0.00769210281
0.47800000,0.00760703301
0.47804000,0.0209937766
0.47808000,0.00378224906
0.47812000,0.0295995418
0.47816000,0.0382053033
0.47820000,0.0251372922
0.47824000,0.0072883009
0.47828000,0.0254560243
0.47832000,0.0506358519
0.47836000,0.0232249014
0.47840000,0.0162127968
0.47844000,0.0197188482
0.47848000,0.00410098117
0.47852000,0.0241810977
0.47856000,0.0394802317
0.47860000,0.0235436335
0.47864000,0.0289620776
0.47868000,0.0327868611
0.47872000,0.0178064574
0.47876000,0.0139816729
0.47880000,0.0101568894
0.47884000,-0.00577971106
0.47888000,0.0136629408
0.47892000,0.00282605295
0.47896000,-0.0210788473
0.47900000,-0.0784506053
0.47904000,-0.0379716419
0.47908000,-0.0519958511
0.47912000,-0.0822753906
0.47916000,-0.0806817338
0.47920000,-0.0510396548
0.47924000,-0.044027552
0.47928000,-0.0421151593
0.47932000,-0.0274534877
0.47936000,-0.0175727941
0.47940000,-0.0143854748
0.47944000,-0.012154351
0.47948000,0.0133442087
0.47952000,0.0197188482
0.47956000,0.0174877252
0.47960000,0.0235436335
0.47964000,0.0359741822
0.47968000,0.0331055932
0.47972000,0.0493609235
0.47976000,0.0311932005
0.47980000,0.035336718
0.47984000,0.0359741822
0.47988000,0.0200375803
0.47992000,0.00920069311
0.47996000,0.0123880133
0.48000000,-0.0118356189
0.48004000,0.00346351694
0.48008000,0.0165315289
0.48012000,0.0229061693
0.48016000,-0.001636195
0.48020000,-0.00737337116
0.48024000,-0.00673590694
0.48028000,-0.020122651
0.48032000,-0.0150229391
0.48036000,-0.0156604033
0.48040000,-0.001317463
0.48044000,-0.00992322713
0.48048000,-0.0210788473
0.48052000,-0.0354217887
0.48056000,-0.0108794225
0.48060000,0.00505717704
0.48064000,-0.00514224684
0.48068000,-0.000998731004
0.48072000,0.0295995418
0.48076000,0.0235436335
0.48080000,0.0139816729
0.48084000,0.0184439216
0.48088000,0.053823173
0.48092000,0.0244998299
0.48096000,0.0056946408
0.48100000,-0.0105606914
0.48104000,0.00410098117
0.48108000,-0.00960449502
0.48112000,-0.0379716419
0.48116000,-0.0194851868
0.48120000,-0.0344655924
0.48124000,-0.0459399447
0.48128000,-0.0300033428
0.48132000,-0.0398840345
0.48136000,-0.0551831722
0.48140000,-0.0510396548
0.48144000,-0.0402027667
0.48148000,-0.0357405208
0.48152000,-0.0172540639
0.48156000,-0.00450478308
0.48160000,-0.0156604033
0.48164000,-0.0264972914
0.48168000,-0.00354858697
0.48172000,0.0111130849
0.48176000,0.0178064574
0.48180000,-0.0150229391
0.48184000,0.0206750445
0.48188000,0.0251372922
0.48192000,0.0254560243
0.48196000,0.00378224906
0.48200000,0.00633210503
0.48204000,0.0232249014
0.48208000,-0.00801083539
0.48212000,-0.00609844318
0.48216000,-0.0398840345
0.48220000,-0.0143854748
0.48224000,0.00314478506
0.48228000,-0.0169353317
0.48232000,-0.0150229391
0.48236000,-0.0169353317
0.48240000,-0.0274534877
0.48244000,-0.0663387924
0.48248000,-0.0194851868
0.48252000,-0.0363779813
0.48256000,-0.0360592492
0.48260000,-0.0398840345
0.48264000,-0.0596454181
0.48268000,-0.0166165996
0.48272000,-0.0300033428
0.48276000,-0.0395653024
0.48280000,-0.0223537758
0.48284000,-0.001317463
0.48288000,0.0235436335
0.48292000,0.0117505491
0.48296000,0.0200375803
0.48300000,0.0187626537
0.48304000,-0.0111981547
0.48308000,-0.00769210281
0.48312000,-0.00482351519
0.48316000,0.0056946408
0.48320000,-0.0220350437
0.48324000,-0.00896703079
0.48328000,-0.0220350437
0.48332000,-0.0312782712
0.48336000,-0.0185289904
0.48340000,-0.0319157355
0.48344000,-0.0322344676
0.48348000,-0.0268160235
0.48352000,-0.00546097895
0.48356000,-0.0437088199
0.48360000,-0.0300033428
0.48364000,-0.0398840345
0.48368000,-0.0341468602
0.48372000,-0.0271347556
0.48376000,-0.0143854748
0.48380000,-0.0264972914
0.48384000,-0.0274534877
0.48388000,-0.0137480106
0.48392000,-0.0150229391
0.48396000,-0.0105606914
0.48400000,-0.00322985509
0.48404000,0.0445799455
0.48408000,0.0302370042
0.48412000,0.0235436335
0.48416000,0.0181251895
0.48420000,0.0372491106
0.48424000,0.0056946408
0.48428000,0.0356554501
0.48432000,0.0305557363
0.48436000,-0.0156604033
0.48440000,0.0133442087
0.48444000,0.035336718
0.48448000,0.00951942522
0.48452000,-0.0105606914
0.48456000,0.00665083714
0.48460000,-0.0319157355
0.48464000,-0.0207601152
0.48468000,-0.00705463905
0.48472000,-0.00386731909
0.48476000,-0.0277722199
0.48480000,-0.000679999008
0.48484000,-0.0178915262
0.48488000,-0.0574142933
0.48492000,-0.00609844318
0.48496000,0.0238623656
0.48500000,0.0181251895
0.48504000,0.0216312408
0.48508000,0.0324681289
0.48512000,0.0369303785
0.48516000,0.0315119326
0.48520000,0.0267309528
0.48524000,0.0318306647
0.48528000,0.016850261
0.48532000,-4.25350008e-05
0.48536000,0.0378865711
0.48540000,0.0484047309
0.48544000,0.0337430574
0.48548000,0.0420300886
0.48552000,0.0499983877
0.48556000,0.0238623656
0.48560000,0.0130254766
0.48564000,-0.0111981547
0.48568000,-0.0166165996
0.48572000,-0.020122651
0.48576000,-0.0166165996
0.48580000,-0.0354217887
0.48584000,-0.0459399447
0.48588000,-0.0500834584
0.48592000,-0.0790880695
0.48596000,-0.0548644401
0.48600000,-0.0500834584
0.48604000,-0.0363779813
0.48608000,-0.0551831722
0.48612000,-0.0255410951
0.48616000,-0.0156604033
0.48620000,-0.00896703079
0.48624000,0.0235436335
0.48628000,0.0101568894
0.48632000,0.00250732107
0.48636000,-0.0102419592
0.48640000,-0.001636195
0.48644000,0.00856322888
0.48648000,0.0248185601
0.48652000,0.00537590915
0.48656000,0.0225874372
0.48660000,-0.00291112298
0.48664000,-0.0166165996
0.48668000,-0.00418605097
0.48672000,-0.0331906639
0.48676000,-0.0213975795
0.48680000,-0.0558206365
0.48684000,-0.0131105473
0.48688000,-0.0229912382
0.48692000,-0.0111981547
0.48696000,-0.0207601152
0.48700000,-0.012154351
0.48704000,-0.00641717482
0.48708000,-0.0255410951
0.48712000,-0.00960449502
0.48716000,-0.0175727941
0.48720000,0.00250732107
0.48724000,-0.00609844318
0.48728000,-0.025222363
0.48732000,-0.0386091061
0.48736000,0.00760703301
0.48740000,-0.0105606914
0.48744000,-0.001317463
0.48748000,-0.0213975795
0.48752000,-0.0159791354
0.48756000,-0.0245848987
0.48760000,0.0165315289
0.48764000,0.0292808097
0.48768000,-0.0213975795
0.48772000,-0.00546097895
0.48776000,-0.0497647263
0.48780000,-0.0175727941
0.48784000,-0.0284096822
0.48788000,-0.0115168868
0.48792000,0.00696956879
0.48796000,-0.00641717482
0.48800000,-0.0245848987
0.48804000,-0.0213975795
0.48808000,-0.0140667427
0.48812000,-0.0217163116
0.48816000,-0.0137480106
0.48820000,-0.0242661666
0.48824000,0.00473844493
0.48828000,0.0136629408
0.48832000,0.0178064574
0.48836000,-0.0156604033
0.48840000,-0.0379716419
0.48844000,-0.0319157355
0.48848000,0.00346351694
0.48852000,0.00346351694
0.48856000,0.00537590915
0.48860000,0.00123239297
0.48864000,0.0382053033
0.48868000,0.00282605295
0.48872000,-0.00291112298
0.48876000,-0.0296846107
0.48880000,-0.0315970033
0.48884000,-0.0366967134
0.48888000,-0.0172540639
0.48892000,-0.0226725079
0.48896000,-0.0150229391
0.48900000,0.00218858896
0.48904000,0.00792576466
0.48908000,0.0264122207
0.48912000,0.0493609235
0.48916000,0.0895211548
0.48920000,0.0503171198
0.48924000,0.0515920483
0.48928000,0.0439424813
0.48932000,0.0101568894
0.48936000,0.0120692812
0.48940000,0.0589228868
0.48944000,0.053823173
0.48948000,0.0178064574
0.48952000,0.0232249014
0.48956000,-0.000998731004
0.48960000,0.00250732107
0.48964000,-0.0182102583
0.48968000,0.0225874372
0.48972000,0.00856322888
0.48976000,-0.0309595391
0.48980000,-0.0223537758
0.48984000,-0.0220350437
0.48988000,-0.0300033428
0.48992000,-0.0226725079
0.48996000,-0.0370154455
0.49000000,-0.00227365899
0.49004000,0.0280058812
0.49008000,-0.0261785593
0.49012000,0.00792576466
0.49016000,0.0401176959
0.49020000,-0.0653825924
0.49024000,0.0181251895
0.49028000,0.0433050171
0.49032000,-0.0108794225
0.49036000,-0.044027552
0.49040000,-0.0025923911
0.49044000,-0.0370154455
0.49048000,0.00601337291
0.49052000,-0.00354858697
0.49056000,-0.0787693411
0.49060000,0.011431817
0.49064000,-0.0127918152
0.49068000,-0.041158963
0.49072000,-0.00577971106
0.49076000,0.0436237492
0.49080000,-0.0159791354
0.49084000,-0.00354858697
0.49088000,0.0388427675
0.49092000,0.0171689931
0.49096000,0.0369303785
0.49100000,0.0366116464
0.49104000,0.00856322888
0.49108000,-0.00354858697
0.49112000,0.00505717704
0.49116000,0.0194001179
0.49120000,-0.0424338914
0.49124000,-0.0386091061
0.49128000,0.00824449677
0.49132000,0.000913660973
0.49136000,0.0321493968
0.49140000,0.00537590915
0.49144000,0.0535044409
0.49148000,-0.001317463
0.49152000,0.0512733161
0.49156000,-0.0137480106
0.49160000,0.0433050171
0.49164000,-0.0185289904
0.49168000,0.0229061693
0.49172000,-0.0249036308
0.49176000,0.0292808097
0.49180000,0.0127067454
0.49184000,-0.001636195
0.49188000,0.0697597712
0.49192000,0.0187626537
0.49196000,0.0318306647
0.49200000,0.0174877252
0.49204000,0.0308744684
0.49208000,0.00346351694
0.49212000,0.0366116464
0.49216000,0.0292808097
0.49220000,-0.0226725079
0.49224000,-0.00673590694
0.49228000,0.0267309528
0.49232000,0.0566917621
0.49236000,-0.0303220749
0.49240000,-0.0574142933
0.49244000,-0.044027552
0.49248000,-0.0437088199
0.49252000,-0.0513583869
0.49256000,0.00282605295
0.49260000,-0.0459399447
0.49264000,-0.00609844318
0.49268000,-0.0178915262
0.49272000,-0.0727134347
0.49276000,-0.0743070915
0.49280000,-0.0443462841
0.49284000,-0.0695261136
0.49288000,-0.0446650162
0.49292000,-0.0166165996
0.49296000,-0.0296846107
0.49300000,0.0235436335
0.49304000,0.0248185601
0.49308000,-0.0280909501
0.49312000,-0.0676137209
0.49316000,-0.0108794225
0.49320000,-0.0261785593
0.49324000,-0.033509396
0.49328000,-0.0255410951
0.49332000,0.011431817
0.49336000,-0.00450478308
0.49340000,0.0229061693
0.49344000,0.0130254766
0.49348000,-0.00705463905
0.49352000,0.0426675528
0.49356000,0.08314652
0.49360000,0.0375678428
0.49364000,0.0369303785
0.49368000,0.0582854226
0.49372000,0.0155753326
0.49376000,0.0229061693
0.49380000,0.0423488207
0.49384000,0.00792576466
0.49388000,0.0295995418
0.49392000,0.0519107804
0.49396000,0.0672099143
0.49400000,-0.0115168868
0.49404000,0.0276871491
0.49408000,0.0410738923
0.49412000,0.00155112497
0.49416000,-0.0631514713
0.49420000,0.0267309528
0.49424000,-0.0303220749
0.49428000,-0.00450478308
0.49432000,0.00282605295
0.49436000,-0.0615578108
0.49440000,-0.0347843245
0.49444000,-0.0293658786
0.49448000,-0.0838690475
0.49452000,-0.0510396548
0.49456000,-0.0258598272
0.49460000,-0.04880853
0.49464000,-0.025222363
0.49468000,-0.0421151593
0.49472000,0.00441971282
0.49476000,0.0174877252
0.49480000,-0.0264972914
0.49484000,-0.0111981547
0.49488000,-0.0271347556
0.49492000,-0.001317463
0.49496000,-0.020122651
0.49500000,0.0401176959
0.49504000,-0.0280909501
0.49508000,0.00696956879
0.49512000,0.0146191372
0.49516000,-0.00705463905
0.49520000,-0.00737337116
0.49524000,0.0397989638
0.49528000,-0.00609844318
0.49532000,0.0311932005
0.49536000,0.079640463
0.49540000,0.0649787933
0.49544000,0.0343805216
0.49548000,0.0130254766
0.49552000,-0.00482351519
0.49556000,0.0401176959
0.49560000,-0.0185289904
0.49564000,0.0101568894
0.49568000,0.000913660973
0.49572000,-0.000998731004
0.49576000,0.008881961
0.49580000,-0.0220350437
0.49584000,0.0120692812
0.49588000,0.0229061693
0.49592000,0.0200375803
0.49596000,0.0340617895
0.49600000,0.0244998299
0.49604000,0.0209937766
0.49608000,0.0178064574
0.49612000,0.0241810977
0.49616000,0.0235436335
0.49620000,-0.00609844318
0.49624000,0.00378224906
0.49628000,0.0181251895
0.49632000,0.0136629408
0.49636000,-0.0453024805
0.49640000,-0.0217163116
0.49644000,-0.0118356189
0.49648000,-0.0131105473
0.49652000,-0.0156604033
0.49656000,-0.0449837483
0.49660000,-0.0287284143
0.49664000,0.00505717704
0.49668000,-0.0437088199
0.49672000,-0.0695261136
0.49676000,-0.0255410951
0.49680000,-0.0143854748
0.49684000,-0.0570955612
0.49688000,-0.0395653024
0.49692000,-0.0233099703
0.49696000,0.0187626537
0.49700000,-0.000998731004
0.49704000,0.00378224906
0.49708000,0.00282605295
0.49712000,0.0289620776
0.49716000,0.0171689931
0.49720000,-0.00705463905
0.49724000,-0.00514224684
0.49728000,-0.0102419592
0.49732000,-0.0175727941
0.49736000,0.0254560243
0.49740000,0.0117505491
0.49744000,-0.00960449502
0.49748000,0.0171689931
0.49752000,0.0589228868
0.49756000,0.0276871491
0.49760000,0.0206750445
0.49764000,0.0155753326
0.49768000,0.0382053033
0.49772000,-0.0143854748
0.49776000,0.0127067454
0.49780000,-0.0491272621
0.49784000,-0.0424338914
0.49788000,-4.25350008e-05
0.49792000,-0.0124730831
0.49796000,-0.0220350437
0.49800000,-0.0312782712
0.49804000,-0.0443462841
0.49808000,-0.0220350437
0.49812000,-0.012154351
0.49816000,-0.0586892217
0.49820000,-0.0829128549
0.49824000,-0.0198039189
0.49828000,-0.0500834584
0.49832000,-0.0395653024
0.49836000,-0.00514224684
0.49840000,-0.00577971106
0.49844000,-0.00577971106
0.49848000,0.00155112497
0.49852000,0.00601337291
0.49856000,-0.0280909501
0.49860000,0.00186985696
0.49864000,0.00027619701
0.49868000,0.021949973
0.49872000,-0.00514224684
0.49876000,-0.0213975795
0.49880000,-0.0134292794
0.49884000,-0.0363779813
0.49888000,0.0337430574
0.49892000,0.00696956879
0.49896000,-0.00546097895
0.49900000,-0.00737337116
0.49904000,-0.0191664547
0.49908000,-0.00928576291
0.49912000,-0.0319157355
0.49916000,-0.0134292794
0.49920000,0.008881961
0.49924000,-0.00386731909
0.49928000,-0.0124730831
0.49932000,0.0337430574
0.49936000,-0.0137480106
0.49940000,-0.0118356189
0.49944000,-0.00546097895
0.49948000,0.0149378693
0.49952000,-0.0261785593
0.49956000,-0.00577971106
0.49960000,0.00027619701
0.49964000,-0.0115168868
0.49968000,-0.0395653024
0.49972000,0.008881961
0.49976000,-0.0166165996
0.49980000,-0.00737337116
0.49984000,0.0225874372
0.49988000,0.0394802317
0.49992000,0.0375678428
0.49996000,0.0292808097
0.50000000,0.0123880133
0.50004000,-0.0255410951
0.50008000,0.0257747564
0.50012000,0.0155753326
0.50016000,-0.0261785593
0.50020000,-0.00195492711
0.50024000,-0.00609844318
0.50028000,-0.0249036308
0.50032000,-0.0191664547
0.50036000,-0.0207601152
0.50040000,-0.0277722199
0.50044000,-0.0408402309
0.50048000,-0.00514224684
0.50052000,-0.0468961373
0.50056000,-0.00960449502
0.50060000,0.0111130849
0.50064000,0.0127067454
0.50068000,-0.0169353317
0.50072000,0.0244998299
0.50076000,-0.001317463
0.50080000,0.0146191372
0.50084000,0.027368417
0.50088000,0.00027619701
0.50092000,0.0178064574
0.50096000,0.0286433455
0.50100000,0.011431817
0.50104000,-0.00928576291
0.50108000,0.0311932005
0.50112000,0.0181251895
0.50116000,-0.0108794225
0.50120000,0.027368417
0.50124000,-0.0226725079
0.50128000,-0.0468961373
0.50132000,-0.00928576291
0.50136000,-0.0140667427
0.50140000,-0.0319157355
0.50144000,0.00378224906
0.50148000,-0.0341468602
0.50152000,-0.0204413831
0.50156000,0.0104756206
0.50160000,-0.00195492711
0.50164000,0.00410098117
0.50168000,0.0264122207
0.50172000,0.0229061693
0.50176000,0.0197188482
0.50180000,0.000594928977
0.50184000,0.00378224906
0.50188000,0.0149378693
0.50192000,0.00792576466
0.50196000,0.0343805216
0.50200000,0.0334243253
0.50204000,0.0123880133
0.50208000,0.0152566014
0.50212000,0.0700785071
0.50216000,0.00346351694
0.50220000,0.0264122207
0.50224000,0.0244998299
0.50228000,-0.0207601152
0.50232000,-0.0153416712
0.50236000,0.0213125087
0.50240000,-0.0175727941
0.50244000,-0.0249036308
0.50248000,-0.0261785593
0.50252000,-0.0468961373
0.50256000,-0.0258598272
0.50260000,-0.0102419592
0.50264000,-0.0293658786
0.50268000,-0.0453024805
0.50272000,-0.0207601152
0.50276000,0.0072883009
0.50280000,-0.0242661666
0.50284000,-0.0357405208
0.50288000,-0.0153416712
0.50292000,0.00346351694
0.50296000,-0.0258598272
0.50300000,-0.0258598272
0.50304000,-0.0226725079
0.50308000,-0.0159791354
0.50312000,0.00378224906
0.50316000,0.0101568894
0.50320000,0.00250732107
0.50324000,0.0254560243
0.50328000,0.00601337291
0.50332000,0.0133442087
0.50336000,-0.0025923911
0.50340000,-0.001636195
0.50344000,-0.00705463905
0.50348000,0.008881961
0.50352000,0.0158940647
0.50356000,0.0155753326
0.50360000,0.0184439216
0.50364000,0.00282605295
0.50368000,0.00633210503
0.50372000,-0.00960449502
0.50376000,-0.001317463
0.50380000,-0.0296846107
0.50384000,-0.0280909501
0.50388000,-0.0239474345
0.50392000,0.00601337291
0.50396000,-0.00514224684
0.50400000,-0.00227365899
0.50404000,-0.0236287024
0.50408000,-0.0249036308
0.50412000,-0.0137480106
0.50416000,-0.0293658786
0.50420000,-0.0137480106
0.50424000,-0.0277722199
0.50428000,0.00282605295
0.50432000,-0.0347843245
0.50436000,0.00186985696
0.50440000,-0.0156604033
0.50444000,0.011431817
0.50448000,-0.00577971106
0.50452000,-0.00514224684
0.50456000,-0.0172540639
0.50460000,-0.0194851868
0.50464000,-0.0025923911
0.50468000,-0.00992322713
0.50472000,-0.00514224684
0.50476000,-0.0162978675
0.50480000,0.00250732107
0.50484000,0.00218858896
0.50488000,-0.00418605097
0.50492000,-0.00354858697
0.50496000,-0.00769210281
0.50500000,0.00537590915
0.50504000,0.0127067454
0.50508000,-0.00227365899
0.50512000,0.0184439216
0.50516000,0.0286433455
0.50520000,-0.0153416712
0.50524000,0.0171689931
0.50528000,-4.25350008e-05
0.50532000,-0.0284096822
0.50536000,-0.00546097895
0.50540000,0.008881961
0.50544000,-0.0118356189
0.50548000,0.0190813858
0.50552000,0.0174877252
0.50556000,0.011431817
0.50560000,0.0382053033
0.50564000,0.0225874372
0.50568000,0.0225874372
0.50572000,0.0241810977
0.50576000,0.0209937766
0.50580000,-0.0166165996
0.50584000,-0.0175727941
0.50588000,0.0107943527
0.50592000,-0.00291112298
0.50596000,0.00505717704
0.50600000,-0.0134292794
0.50604000,-0.00546097895
0.50608000,-0.0198039189
0.50612000,-0.00801083539
0.50616000,-0.0366967134
0.50620000,-0.0430713557
0.50624000,-0.0523145832
0.50628000,-0.0529520474
0.50632000,-0.00769210281
0.50636000,-0.00641717482
0.50640000,-0.00896703079
0.50644000,-0.00928576291
0.50648000,-0.00673590694
0.50652000,0.0420300886
0.50656000,0.0417113565
0.50660000,0.0311932005
0.50664000,0.0487234592
0.50668000,0.0471298024
0.50672000,0.0295995418
0.50676000,0.0171689931
0.50680000,-0.00195492711
0.50684000,-0.000998731004
0.50688000,-0.0025923911
0.50692000,0.0155753326
0.50696000,0.000913660973
0.50700000,-0.00418605097
0.50704000,0.00983815733
0.50708000,0.0171689931
0.50712000,0.011431817
0.50716000,0.00951942522
0.50720000,-0.0115168868
0.50724000,-0.00832956657
0.50728000,0.00314478506
0.50732000,-0.00322985509
0.50736000,-0.001317463
0.50740000,0.00218858896
0.50744000,0.00027619701
0.50748000,-0.00577971106
0.50752000,0.00410098117
0.50756000,0.000594928977
0.50760000,0.0375678428
0.50764000,-0.0309595391
0.50768000,-0.0182102583
0.50772000,-0.0548644401
0.50776000,-0.00673590694
0.50780000,-0.0386091061
0.50784000,-0.0303220749
0.50788000,0.0111130849
0.50792000,-0.00992322713
0.50796000,-0.025222363
0.50800000,-0.0274534877
0.50804000,-0.0153416712
0.50808000,-0.0293658786
0.50812000,-0.00354858697
0.50816000,-0.0124730831
0.50820000,-0.0331906639
0.50824000,-0.0542269759
0.50828000,-0.0290471464
0.50832000,-0.0481710657
0.50836000,-0.0500834584
0.50840000,-0.0363779813
0.50844000,-0.0634701997
0.50848000,-0.0322344676
0.50852000,-0.0449837483
0.50856000,-0.00832956657
0.50860000,-0.0386091061
0.50864000,-0.0115168868
0.50868000,0.00346351694
0.50872000,0.011431817
0.50876000,-0.00960449502
0.50880000,-0.0220350437
0.50884000,-0.0111981547
0.50888000,-0.00864829868
0.50892000,-0.0102419592
0.50896000,-4.25350008e-05
0.50900000,0.0222687051
0.50904000,0.00824449677
0.50908000,-0.00992322713
0.50912000,0.00633210503
0.50916000,0.00314478506
0.50920000,0.0200375803
0.50924000,0.00505717704
0.50928000,-0.0264972914
0.50932000,-0.00482351519
0.50936000,-0.00227365899
0.50940000,-0.0169353317
0.50944000,-0.0309595391
0.50948000,-0.0319157355
0.50952000,-0.0405214988
0.50956000,-0.0153416712
0.50960000,-0.0140667427
0.50964000,-0.0175727941
0.50968000,-0.0331906639
0.50972000,0.00314478506
0.50976000,0.00250732107
0.50980000,-0.00769210281
0.50984000,0.011431817
0.50988000,0.0158940647
0.50992000,-0.00641717482
0.50996000,0.0181251895
0.51000000,0.00378224906
0.51004000,-0.0108794225
0.51008000,0.00601337291
0.51012000,0.0056946408
0.51016000,0.0181251895
0.51020000,0.00378224906
0.51024000,-0.0172540639
0.51028000,-0.00322985509
0.51032000,0.0181251895
0.51036000,0.0149378693
0.51040000,0.0171689931
0.51044000,0.0222687051
0.51048000,0.0197188482
0.51052000,0.0146191372
0.51056000,0.0315119326
0.51060000,0.0668911859
0.51064000,0.0429862849
0.51068000,0.0764531419
0.51072000,0.0589228868
0.51076000,0.040436428
0.51080000,0.0586041547
0.51084000,0.0417113565
0.51088000,0.0152566014
0.51092000,0.00346351694
0.51096000,-0.0156604033
0.51100000,-0.0468961373
0.51104000,-0.0213975795
0.51108000,-0.0204413831
0.51112000,-0.0319157355
0.51116000,-0.044027552
0.51120000,-0.025222363
0.51124000,-0.0446650162
0.51128000,-0.0354217887
0.51132000,-0.0443462841
0.51136000,-0.0351030566
0.51140000,-0.0379716419
0.51144000,-0.0548644401
0.51148000,-0.0443462841
0.51152000,-0.0433900878
0.51156000,-0.0386091061
0.51160000,-0.0357405208
0.51164000,-0.0166165996
0.51168000,-0.0261785593
0.51172000,-0.0293658786
0.51176000,-0.0159791354
0.51180000,-0.0127918152
0.51184000,-0.0137480106
0.51188000,-0.0229912382
0.51192000,-0.000361267012
0.51196000,0.0229061693
0.51200000,0.0378865711
0.51204000,0.0410738923
0.51208000,0.053823173
0.51212000,0.040436428
0.51216000,0.0359741822
0.51220000,0.040436428
0.51224000,0.0375678428
0.51228000,0.0388427675
0.51232000,0.0178064574
0.51236000,-0.00482351519
0.51240000,0.0200375803
0.51244000,0.00473844493
0.51248000,-0.0223537758
0.51252000,-0.0194851868
0.51256000,-0.030640807
0.51260000,-0.00195492711
0.51264000,-0.0108794225
0.51268000,-0.001636195
0.51272000,0.00027619701
0.51276000,0.00951942522
0.51280000,-0.00801083539
0.51284000,-0.0264972914
0.51288000,-0.0433900878
0.51292000,-0.0430713557
0.51296000,-0.051677119
0.51300000,-0.0462586768
0.51304000,-0.0293658786
0.51308000,-0.0322344676
0.51312000,-0.0127918152
0.51316000,0.0162127968
0.51320000,-0.00546097895
0.51324000,0.0174877252
0.51328000,0.0158940647
0.51332000,0.0582854226
0.51336000,0.0541419052
0.51340000,0.08314652
0.51344000,0.0369303785
0.51348000,0.021949973
0.51352000,0.0260934886
0.51356000,0.0257747564
0.51360000,0.0130254766
0.51364000,-0.0261785593
0.51368000,-0.0303220749
0.51372000,-0.0519958511
0.51376000,-0.0280909501
0.51380000,-0.0223537758
0.51384000,-0.0405214988
0.51388000,-0.0421151593
0.51392000,-0.0395653024
0.51396000,0.0120692812
0.51400000,0.00792576466
0.51404000,0.00537590915
0.51408000,0.00824449677
0.51412000,0.0292808097
0.51416000,0.0611540079
0.51420000,0.0477672666
0.51424000,0.00951942522
0.51428000,0.0280058812
0.51432000,0.0471298024
0.51436000,0.00983815733
0.51440000,0.0155753326
0.51444000,0.0178064574
0.51448000,-0.00482351519
0.51452000,-0.0127918152
0.51456000,0.0318306647
0.51460000,0.0280058812
0.51464000,-0.0950246677
0.51468000,-0.0105606914
0.51472000,-0.0376529098
0.51476000,-0.0800442696
0.51480000,-0.0886500329
0.51484000,-0.0191664547
0.51488000,-0.0711197704
0.51492000,-0.000679999008
0.51496000,0.0264122207
0.51500000,-0.0249036308
0.51504000,0.0178064574
0.51508000,0.0197188482
0.51512000,0.0149378693
0.51516000,0.0267309528
0.51520000,0.0637038648
0.51524000,0.0426675528
0.51528000,0.0637038648
0.51532000,0.0251372922
0.51536000,0.0171689931
0.51540000,0.0872900337
0.51544000,0.0541419052
0.51548000,0.0133442087
0.51552000,0.0251372922
0.51556000,-0.0143854748
0.51560000,-0.0287284143
0.51564000,-0.0424338914
0.51568000,-0.0255410951
0.51572000,-0.0484897979
0.51576000,-0.0580517575
0.51580000,-0.0468961373
0.51584000,-0.0529520474
0.51588000,-0.0392465703
0.51592000,-0.0175727941
0.51596000,0.00951942522
0.51600000,0.00441971282
0.51604000,0.0512733161
0.51608000,0.0429862849
0.51612000,0.0241810977
0.51616000,0.0417113565
0.51620000,0.0133442087
0.51624000,0.0292808097
0.51628000,-0.00195492711
0.51632000,0.0356554501
0.51636000,0.00505717704
0.51640000,0.00920069311
0.51644000,-0.0025923911
0.51648000,0.0346992537
0.51652000,0.0120692812
0.51656000,0.0120692812
0.51660000,0.0496796556
0.51664000,-0.001317463
0.51668000,-0.000361267012
0.51672000,0.0544606373
0.51676000,0.072628364
0.51680000,0.0251372922
0.51684000,0.0388427675
0.51688000,0.0423488207
0.51692000,0.008881961
0.51696000,0.0420300886
0.51700000,0.0547793694
0.51704000,0.0120692812
0.51708000,0.0155753326
0.51712000,-0.00227365899
0.51716000,-0.00577971106
0.51720000,-0.0115168868
0.51724000,-0.0446650162
0.51728000,-0.0570955612
0.51732000,-0.0217163116
0.51736000,-0.00354858697
0.51740000,-0.0255410951
0.51744000,-0.000679999008
0.51748000,-0.00801083539
0.51752000,-0.0357405208
0.51756000,-0.0612390786
0.51760000,-0.0115168868
0.51764000,-0.0303220749
0.51768000,-0.0351030566
0.51772000,-0.0328719318
0.51776000,0.06147274
0.51780000,0.0535044409
0.51784000,-0.0389278382
0.51788000,0.0343805216
0.51792000,-0.0290471464
0.51796000,-0.0459399447
0.51800000,-0.0424338914
0.51804000,0.0289620776
0.51808000,-0.033509396
0.51812000,0.0302370042
0.51816000,-0.00482351519
0.51820000,-0.0249036308
0.51824000,-0.0140667427
0.51828000,-0.0303220749
0.51832000,-0.0625140071
0.51836000,-0.0408402309
0.51840000,0.0104756206
0.51844000,-0.0025923911
0.51848000,0.0503171198
0.51852000,0.0229061693
0.51856000,0.0362929143
0.51860000,0.0174877252
0.51864000,0.00282605295
0.51868000,0.0394802317
0.51872000,0.0496796556
0.51876000,0.0276871491
0.51880000,0.0448986776
0.51884000,0.0860151052
0.51888000,0.0589228868
0.51892000,0.0107943527
0.51896000,0.00250732107
0.51900000,0.0563730299
0.51904000,0.00346351694
0.51908000,-0.0245848987
0.51912000,-0.00227365899
0.51916000,-0.0162978675
0.51920000,0.00983815733
0.51924000,-0.00450478308
0.51928000,0.00633210503
0.51932000,0.00856322888
0.51936000,0.0178064574
0.51940000,-0.0465774052
0.51944000,-0.0172540639
0.51948000,-0.0153416712
0.51952000,-0.000361267012
0.51956000,-0.0111981547
0.51960000,-0.0271347556
0.51964000,-0.0134292794
0.51968000,-0.0178915262
0.51972000,-0.0223537758
0.51976000,-0.0472148694
0.51980000,-0.0255410951
0.51984000,-0.00195492711
0.51988000,0.0190813858
0.51992000,0.0133442087
0.51996000,0.00537590915
0.52000000,0.027368417
0.52004000,0.0280058812
0.52008000,0.0519107804
0.52012000,0.0184439216
0.52016000,0.0487234592
0.52020000,0.0471298024
0.52024000,0.0809153914
0.52028000,0.0856963694
0.52032000,0.0436237492
0.52036000,0.0506358519
0.52040000,-0.00577971106
0.52044000,0.0111130849
0.52048000,-0.0115168868
0.52052000,-0.0280909501
0.52056000,-0.0417964272
0.52060000,-0.0363779813
0.52064000,-0.0172540639
0.52068000,-0.0555019043
0.52072000,-0.0631514713
0.52076000,-0.103630438
0.52080000,-0.0494459942
0.52084000,-0.0475336015
0.52088000,-0.0373341776
0.52092000,-0.0398840345
0.52096000,-0.0338281281
0.52100000,-0.0162978675
0.52104000,-0.0660200566
0.52108000,-0.0264972914
0.52112000,-0.0162978675
0.52116000,-0.0414776951
0.52120000,-0.0484897979
0.52124000,-0.0102419592
0.52128000,0.00856322888
0.52132000,-0.00864829868
0.52136000,-0.0115168868
0.52140000,-0.0220350437
0.52144000,-0.00928576291
0.52148000,-0.0143854748
0.52152000,-0.00386731909
0.52156000,-0.0143854748
0.52160000,-0.0421151593
0.52164000,-0.0226725079
0.52168000,-0.0105606914
0.52172000,-0.0542269759
0.52176000,-0.0561393686
0.52180000,-0.0405214988
0.52184000,-0.059326686
0.52188000,-0.030640807
0.52192000,-0.0204413831
0.52196000,-0.0213975795
0.52200000,-0.0194851868
0.52204000,-0.0360592492
0.52208000,-0.030640807
0.52212000,-0.0207601152
0.52216000,0.0158940647
0.52220000,-0.0414776951
0.52224000,-0.00832956657
0.52228000,0.0130254766
0.52232000,0.0241810977
0.52236000,0.0343805216
0.52240000,0.0152566014
0.52244000,0.0213125087
0.52248000,0.0582854226
0.52252000,0.0566917621
0.52256000,0.0308744684
0.52260000,0.0369303785
0.52264000,0.0484047309
0.52268000,0.0257747564
0.52272000,0.0248185601
0.52276000,0.0356554501
0.52280000,0.0324681289
0.52284000,-0.00960449502
0.52288000,0.0101568894
0.52292000,0.00505717704
0.52296000,-0.0370154455
0.52300000,-0.0609203465
0.52304000,-0.00992322713
0.52308000,-0.0290471464
0.52312000,-0.0427526236
0.52316000,-0.0609203465
0.52320000,-0.0430713557
0.52324000,-0.0427526236
0.52328000,-0.00386731909
0.52332000,0.00760703301
0.52336000,-0.0242661666
0.52340000,-0.0319157355
0.52344000,-0.0143854748
0.52348000,-0.0497647263
0.52352000,-0.0663387924
0.52356000,-0.0162978675
0.52360000,-0.0178915262
0.52364000,-0.0663387924
0.52368000,-0.0287284143
0.52372000,0.00951942522
0.52376000,-0.0414776951
0.52380000,-0.0185289904
0.52384000,-0.0242661666
0.52388000,-0.0249036308
0.52392000,0.00218858896
0.52396000,-0.0102419592
0.52400000,-0.0242661666
0.52404000,-0.0198039189
0.52408000,-0.0679324493
0.52412000,-0.038290374
0.52416000,0.0165315289
0.52420000,-0.0373341776
0.52424000,-0.0606016144
0.52428000,-0.038290374
0.52432000,-0.0280909501
0.52436000,-0.0526333153
0.52440000,-0.0268160235
0.52444000,-0.0131105473
0.52448000,-0.0220350437
0.52452000,-0.00386731909
0.52456000,-0.0156604033
0.52460000,0.0254560243
0.52464000,-0.001317463
0.52468000,-0.0115168868
0.52472000,-0.0108794225
0.52476000,0.00346351694
0.52480000,0.00505717704
0.52484000,0.00824449677
0.52488000,-0.00896703079
0.52492000,-0.0178915262
0.52496000,0.00537590915
0.52500000,-0.0220350437
0.52504000,-0.0274534877
0.52508000,-0.00737337116
0.52512000,0.0209937766
0.52516000,-0.0264972914
0.52520000,-0.00450478308
0.52524000,-0.00227365899
0.52528000,0.008881961
0.52532000,-0.0143854748
0.52536000,-0.000679999008
0.52540000,0.00856322888
0.52544000,-0.0226725079
0.52548000,-0.00673590694
0.52552000,0.00378224906
0.52556000,0.0155753326
0.52560000,-0.014704207
0.52564000,0.00665083714
0.52568000,0.00027619701
0.52572000,-0.00609844318
0.52576000,0.00410098117
0.52580000,0.0254560243
0.52584000,0.00410098117
0.52588000,0.0152566014
0.52592000,0.0235436335
0.52596000,-0.00832956657
0.52600000,0.0101568894
0.52604000,0.0123880133
0.52608000,-0.00227365899
0.52612000,0.0162127968
0.52616000,0.0155753326
0.52620000,0.011431817
0.52624000,0.0251372922
0.52628000,0.0197188482
0.52632000,-0.00227365899
0.52636000,0.00665083714
0.52640000,-0.000679999008
0.52644000,0.0139816729
0.52648000,-0.00291112298
0.52652000,-0.0331906639
0.52656000,-0.00482351519
0.52660000,-0.0210788473
0.52664000,-0.0373341776
0.52668000,-0.0360592492
0.52672000,-0.00801083539
0.52676000,-0.0264972914
0.52680000,-0.00832956657
0.52684000,-0.0105606914
0.52688000,-0.0245848987
0.52692000,-0.00928576291
0.52696000,-0.0421151593
0.52700000,-0.00832956657
0.52704000,-0.0194851868
0.52708000,0.00505717704
0.52712000,0.0056946408
0.52716000,-0.00896703079
0.52720000,-0.00832956657
0.52724000,-0.00737337116
0.52728000,0.00537590915
0.52732000,0.0216312408
0.52736000,0.00920069311
0.52740000,0.0056946408
0.52744000,-0.0025923911
0.52748000,0.0197188482
0.52752000,-0.001317463
0.52756000,0.0190813858
0.52760000,-0.0309595391
0.52764000,-0.0217163116
0.52768000,-0.0280909501
0.52772000,0.00505717704
0.52776000,-0.0102419592
0.52780000,-0.0290471464
0.52784000,-0.0162978675
0.52788000,-0.0309595391
0.52792000,-0.0414776951
0.52796000,-0.012154351
0.52800000,-0.0239474345
0.52804000,-0.000998731004
0.52808000,-0.012154351
0.52812000,-0.0370154455
0.52816000,-0.0370154455
0.52820000,-0.0134292794
0.52824000,-0.0191664547
0.52828000,-0.0366967134
0.52832000,-0.0217163116
0.52836000,-0.0315970033
0.52840000,-0.0526333153
0.52844000,-0.0787693411
0.52848000,-0.120523229
0.52852000,-0.0934310108
0.52856000,0.0299182739
0.52860000,0.0104756206
0.52864000,-0.0115168868
0.52868000,0.0649787933
0.52872000,0.0264122207
0.52876000,-0.0325531997
0.52880000,0.0515920483
0.52884000,0.0522295125
0.52888000,0.0397989638
0.52892000,0.0729470924
0.52896000,0.0541419052
0.52900000,0.0420300886
0.52904000,0.0589228868
0.52908000,0.0544606373
0.52912000,0.0461736061
0.52916000,0.0442612134
0.52920000,0.0554168336
0.52924000,0.0576479584
0.52928000,0.0302370042
0.52932000,0.0171689931
0.52936000,0.0359741822
0.52940000,0.0742220208
0.52944000,0.0617914721
0.52948000,0.0410738923
0.52952000,0.0123880133
0.52956000,0.0139816729
0.52960000,-0.0233099703
0.52964000,-0.0182102583
0.52968000,-0.0609203465
0.52972000,-0.0351030566
0.52976000,-0.0494459942
0.52980000,-0.0819566622
0.52984000,-0.0829128549
0.52988000,-0.0800442696
0.52992000,-0.104586631
0.52996000,-0.112236202
0.53000000,-0.0832315907
0.53004000,-0.0829128549
0.53008000,-0.081319198
0.53012000,-0.0845065117
0.53016000,-0.07558202
0.53020000,-0.0612390786
0.53024000,-0.0759007484
0.53028000,-0.0720759705
0.53032000,-0.0264972914
0.53036000,-0.025222363
0.53040000,-0.0233099703
0.53044000,-0.0131105473
0.53048000,-0.00992322713
0.53052000,0.000594928977
0.53056000,0.0270496849
0.53060000,0.0672099143
0.53064000,0.0856963694
0.53068000,0.0821903199
0.53072000,0.0665724501
0.53076000,0.093664676
0.53080000,0.090158619
0.53084000,0.0828277841
0.53088000,0.0420300886
0.53092000,0.0710346997
0.53096000,0.040436428
0.53100000,0.0522295125
0.53104000,0.0130254766
0.53108000,0.0340617895
0.53112000,-0.0153416712
0.53116000,-0.0194851868
0.53120000,-0.0162978675
0.53124000,-0.0274534877
0.53128000,-0.04880853
0.53132000,-0.0465774052
0.53136000,-0.0446650162
0.53140000,-0.0625140071
0.53144000,-0.077813141
0.53148000,-0.0857814401
0.53152000,-0.0618765429
0.53156000,-0.0277722199
0.53160000,-0.0137480106
0.53164000,-0.00896703079
0.53168000,-0.00322985509
0.53172000,0.0248185601
0.53176000,-0.00227365899
0.53180000,0.0292808097
0.53184000,0.0337430574
0.53188000,0.0420300886
0.53192000,0.0560542978
0.53196000,0.0292808097
0.53200000,0.0499983877
0.53204000,0.0474485345
0.53208000,0.0461736061
0.53212000,0.0362929143
0.53216000,0.0630664006
0.53220000,0.0417113565
0.53224000,-0.0268160235
0.53228000,-0.0210788473
0.53232000,-0.0331906639
0.53236000,-0.0631514713
0.53240000,-0.0727134347
0.53244000,-0.0679324493
0.53248000,-0.0714385062
0.53252000,-0.0841877833
0.53256000,-0.0287284143
0.53260000,-0.030640807
0.53264000,-0.0169353317
0.53268000,0.00378224906
0.53272000,0.0111130849
0.53276000,0.0229061693
0.53280000,0.0280058812
0.53284000,0.0703972355
0.53288000,0.0426675528
0.53292000,0.0171689931
0.53296000,0.0213125087
0.53300000,0.0471298024
0.53304000,0.045854874
0.53308000,0.0697597712
0.53312000,0.0397989638
0.53316000,0.0487234592
0.53320000,0.0688035786
0.53324000,0.0197188482
0.53328000,0.0238623656
0.53332000,0.0244998299
0.53336000,-0.0105606914
0.53340000,-0.0140667427
0.53344000,-4.25350008e-05
0.53348000,-0.0108794225
0.53352000,-0.0293658786
0.53356000,0.00920069311
0.53360000,-0.0166165996
0.53364000,-0.0169353317
0.53368000,-0.0137480106
0.53372000,-0.00291112298
0.53376000,-0.0300033428
0.53380000,-0.0277722199
0.53384000,-0.0236287024
0.53388000,-0.0504021905
0.53392000,-0.0315970033
0.53396000,-0.0303220749
0.53400000,-0.0456212126
0.53404000,-0.0475336015
0.53408000,-0.0325531997
0.53412000,-0.0210788473
0.53416000,-0.0131105473
0.53420000,-0.0233099703
0.53424000,-0.0220350437
0.53428000,-0.0111981547
0.53432000,-0.0159791354
0.53436000,-0.0325531997
0.53440000,-0.0210788473
0.53444000,0.0136629408
0.53448000,-0.0561393686
0.53452000,-0.0462586768
0.53456000,-0.0229912382
0.53460000,-0.001636195
0.53464000,0.00505717704
0.53468000,0.0162127968
0.53472000,0.0197188482
0.53476000,-0.00386731909
0.53480000,0.00123239297
0.53484000,0.0203563124
0.53488000,0.0209937766
0.53492000,0.0235436335
0.53496000,0.0468110703
0.53500000,0.008881961
0.53504000,0.0209937766
0.53508000,0.0385240354
0.53512000,0.0439424813
0.53516000,0.0573292263
0.53520000,0.0433050171
0.53524000,0.0426675528
0.53528000,0.0531857088
0.53532000,0.0710346997
0.53536000,0.0429862849
0.53540000,0.0397989638
0.53544000,0.0286433455
0.53548000,0.00441971282
0.53552000,0.0350179859
0.53556000,0.027368417
0.53560000,0.0499983877
0.53564000,0.0308744684
0.53568000,-0.00322985509
0.53572000,-0.000998731004
0.53576000,0.0560542978
0.53580000,0.0200375803
0.53584000,-0.00450478308
0.53588000,-0.000998731004
0.53592000,-0.0198039189
0.53596000,-0.0606016144
0.53600000,-0.0609203465
0.53604000,-0.0663387924
0.53608000,0.00378224906
0.53612000,-0.00482351519
0.53616000,0.0477672666
0.53620000,0.0139816729
0.53624000,-0.00864829868
0.53628000,-0.0663387924
0.53632000,-0.00960449502
0.53636000,0.0165315289
0.53640000,-0.0172540639
0.53644000,0.0190813858
0.53648000,-0.0169353317
0.53652000,-0.0108794225
0.53656000,0.00186985696
0.53660000,-0.0261785593
0.53664000,0.0238623656
0.53668000,0.0582854226
0.53672000,0.053823173
0.53676000,0.0292808097
0.53680000,0.00696956879
0.53684000,-0.0271347556
0.53688000,-0.000679999008
0.53692000,-0.0271347556
0.53696000,-0.0268160235
0.53700000,-0.0166165996
0.53704000,0.0139816729
0.53708000,0.0445799455
0.53712000,0.00760703301
0.53716000,0.0209937766
0.53720000,0.0410738923
0.53724000,0.0337430574
0.53728000,0.000913660973
0.53732000,0.00760703301
0.53736000,0.0608352758
0.53740000,0.0761344135
0.53744000,0.0372491106
0.53748000,0.0343805216
0.53752000,0.0101568894
0.53756000,-0.000679999008
0.53760000,0.0213125087
0.53764000,0.0260934886
0.53768000,-0.0166165996
0.53772000,0.0305557363
0.53776000,-0.0223537758
0.53780000,-0.0258598272
0.53784000,-0.0025923911
0.53788000,-4.25350008e-05
0.53792000,-0.00322985509
0.53796000,-0.00322985509
0.53800000,0.0264122207
0.53804000,0.0464923382
0.53808000,0.0487234592
0.53812000,0.0248185601
0.53816000,0.000594928977
0.53820000,0.0165315289
0.53824000,0.00410098117
0.53828000,0.00696956879
0.53832000,-0.000679999008
0.53836000,-0.00769210281
0.53840000,0.0123880133
0.53844000,-0.0296846107
0.53848000,-0.044027552
0.53852000,-0.0523145832
0.53856000,-0.0539082438
0.53860000,-0.0395653024
0.53864000,-0.0398840345
0.53868000,-0.0743070915
0.53872000,-0.0688886493
0.53876000,-0.0220350437
0.53880000,-0.0236287024
0.53884000,0.00123239297
0.53888000,-0.0102419592
0.53892000,0.0659349859
0.53896000,0.0388427675
0.53900000,0.0209937766
0.53904000,-0.0108794225
0.53908000,0.0366116464
0.53912000,0.0598790795
0.53916000,0.074859485
0.53920000,0.0429862849
0.53924000,0.0410738923
0.53928000,0.090158619
0.53932000,0.0841027126
0.53936000,0.0468110703
0.53940000,0.0187626537
0.53944000,0.0299182739
0.53948000,0.0130254766
0.53952000,-0.0166165996
0.53956000,-0.0510396548
0.53960000,-0.0287284143
0.53964000,-0.00609844318
0.53968000,-0.0204413831
0.53972000,-0.0233099703
0.53976000,-0.00195492711
0.53980000,0.0127067454
0.53984000,-0.00864829868
0.53988000,-0.00928576291
0.53992000,-0.00291112298
0.53996000,0.00346351694
0.54000000,0.0101568894
0.54004000,0.0225874372
0.54008000,0.00250732107
0.54012000,0.00824449677
0.54016000,0.0417113565
0.54020000,-0.0688886493
0.54024000,0.0528669767
0.54028000,-0.0331906639
0.54032000,-0.0363779813
0.54036000,-0.0264972914
0.54040000,-0.0236287024
0.54044000,-0.104586631
0.54048000,-0.0714385062
0.54052000,-0.0437088199
0.54056000,-0.0424338914
0.54060000,-0.096618332
0.54064000,-0.0743070915
0.54068000,-0.0433900878
0.54072000,-0.0822753906
0.54076000,-0.0347843245
0.54080000,-0.0274534877
0.54084000,0.0178064574
0.54088000,-0.0296846107
0.54092000,-0.00577971106
0.54096000,-0.00801083539
0.54100000,-0.000361267012
0.54104000,-0.0124730831
0.54108000,0.0178064574
0.54112000,0.0072883009
0.54116000,0.011431817
0.54120000,0.0362929143
0.54124000,0.0388427675
0.54128000,0.00920069311
0.54132000,-0.0102419592
0.54136000,0.0448986776
0.54140000,0.0477672666
0.54144000,0.0276871491
0.54148000,0.064341329
0.54152000,0.0573292263
0.54156000,-0.000998731004
0.54160000,-0.0127918152
0.54164000,0.0340617895
0.54168000,0.0200375803
0.54172000,0.014300405
0.54176000,0.050954584
0.54180000,0.0292808097
0.54184000,0.0305557363
0.54188000,0.0331055932
0.54192000,-0.0481710657
0.54196000,-0.00227365899
0.54200000,0.0318306647
0.54204000,0.0200375803
0.54208000,-0.0140667427
0.54212000,0.00696956879
0.54216000,0.0372491106
0.54220000,0.0206750445
0.54224000,0.011431817
0.54228000,0.00378224906
0.54232000,0.0158940647
0.54236000,0.0394802317
0.54240000,0.0417113565
0.54244000,0.0225874372
0.54248000,0.0174877252
0.54252000,0.0375678428
0.54256000,0.0566917621
0.54260000,0.0162127968
0.54264000,0.0229061693
0.54268000,0.0350179859
0.54272000,-0.00195492711
0.54276000,-0.0124730831
0.54280000,-0.0347843245
0.54284000,-0.0523145832
0.54288000,-0.0714385062
0.54292000,-0.0743070915
0.54296000,-0.11351113
0.54300000,-0.106817752
0.54304000,-0.0873751044
0.54308000,-0.0994869173
0.54312000,-0.0746258199
0.54316000,-0.0140667427
0.54320000,-0.0309595391
0.54324000,-0.0577330254
0.54328000,-0.0134292794
0.54332000,0.00633210503
0.54336000,-0.0025923911
0.54340000,-4.25350008e-05
0.54344000,0.00601337291
0.54348000,-0.0159791354
0.54352000,-0.00418605097
0.54356000,-0.012154351
0.54360000,-0.0162978675
0.54364000,0.00378224906
0.54368000,0.0146191372
0.54372000,0.0133442087
0.54376000,0.0362929143
0.54380000,0.0439424813
0.54384000,0.0385240354
0.54388000,0.0254560243
0.54392000,0.0423488207
0.54396000,0.0499983877
0.54400000,0.0471298024
0.54404000,0.0570104942
0.54408000,0.00760703301
0.54412000,0.027368417
0.54416000,0.0127067454
0.54420000,0.008881961
0.54424000,-0.0153416712
0.54428000,-0.0025923911
0.54432000,-0.0242661666
0.54436000,0.00027619701
0.54440000,0.00378224906
0.54444000,-0.0229912382
0.54448000,-0.0194851868
0.54452000,0.0117505491
0.54456000,-0.0191664547
0.54460000,-0.0258598272
0.54464000,-0.00514224684
0.54468000,-0.00960449502
0.54472000,-0.0140667427
0.54476000,-0.0347843245
0.54480000,0.00250732107
0.54484000,-0.0188477226
0.54488000,0.00410098117
0.54492000,-0.0233099703
0.54496000,-0.0213975795
0.54500000,0.00856322888
0.54504000,0.0146191372
0.54508000,-0.0102419592
0.54512000,0.00633210503
0.54516000,0.0439424813
0.54520000,0.0337430574
0.54524000,0.0369303785
0.54528000,0.0292808097
0.54532000,0.0439424813
0.54536000,0.0356554501
0.54540000,0.0146191372
0.54544000,0.0321493968
0.54548000,0.00856322888
0.54552000,-0.00673590694
0.54556000,-0.0105606914
0.54560000,-0.00546097895
0.54564000,-0.0150229391
0.54568000,0.00951942522
0.54572000,0.0056946408
0.54576000,-0.0360592492
0.54580000,-0.00609844318
0.54584000,0.0127067454
0.54588000,0.00186985696
0.54592000,-0.0131105473
0.54596000,-0.000361267012
0.54600000,-0.00737337116
0.54604000,-0.0386091061
0.54608000,-0.012154351
0.54612000,-0.102036774
0.54616000,-0.0886500329
0.54620000,-0.0876938328
0.54624000,-0.0962995961
0.54628000,-0.0449837483
0.54632000,-0.0507209226
0.54636000,-0.0417964272
0.54640000,-0.0437088199
0.54644000,-0.0166165996
0.54648000,-0.00737337116
0.54652000,-0.000361267012
0.54656000,0.0225874372
0.54660000,0.0640226007
0.54664000,0.0391614996
0.54668000,0.0413926244
0.54672000,0.0659349859
0.54676000,0.0665724501
0.54680000,0.0624289364
0.54684000,0.0675286502
0.54688000,0.0372491106
0.54692000,0.064341329
0.54696000,0.0761344135
0.54700000,0.00346351694
0.54704000,-0.0271347556
0.54708000,0.000594928977
0.54712000,0.0162127968
0.54716000,-0.0274534877
0.54720000,-0.0025923911
0.54724000,-0.0102419592
0.54728000,-0.00609844318
0.54732000,0.0101568894
0.54736000,-0.014704207
0.54740000,-0.0424338914
0.54744000,-0.0395653024
0.54748000,-0.0344655924
0.54752000,-0.0806817338
0.54756000,-0.0854627118
0.54760000,-0.0558206365
0.54764000,-0.0768569484
0.54768000,-0.0660200566
0.54772000,-0.0612390786
0.54776000,-0.00769210281
0.54780000,-0.0213975795
0.54784000,-0.00864829868
0.54788000,0.0378865711
0.54792000,0.0174877252
0.54796000,0.0276871491
0.54800000,0.0213125087
0.54804000,0.0133442087
0.54808000,0.00186985696
0.54812000,0.0417113565
0.54816000,0.0426675528
0.54820000,0.014300405
0.54824000,0.0305557363
0.54828000,0.0484047309
0.54832000,0.0270496849
0.54836000,0.00633210503
0.54840000,0.0267309528
0.54844000,0.0385240354
0.54848000,0.0586041547
0.54852000,0.0158940647
0.54856000,0.0162127968
0.54860000,0.0225874372
0.54864000,-0.0025923911
0.54868000,0.0187626537
0.54872000,0.0493609235
0.54876000,0.0149378693
0.54880000,-0.00737337116
0.54884000,0.00282605295
0.54888000,-0.0213975795
0.54892000,-0.0497647263
0.54896000,-0.0162978675
0.54900000,-0.0535895117
0.54904000,-0.0268160235
0.54908000,-0.0555019043
0.54912000,-0.00482351519
0.54916000,-0.0701635778
0.54920000,-0.0274534877
0.54924000,-0.0315970033
0.54928000,-0.0456212126
0.54932000,-0.0351030566
0.54936000,-0.0153416712
0.54940000,0.0056946408
0.54944000,-0.0226725079
0.54948000,-0.044027552
0.54952000,-0.0159791354
0.54956000,0.00537590915
0.54960000,-0.0127918152
0.54964000,-0.0261785593
0.54968000,-0.000998731004
0.54972000,-0.00450478308
0.54976000,0.00505717704
0.54980000,0.0496796556
0.54984000,0.0280058812
0.54988000,0.00505717704
0.54992000,0.014300405
0.54996000,-0.00514224684
0.55000000,0.0139816729
0.55004000,0.00633210503
0.55008000,0.014300405
0.55012000,0.00665083714
0.55016000,0.00633210503
0.55020000,-0.0303220749
0.55024000,0.00856322888
0.55028000,-0.0131105473
0.55032000,-0.0236287024
0.55036000,-0.00705463905
0.55040000,0.00920069311
0.55044000,0.0190813858
0.55048000,-0.0191664547
0.55052000,-0.0127918152
0.55056000,-0.00482351519
0.55060000,0.014300405
0.55064000,0.0321493968
0.55068000,0.00601337291
0.55072000,0.0248185601
0.55076000,0.0439424813
0.55080000,0.0324681289
0.55084000,0.0311932005
0.55088000,0.0420300886
0.55092000,0.0120692812
0.55096000,-0.0220350437
0.55100000,0.00250732107
0.55104000,-0.001636195
0.55108000,-0.00322985509
0.55112000,0.00824449677
0.55116000,-0.00418605097
0.55120000,0.0194001179
0.55124000,0.011431817
0.55128000,0.0178064574
0.55132000,0.00633210503
0.55136000,0.011431817
0.55140000,-0.000361267012
0.55144000,-0.0271347556
0.55148000,-0.0312782712
0.55152000,-0.0430713557
0.55156000,-0.0746258199
0.55160000,-0.0940684751
0.55164000,-0.0701635778
0.55168000,-0.0456212126
0.55172000,-0.0529520474
0.55176000,-0.0414776951
0.55180000,0.0136629408
0.55184000,-4.25350008e-05
0.55188000,-0.0465774052
0.55192000,-0.0478523336
0.55196000,-0.0249036308
0.55200000,-0.0405214988
0.55204000,-0.0172540639
0.55208000,-0.0191664547
0.55212000,-0.0236287024
0.55216000,-0.00354858697
0.55220000,-0.0360592492
0.55224000,-0.0468961373
0.55228000,-0.0379716419
0.55232000,-0.00960449502
0.55236000,-0.0204413831
0.55240000,-0.001636195
0.55244000,-0.0124730831
0.55248000,-0.0150229391
0.55252000,-0.00864829868
0.55256000,-0.0366967134
0.55260000,-0.0226725079
0.55264000,-0.00577971106
0.55268000,0.000594928977
0.55272000,-0.0115168868
0.55276000,0.0194001179
0.55280000,0.0136629408
0.55284000,-0.00992322713
0.55288000,0.00410098117
0.55292000,-0.000679999008
0.55296000,0.00410098117
0.55300000,0.00027619701
0.55304000,0.0171689931
0.55308000,-0.000679999008
0.55312000,-0.00354858697
0.55316000,-0.00609844318
0.55320000,-0.0207601152
0.55324000,-0.0354217887
0.55328000,-0.0287284143
0.55332000,0.00665083714
0.55336000,0.00378224906
0.55340000,0.0120692812
0.55344000,-0.00418605097
0.55348000,-0.000679999008
0.55352000,-0.000679999008
0.55356000,-0.000361267012
0.55360000,-0.0453024805
0.55364000,-0.00514224684
0.55368000,-0.0166165996
0.55372000,-0.0322344676
0.55376000,-0.0284096822
0.55380000,-0.0159791354
0.55384000,0.00696956879
0.55388000,-0.0370154455
0.55392000,-0.0143854748
0.55396000,-0.0127918152
0.55400000,0.0136629408
0.55404000,-0.00514224684
0.55408000,-4.25350008e-05
0.55412000,0.0238623656
0.55416000,-0.00354858697
0.55420000,-0.0408402309
0.55424000,-0.0178915262
0.55428000,-0.00896703079
0.55432000,-0.0586892217
0.55436000,-0.0322344676
0.55440000,-0.0264972914
0.55444000,-0.0344655924
0.55448000,-0.00546097895
0.55452000,-0.0118356189
0.55456000,-0.0274534877
0.55460000,-0.0504021905
0.55464000,-0.0523145832
0.55468000,-0.0590079539
0.55472000,-0.0162978675
0.55476000,0.00696956879
0.55480000,-0.001317463
0.55484000,-0.00992322713
0.55488000,-0.0108794225
0.55492000,-0.0191664547
0.55496000,-0.0274534877
0.55500000,0.016850261
0.55504000,-0.00769210281
0.55508000,0.0267309528
0.55512000,0.0181251895
0.55516000,-0.00482351519
0.55520000,-0.0102419592
0.55524000,-0.0105606914
0.55528000,0.00537590915
0.55532000,-0.0143854748
0.55536000,0.0346992537
0.55540000,-0.0131105473
0.55544000,0.0184439216
0.55548000,0.014300405
0.55552000,0.027368417
0.55556000,0.0254560243
0.55560000,0.0448986776
0.55564000,-0.00322985509
0.55568000,-0.0226725079
0.55572000,0.00983815733
0.55576000,0.0308744684
0.55580000,0.0356554501
0.55584000,-0.00705463905
0.55588000,-0.0217163116
0.55592000,-0.0025923911
0.55596000,0.0401176959
0.55600000,-0.0162978675
0.55604000,0.0280058812
0.55608000,-0.0402027667
0.55612000,-0.00769210281
0.55616000,-0.0542269759
0.55620000,-0.114148594
0.55624000,-0.0940684751
0.55628000,-0.0535895117
0.55632000,-0.106180288
0.55636000,-0.04880853
0.55640000,-0.0169353317
0.55644000,-0.0803629979
0.55648000,-0.118610837
0.55652000,-0.105542824
0.55656000,-0.102674238
0.55660000,-0.0727134347
0.55664000,-0.0182102583
0.55668000,0.0178064574
0.55672000,-0.00195492711
0.55676000,0.0174877252
0.55680000,0.0235436335
0.55684000,0.0241810977
0.55688000,0.0582854226
0.55692000,0.0601978116
0.55696000,0.0477672666
0.55700000,0.0541419052
0.55704000,0.0426675528
0.55708000,0.0276871491
0.55712000,0.0719908997
0.55716000,0.0410738923
0.55720000,0.0471298024
0.55724000,0.0197188482
0.55728000,0.0331055932
0.55732000,0.0209937766
0.55736000,0.0194001179
0.55740000,-0.0102419592
0.55744000,-0.00801083539
0.55748000,-0.0242661666
0.55752000,-0.038290374
0.55756000,-0.0398840345
0.55760000,-0.0676137209
0.55764000,-0.0743070915
0.55768000,-0.0771756768
0.55772000,-0.0660200566
0.55776000,-0.07558202
0.55780000,-0.0341468602
0.55784000,-0.0555019043
0.55788000,-0.0583704896
0.55792000,-0.07558202
0.55796000,-0.0634701997
0.55800000,-0.0494459942
0.55804000,-0.0312782712
0.55808000,-0.00609844318
0.55812000,-0.0233099703
0.55816000,-0.0194851868
0.55820000,0.008881961
0.55824000,-0.00896703079
0.55828000,0.00378224906
0.55832000,0.0206750445
0.55836000,0.0174877252
0.55840000,0.0276871491
0.55844000,0.0439424813
0.55848000,0.0656162575
0.55852000,0.0315119326
0.55856000,0.0630664006
0.55860000,0.045854874
0.55864000,0.0554168336
0.55868000,0.0595603473
0.55872000,0.0694410428
0.55876000,0.0570104942
0.55880000,0.0570104942
0.55884000,0.0382053033
0.55888000,0.0267309528
0.55892000,0.0107943527
0.55896000,0.0222687051
0.55900000,-0.0245848987
0.55904000,-0.0223537758
0.55908000,-0.00386731909
0.55912000,-0.0558206365
0.55916000,-0.0213975795
0.55920000,0.0331055932
0.55924000,0.0139816729
0.55928000,0.014300405
0.55932000,0.0496796556
0.55936000,0.0350179859
0.55940000,0.0171689931
0.55944000,0.0302370042
0.55948000,0.0146191372
0.55952000,0.0174877252
0.55956000,0.0209937766
0.55960000,0.0232249014
0.55964000,0.0621102042
0.55968000,0.011431817
0.55972000,0.0461736061
0.55976000,0.0560542978
0.55980000,0.0280058812
0.55984000,-0.00514224684
0.55988000,0.0146191372
0.55992000,-0.001317463
0.55996000,-0.00832956657
0.56000000,0.0149378693
0.56004000,-0.0300033428
0.56008000,-0.00195492711
0.56012000,0.00186985696
0.56016000,0.0362929143
0.56020000,0.021949973
0.56024000,-0.000998731004
0.56028000,0.00378224906
0.56032000,-0.00864829868
0.56036000,0.0123880133
0.56040000,0.0127067454
0.56044000,0.0139816729
0.56048000,-0.0634701997
0.56052000,0.0257747564
0.56056000,-0.0264972914
0.56060000,-0.0127918152
0.56064000,-0.0296846107
0.56068000,-0.0510396548
0.56072000,-0.0526333153
0.56076000,-0.025222363
0.56080000,-0.0615578108
0.56084000,-0.0449837483
0.56088000,-0.0319157355
0.56092000,-0.0392465703
0.56096000,-0.0449837483
0.56100000,0.0197188482
0.56104000,0.0235436335
0.56108000,-0.0172540639
0.56112000,0.00378224906
0.56116000,0.0229061693
0.56120000,0.0707159713
0.56124000,0.0586041547
0.56128000,0.00250732107
0.56132000,0.0433050171
0.56136000,0.085377641
0.56140000,0.0550981015
0.56144000,0.0152566014
0.56148000,0.0407551602
0.56152000,0.0162127968
0.56156000,0.0311932005
0.56160000,0.0987643823
0.56164000,0.000913660973
0.56168000,0.0305557363
0.56172000,0.0346992537
0.56176000,-0.000679999008
0.56180000,0.00441971282
0.56184000,0.0197188482
0.56188000,-0.001636195
0.56192000,0.0216312408
0.56196000,0.0104756206
0.56200000,-0.0213975795
0.56204000,-0.0213975795
0.56208000,-0.0025923911
0.56212000,0.00760703301
0.56216000,-0.00641717482
0.56220000,-0.0363779813
0.56224000,-0.0169353317
0.56228000,-0.0468961373
0.56232000,-0.00992322713
0.56236000,-0.0408402309
0.56240000,-0.0379716419
0.56244000,-0.0373341776
0.56248000,-0.0484897979
0.56252000,-0.0296846107
0.56256000,0.0162127968
0.56260000,-0.0322344676
0.56264000,-0.065063864
0.56268000,-0.0124730831
0.56272000,-0.0182102583
0.56276000,-0.00737337116
0.56280000,0.000594928977
0.56284000,0.011431817
0.56288000,-0.0105606914
0.56292000,-0.00896703079
0.56296000,0.0165315289
0.56300000,0.000913660973
0.56304000,0.00537590915
0.56308000,-0.0268160235
0.56312000,0.0123880133
0.56316000,-0.00322985509
0.56320000,0.0512733161
0.56324000,0.0949396044
0.56328000,-0.0172540639
0.56332000,0.0962145254
0.56336000,0.0203563124
0.56340000,0.0104756206
0.56344000,0.0117505491
0.56348000,0.0445799455
0.56352000,0.00792576466
0.56356000,0.0767718777
0.56360000,0.0372491106
0.56364000,0.0171689931
0.56368000,0.0181251895
0.56372000,0.0592416152
0.56376000,0.0311932005
0.56380000,0.00633210503
0.56384000,0.0426675528
0.56388000,0.0244998299
0.56392000,-0.00673590694
0.56396000,-0.0468961373
0.56400000,-0.0239474345
0.56404000,-0.0395653024
0.56408000,-0.0213975795
0.56412000,-0.051677119
0.56416000,-0.0319157355
0.56420000,-0.0468961373
0.56424000,-0.0137480106
0.56428000,-0.0456212126
0.56432000,-0.0182102583
0.56436000,-0.04880853
0.56440000,-0.00546097895
0.56444000,-0.012154351
0.56448000,-0.0204413831
0.56452000,-0.0446650162
0.56456000,0.0222687051
0.56460000,0.0120692812
0.56464000,-0.0405214988
0.56468000,-0.00322985509
0.56472000,0.0056946408
0.56476000,0.0104756206
0.56480000,-0.0131105473
0.56484000,-0.00577971106
0.56488000,0.0238623656
0.56492000,0.00696956879
0.56496000,0.0541419052
0.56500000,0.0372491106
0.56504000,0.0420300886
0.56508000,0.0276871491
0.56512000,0.0662537217
0.56516000,0.0426675528
0.56520000,0.0560542978
0.56524000,0.0213125087
0.56528000,0.00218858896
0.56532000,0.0356554501
0.56536000,0.0375678428
0.56540000,0.0165315289
0.56544000,-0.0226725079
0.56548000,-0.0153416712
0.56552000,-0.0462586768
0.56556000,-0.0233099703
0.56560000,-0.0159791354
0.56564000,-0.0175727941
0.56568000,-0.00769210281
0.56572000,0.0184439216
0.56576000,0.00441971282
0.56580000,-0.0169353317
0.56584000,-0.0363779813
0.56588000,-0.0137480106
0.56592000,0.00920069311
0.56596000,0.0286433455
0.56600000,0.0104756206
0.56604000,0.0369303785
0.56608000,0.0401176959
0.56612000,-0.00482351519
0.56616000,0.0107943527
0.56620000,-0.00322985509
0.56624000,-0.0280909501
0.56628000,0.0171689931
0.56632000,0.0232249014
0.56636000,-0.00354858697
0.56640000,0.00792576466
0.56644000,0.0139816729
0.56648000,0.0286433455
0.56652000,0.0442612134
0.56656000,0.00505717704
0.56660000,0.0104756206
0.56664000,0.0468110703
0.56668000,0.0334243253
0.56672000,-0.00577971106
0.56676000,0.0107943527
0.56680000,0.0257747564
0.56684000,0.000594928977
0.56688000,0.0139816729
0.56692000,-0.0162978675
0.56696000,0.021949973
0.56700000,-0.0150229391
0.56704000,-0.0102419592
0.56708000,-0.0111981547
0.56712000,-0.0507209226
0.56716000,-0.0542269759
0.56720000,-0.0354217887
0.56724000,-0.0296846107
0.56728000,-0.0484897979
0.56732000,-0.0178915262
0.56736000,0.00314478506
0.56740000,-0.0025923911
0.56744000,0.0155753326
0.56748000,-0.0118356189
0.56752000,0.00250732107
0.56756000,0.0107943527
0.56760000,-0.00832956657
0.56764000,-0.014704207
0.56768000,-0.00322985509
0.56772000,-0.0140667427
0.56776000,0.00696956879
0.56780000,-0.0217163116
0.56784000,-0.020122651
0.56788000,0.00792576466
0.56792000,-0.0433900878
0.56796000,-0.0162978675
0.56800000,-0.001636195
0.56804000,-0.0287284143
0.56808000,-0.00514224684
0.56812000,0.0225874372
0.56816000,0.0299182739
0.56820000,0.0222687051
0.56824000,-0.000998731004
0.56828000,-0.012154351
0.56832000,0.0238623656
0.56836000,-0.0153416712
0.56840000,-0.0602828823
0.56844000,-0.001317463
0.56848000,0.00314478506
0.56852000,-0.0172540639
0.56856000,-0.0140667427
0.56860000,0.00951942522
0.56864000,-0.0494459942
0.56868000,-0.0102419592
0.56872000,-0.00832956657
0.56876000,-0.0108794225
0.56880000,0.00537590915
0.56884000,-0.000998731004
0.56888000,-0.001317463
0.56892000,-0.0025923911
0.56896000,-0.000679999008
0.56900000,0.0238623656
0.56904000,0.0123880133
0.56908000,0.0362929143
0.56912000,0.00537590915
0.56916000,-0.020122651
0.56920000,-0.00195492711
0.56924000,0.0222687051
0.56928000,0.00250732107
0.56932000,-0.0127918152
0.56936000,-0.0156604033
0.56940000,-0.00195492711
0.56944000,-0.014704207
0.56948000,-0.0172540639
0.56952000,-0.0271347556
0.56956000,0.00123239297
0.56960000,0.00505717704
0.56964000,-0.0162978675
0.56968000,-0.0131105473
0.56972000,-0.00418605097
0.56976000,0.0139816729
0.56980000,0.0299182739
0.56984000,0.0283246133
0.56988000,0.000913660973
0.56992000,0.00186985696
0.56996000,0.00186985696
0.57000000,0.0213125087
0.57004000,0.0362929143
0.57008000,0.00473844493
0.57012000,-0.0229912382
0.57016000,0.000594928977
0.57020000,-0.00641717482
0.57024000,-0.0153416712
0.57028000,-0.0274534877
0.57032000,-0.0169353317
0.57036000,0.0056946408
0.57040000,0.0410738923
0.57044000,-0.0217163116
0.57048000,-0.0542269759
0.57052000,-0.0025923911
0.57056000,-0.0188477226
0.57060000,-0.0131105473
0.57064000,0.00792576466
0.57068000,0.0248185601
0.57072000,0.0241810977
0.57076000,0.0206750445
0.57080000,-0.0131105473
0.57084000,-0.0204413831
0.57088000,0.0139816729
0.57092000,-0.00960449502
0.57096000,0.0072883009
0.57100000,0.00378224906
0.57104000,0.0181251895
0.57108000,-0.0392465703
0.57112000,-0.0395653024
0.57116000,0.00378224906
0.57120000,-0.014704207
0.57124000,-0.0236287024
0.57128000,-0.0328719318
0.57132000,-0.00641717482
0.57136000,-0.0338281281
0.57140000,-0.0198039189
0.57144000,-0.0478523336
0.57148000,-0.0357405208
0.57152000,-0.0347843245
0.57156000,-0.025222363
0.57160000,-0.00832956657
0.57164000,-0.012154351
0.57168000,0.00027619701
0.57172000,0.00505717704
0.57176000,0.0324681289
0.57180000,0.0305557363
0.57184000,-0.000998731004
0.57188000,-0.0258598272
0.57192000,0.0264122207
0.57196000,0.0155753326
0.57200000,0.0292808097
0.57204000,0.0394802317
0.57208000,0.0327868611
0.57212000,0.0200375803
0.57216000,0.0257747564
0.57220000,0.0241810977
0.57224000,0.0401176959
0.57228000,0.0681661144
0.57232000,0.0627476722
0.57236000,0.0484047309
0.57240000,0.0573292263
0.57244000,0.0181251895
0.57248000,0.0311932005
0.57252000,0.0216312408
0.57256000,0.0232249014
0.57260000,0.00250732107
0.57264000,0.0254560243
0.57268000,0.014300405
0.57272000,-0.0159791354
0.57276000,-0.00418605097
0.57280000,-0.00673590694
0.57284000,-0.033509396
0.57288000,-0.0274534877
0.57292000,-0.0172540639
0.57296000,-0.0363779813
0.57300000,-0.0551831722
0.57304000,-0.0341468602
0.57308000,-0.0300033428
0.57312000,-0.0653825924
0.57316000,-0.04880853
0.57320000,-0.0344655924
0.57324000,-0.0615578108
0.57328000,-0.041158963
0.57332000,-0.0169353317
0.57336000,-0.0395653024
0.57340000,-0.0427526236
0.57344000,-0.030640807
0.57348000,-0.0402027667
0.57352000,-0.0156604033
0.57356000,-0.0105606914
0.57360000,0.0130254766
0.57364000,-0.00322985509
0.57368000,0.0101568894
0.57372000,-0.0102419592
0.57376000,0.0165315289
0.57380000,0.0656162575
0.57384000,0.0608352758
0.57388000,0.0286433455
0.57392000,0.00856322888
0.57396000,-0.0137480106
0.57400000,0.00696956879
0.57404000,-0.00386731909
0.57408000,-0.0137480106
0.57412000,-0.00992322713
0.57416000,-0.0264972914
0.57420000,-0.059326686
0.57424000,-0.0752632841
0.57428000,-0.0736696273
0.57432000,-0.0870563686
0.57436000,-0.0765382126
0.57440000,-0.0982119888
0.57444000,-0.0615578108
0.57448000,-0.0985307246
0.57452000,-0.0870563686
0.57456000,-0.110961273
0.57460000,-0.129766464
0.57464000,-0.0822753906
0.57468000,-0.020122651
0.57472000,-0.00322985509
0.57476000,0.0413926244
0.57480000,0.0627476722
0.57484000,0.00824449677
0.57488000,0.0496796556
0.57492000,0.040436428
0.57496000,0.0522295125
0.57500000,0.0477672666
0.57504000,0.114063524
0.57508000,0.119800694
0.57512000,0.107688881
0.57516000,0.119481966
0.57520000,0.100358047
0.57524000,0.107688881
0.57528000,0.105139025
0.57532000,0.0754969493
0.57536000,0.0684848428
0.57540000,0.0586041547
0.57544000,0.0382053033
0.57548000,0.040436428
0.57552000,0.0315119326
0.57556000,-0.00418605097
0.57560000,-0.0105606914
0.57564000,0.00537590915
0.57568000,-0.00418605097
0.57572000,-0.0134292794
0.57576000,-0.0319157355
0.57580000,-0.0319157355
0.57584000,-0.0159791354
0.57588000,-0.0523145832
0.57592000,-0.0771756768
0.57596000,-0.0736696273
0.57600000,-0.0867376402
0.57604000,-0.0998056531
0.57608000,-0.0867376402
0.57612000,-0.0845065117
0.57616000,-0.0908811539
0.57620000,-0.0803629979
0.57624000,-0.0774944127
0.57628000,-0.065063864
0.57632000,-0.0437088199
0.57636000,-0.069844842
0.57640000,-0.0373341776
0.57644000,-0.033509396
0.57648000,-0.0325531997
0.57652000,-0.0127918152
0.57656000,0.0337430574
0.57660000,0.0267309528
0.57664000,-0.00641717482
0.57668000,0.0203563124
0.57672000,0.0222687051
0.57676000,0.0452174097
0.57680000,0.0560542978
0.57684000,0.0506358519
0.57688000,0.0366116464
0.57692000,0.0675286502
0.57696000,0.0382053033
0.57700000,0.0382053033
0.57704000,0.0244998299
0.57708000,0.0308744684
0.57712000,-0.0185289904
0.57716000,-0.025222363
0.57720000,-0.0255410951
0.57724000,-0.0590079539
0.57728000,-0.0296846107
0.57732000,-0.0207601152
0.57736000,-0.0207601152
0.57740000,-0.0319157355
0.57744000,-0.0166165996
0.57748000,-0.00386731909
0.57752000,-0.014704207
0.57756000,-0.00641717482
0.57760000,-0.0159791354
0.57764000,-0.0386091061
0.57768000,-0.0558206365
0.57772000,-0.0226725079
0.57776000,-0.0373341776
0.57780000,-0.00737337116
0.57784000,-0.0198039189
0.57788000,-0.00514224684
0.57792000,0.0101568894
0.57796000,0.00665083714
0.57800000,0.0152566014
0.57804000,0.0209937766
0.57808000,0.0251372922
0.57812000,0.00441971282
0.57816000,0.00633210503
0.57820000,-0.00960449502
0.57824000,0.0225874372
0.57828000,0.0149378693
0.57832000,-0.00322985509
0.57836000,-0.0102419592
0.57840000,-0.000679999008
0.57844000,-0.0354217887
0.57848000,-0.0497647263
0.57852000,-0.0459399447
0.57856000,-0.0162978675
0.57860000,-0.0242661666
0.57864000,-0.0261785593
0.57868000,-0.0233099703
0.57872000,-0.0156604033
0.57876000,-0.0360592492
0.57880000,-0.00450478308
0.57884000,-0.00546097895
0.57888000,-0.00769210281
0.57892000,0.0324681289
0.57896000,0.0684848428
0.57900000,0.045854874
0.57904000,0.0397989638
0.57908000,0.0566917621
0.57912000,0.0382053033
0.57916000,0.0181251895
0.57920000,0.0346992537
0.57924000,0.0611540079
0.57928000,0.0946208686
0.57932000,0.0675286502
0.57936000,0.0700785071
0.57940000,0.035336718
0.57944000,0.0649787933
0.57948000,0.0761344135
0.57952000,0.0324681289
0.57956000,0.00155112497
0.57960000,-0.00801083539
0.57964000,-0.0105606914
0.57968000,-0.0606016144
0.57972000,-0.0666575208
0.57976000,-0.0892874971
0.57980000,-0.0921560824
0.57984000,-0.119248301
0.57988000,-0.118929572
0.57992000,-0.088331297
0.57996000,-0.10586156
0.58000000,-0.116379716
0.58004000,-0.086100176
0.58008000,-0.044027552
0.58012000,-0.0226725079
0.58016000,0.00856322888
0.58020000,0.0260934886
0.58024000,0.00856322888
0.58028000,0.021949973
0.58032000,-0.0108794225
0.58036000,-0.030640807
0.58040000,-0.00641717482
0.58044000,0.00155112497
0.58048000,-0.001317463
0.58052000,-0.0134292794
0.58056000,-0.0115168868
0.58060000,-0.0376529098
0.58064000,-0.0105606914
0.58068000,0.000913660973
0.58072000,0.0127067454
0.58076000,0.00920069311
0.58080000,-0.0108794225
0.58084000,-0.0494459942
0.58088000,-0.0940684751
0.58092000,-0.0392465703
0.58096000,-0.0468961373
0.58100000,-0.0217163116
0.58104000,-0.012154351
0.58108000,0.0117505491
0.58112000,0.0235436335
0.58116000,0.0378865711
0.58120000,0.0445799455
0.58124000,0.0503171198
0.58128000,0.0742220208
0.58132000,0.0764531419
0.58136000,0.0700785071
0.58140000,0.08314652
0.58144000,0.0895211548
0.58148000,0.0914335474
0.58152000,0.0630664006
0.58156000,0.0892024264
0.58160000,0.0895211548
0.58164000,0.0783655345
0.58168000,0.0490421914
0.58172000,-4.25350008e-05
0.58176000,0.0305557363
0.58180000,-0.000998731004
0.58184000,-0.0274534877
0.58188000,-0.0274534877
0.58192000,-0.0586892217
0.58196000,-0.0386091061
0.58200000,-0.0577330254
0.58204000,-0.0692073777
0.58208000,-0.070801042
0.58212000,-0.0787693411
0.58216000,-0.104905359
0.58220000,0.00186985696
0.58224000,-0.0386091061
0.58228000,-0.0602828823
0.58232000,0.0825090557
0.58236000,0.0133442087
0.58240000,-0.030640807
0.58244000,0.0480859987
0.58248000,0.00696956879
0.58252000,-0.0535895117
0.58256000,-0.0268160235
0.58260000,-0.0424338914
0.58264000,-0.112236202
0.58268000,-0.132316321
0.58272000,0.00601337291
0.58276000,-0.038290374
0.58280000,-0.0794068053
0.58284000,-0.0360592492
0.58288000,0.00633210503
0.58292000,-0.00864829868
0.58296000,-0.00992322713
0.58300000,-0.00291112298
0.58304000,0.0605165437
0.58308000,0.072628364
0.58312000,0.0117505491
0.58316000,0.0394802317
0.58320000,0.0821903199
0.58324000,0.0793217346
0.58328000,0.00983815733
0.58332000,0.0617914721
0.58336000,0.0601978116
0.58340000,0.0837839842
0.58344000,0.0499983877
0.58348000,0.0694410428
0.58352000,0.0165315289
0.58356000,0.0468110703
0.58360000,0.0372491106
0.58364000,0.0334243253
0.58368000,-0.000361267012
0.58372000,0.0257747564
0.58376000,0.0541419052
0.58380000,-0.00801083539
0.58384000,-0.00832956657
0.58388000,0.0139816729
0.58392000,0.0586041547
0.58396000,0.0350179859
0.58400000,0.0818715915
0.58404000,0.0340617895
0.58408000,0.0324681289
0.58412000,0.0165315289
0.58416000,-0.0303220749
0.58420000,-0.00864829868
0.58424000,-0.0360592492
0.58428000,0.0238623656
0.58432000,-0.0025923911
0.58436000,-0.0615578108
0.58440000,-0.0701635778
0.58444000,-0.0131105473
0.58448000,-0.0169353317
0.58452000,-0.0344655924
0.58456000,-0.0647451282
0.58460000,-0.0178915262
0.58464000,-0.0762194842
0.58468000,-0.0692073777
0.58472000,-0.0886500329
0.58476000,-0.0484897979
0.58480000,-0.0414776951
0.58484000,-0.00354858697
0.58488000,-0.0293658786
0.58492000,-0.041158963
0.58496000,-0.0105606914
0.58500000,-0.0300033428
0.58504000,-0.00705463905
0.58508000,-0.000361267012
0.58512000,0.0101568894
0.58516000,0.0311932005
0.58520000,0.0487234592
0.58524000,-0.0287284143
0.58528000,0.0213125087
0.58532000,0.0334243253
0.58536000,-0.00195492711
0.58540000,-0.00737337116
0.58544000,0.0171689931
0.58548000,0.0254560243
0.58552000,-0.0153416712
0.58556000,0.0474485345
0.58560000,0.0260934886
0.58564000,0.0241810977
0.58568000,0.0433050171
0.58572000,0.0512733161
0.58576000,-0.0025923911
0.58580000,0.011431817
0.58584000,0.0276871491
0.58588000,-0.0134292794
0.58592000,0.0337430574
0.58596000,-0.0194851868
0.58600000,-0.00801083539
0.58604000,-0.033509396
0.58608000,-0.00705463905
0.58612000,-0.0319157355
0.58616000,0.0209937766
0.58620000,-0.0245848987
0.58624000,-0.00960449502
0.58628000,0.0423488207
0.58632000,-0.0255410951
0.58636000,0.0244998299
0.58640000,0.0560542978
0.58644000,-0.00546097895
0.58648000,-0.00896703079
0.58652000,0.0107943527
0.58656000,0.00505717704
0.58660000,-0.0258598272
0.58664000,-0.0322344676
0.58668000,-0.0284096822
0.58672000,-0.00354858697
0.58676000,-0.0210788473
0.58680000,-0.0433900878
0.58684000,-0.0300033428
0.58688000,-0.0379716419
0.58692000,-0.0124730831
0.58696000,-0.00705463905
0.58700000,-0.0816379264
0.58704000,-0.0596454181
0.58708000,-0.0704823062
0.58712000,-0.0392465703
0.58716000,-0.0539082438
0.58720000,-0.0832315907
0.58724000,-0.0857814401
0.58728000,-0.038290374
0.58732000,-0.0526333153
0.58736000,-0.0188477226
0.58740000,-0.0172540639
0.58744000,-0.0175727941
0.58748000,-0.00386731909
0.58752000,0.0104756206
0.58756000,0.00378224906
0.58760000,0.0305557363
0.58764000,-0.00322985509
0.58768000,0.0369303785
0.58772000,0.0598790795
0.58776000,0.045854874
0.58780000,0.0391614996
0.58784000,0.0499983877
0.58788000,0.0359741822
0.58792000,0.0241810977
0.58796000,0.0139816729
0.58800000,0.0136629408
0.58804000,-0.00705463905
0.58808000,0.0203563124
0.58812000,0.0107943527
0.58816000,0.00155112497
0.58820000,-0.0249036308
0.58824000,-0.00514224684
0.58828000,-0.0025923911
0.58832000,-0.0143854748
0.58836000,0.0327868611
0.58840000,0.00218858896
0.58844000,0.00346351694
0.58848000,0.0206750445
0.58852000,0.0334243253
0.58856000,0.0190813858
0.58860000,-4.25350008e-05
0.58864000,0.00665083714
0.58868000,-0.0140667427
0.58872000,-0.00514224684
0.58876000,-0.0131105473
0.58880000,-0.0226725079
0.58884000,-0.00801083539
0.58888000,-0.0296846107
0.58892000,-0.038290374
0.58896000,0.011431817
0.58900000,0.00027619701
0.58904000,0.0197188482
0.58908000,-0.0261785593
0.58912000,-0.0277722199
0.58916000,-0.0421151593
0.58920000,-0.0127918152
0.58924000,-0.00386731909
0.58928000,-0.0395653024
0.58932000,-0.0424338914
0.58936000,-0.0220350437
0.58940000,-0.0025923911
0.58944000,-0.0268160235
0.58948000,-0.0111981547
0.58952000,-0.00546097895
0.58956000,-0.00673590694
0.58960000,-0.0261785593
0.58964000,-4.25350008e-05
0.58968000,-0.0239474345
0.58972000,0.0120692812
0.58976000,0.0299182739
0.58980000,0.0139816729
0.58984000,0.0267309528
0.58988000,0.0739032924
0.58992000,0.0474485345
0.58996000,0.0267309528
0.59000000,0.0436237492
0.59004000,0.0544606373
0.59008000,0.0627476722
0.59012000,0.0311932005
0.59016000,0.0295995418
0.59020000,0.0184439216
0.59024000,0.0229061693
0.59028000,-0.0408402309
0.59032000,-0.0207601152
0.59036000,0.00505717704
0.59040000,-0.0194851868
0.59044000,-0.00641717482
0.59048000,-0.001317463
0.59052000,-0.0185289904
0.59056000,-0.0510396548
0.59060000,-0.0456212126
0.59064000,-0.0379716419
0.59068000,-0.101718046
0.59072000,-0.0743070915
0.59076000,-0.0481710657
0.59080000,-0.0743070915
0.59084000,-0.0880125687
0.59088000,-0.0864189044
0.59092000,-0.0829128549
0.59096000,-0.109686345
0.59100000,-0.0784506053
0.59104000,-0.0663387924
0.59108000,-0.0491272621
0.59112000,-0.030640807
0.59116000,-0.0296846107
0.59120000,-0.0459399447
0.59124000,-0.0143854748
0.59128000,-0.0217163116
0.59132000,-0.0255410951
0.59136000,0.0146191372
0.59140000,0.0197188482
0.59144000,0.0181251895
0.59148000,-0.0143854748
0.59152000,0.0480859987
0.59156000,0.0346992537
0.59160000,0.0235436335
0.59164000,0.0200375803
0.59168000,0.0241810977
0.59172000,0.0149378693
0.59176000,0.0311932005
0.59180000,0.0292808097
0.59184000,-4.25350008e-05
0.59188000,0.0394802317
0.59192000,0.0487234592
0.59196000,0.0178064574
0.59200000,0.0136629408
0.59204000,-0.000361267012
0.59208000,0.0146191372
0.59212000,0.0241810977
0.59216000,0.035336718
0.59220000,-0.0166165996
0.59224000,-0.0169353317
0.59228000,-0.00928576291
0.59232000,0.0190813858
0.59236000,0.0139816729
0.59240000,0.0235436335
0.59244000,0.011431817
0.59248000,0.0346992537
0.59252000,0.0056946408
0.59256000,0.0184439216
0.59260000,-0.001317463
0.59264000,0.0254560243
0.59268000,0.0072883009
0.59272000,0.0267309528
0.59276000,-0.00386731909
0.59280000,-0.0191664547
0.59284000,0.0222687051
0.59288000,0.0254560243
0.59292000,-0.0105606914
0.59296000,-0.00641717482
0.59300000,-0.0229912382
0.59304000,-0.051677119
0.59308000,-0.0150229391
0.59312000,-0.0507209226
0.59316000,-0.0532707796
0.59320000,-0.0417964272
0.59324000,-0.030640807
0.59328000,-0.0389278382
0.59332000,-0.0433900878
0.59336000,-0.00386731909
0.59340000,-0.0408402309
0.59344000,-0.0433900878
0.59348000,-0.0153416712
0.59352000,-0.0159791354
0.59356000,-0.0472148694
0.59360000,-0.0131105473
0.59364000,-0.0162978675
0.59368000,-0.0370154455
0.59372000,-0.0255410951
0.59376000,-0.0025923911
0.59380000,-0.0366967134
0.59384000,-0.0319157355
0.59388000,0.0158940647
0.59392000,0.0213125087
0.59396000,0.0442612134
0.59400000,0.0382053033
0.59404000,0.0181251895
0.59408000,0.00250732107
0.59412000,0.0292808097
0.59416000,-0.00769210281
0.59420000,-0.00960449502
0.59424000,-0.0150229391
0.59428000,0.0111130849
0.59432000,-0.0102419592
0.59436000,-0.0408402309
0.59440000,0.0241810977
0.59444000,0.0120692812
0.59448000,-0.000361267012
0.59452000,0.0155753326
0.59456000,0.0305557363
0.59460000,0.0206750445
0.59464000,0.0350179859
0.59468000,0.0295995418
0.59472000,0.00696956879
0.59476000,0.0401176959
0.59480000,0.0324681289
0.59484000,0.0343805216
0.59488000,0.0302370042
0.59492000,0.0420300886
0.59496000,0.0464923382
0.59500000,0.0130254766
0.59504000,-0.00386731909
0.59508000,-0.00992322713
0.59512000,-0.00195492711
0.59516000,-0.0255410951
0.59520000,-0.0255410951
0.59524000,-0.0143854748
0.59528000,-0.0481710657
0.59532000,-0.0657013282
0.59536000,-0.0590079539
0.59540000,-0.0405214988
0.59544000,-0.0526333153
0.59548000,-0.033509396
0.59552000,-0.0564581007
0.59556000,-0.0736696273
0.59560000,-0.081319198
0.59564000,-0.0631514713
0.59568000,-0.0555019043
0.59572000,-0.0217163116
0.59576000,-0.0551831722
0.59580000,-0.0210788473
0.59584000,-0.0341468602
0.59588000,0.0149378693
0.59592000,0.0327868611
0.59596000,0.0280058812
0.59600000,-0.00896703079
0.59604000,0.00601337291
0.59608000,0.0222687051
0.59612000,0.0171689931
0.59616000,-0.00482351519
0.59620000,-0.0169353317
0.59624000,0.00696956879
0.59628000,0.0117505491
0.59632000,0.0343805216
0.59636000,0.0592416152
0.59640000,0.0735845566
0.59644000,0.0786842704
0.59648000,0.0385240354
0.59652000,0.0203563124
0.59656000,0.00186985696
0.59660000,0.0101568894
0.59664000,-0.00705463905
0.59668000,-0.0169353317
0.59672000,-0.0417964272
0.59676000,-0.0319157355
0.59680000,-0.0162978675
0.59684000,-0.0137480106
0.59688000,-0.014704207
0.59692000,-0.0220350437
0.59696000,-0.000361267012
0.59700000,-0.00737337116
0.59704000,-0.0331906639
0.59708000,-0.0398840345
0.59712000,-0.0389278382
0.59716000,-0.0475336015
0.59720000,-0.0535895117
0.59724000,-0.0453024805
0.59728000,-0.0319157355
0.59732000,-0.0504021905
0.59736000,0.0158940647
0.59740000,0.00856322888
0.59744000,0.0241810977
0.59748000,0.0254560243
0.59752000,0.0187626537
0.59756000,0.0123880133
0.59760000,0.0101568894
0.59764000,0.0111130849
0.59768000,-0.001636195
0.59772000,-0.0025923911
0.59776000,0.00314478506
0.59780000,-0.0159791354
0.59784000,-0.00832956657
0.59788000,-0.0357405208
0.59792000,-0.0226725079
0.59796000,-0.0280909501
0.59800000,-0.001317463
0.59804000,-0.0198039189
0.59808000,-0.0198039189
0.59812000,0.00473844493
0.59816000,-0.0223537758
0.59820000,0.00441971282
0.59824000,-0.00227365899
0.59828000,0.00250732107
0.59832000,-0.00291112298
0.59836000,0.016850261
0.59840000,0.0276871491
0.59844000,0.0299182739
0.59848000,0.0519107804
0.59852000,0.0152566014
0.59856000,0.0174877252
0.59860000,0.0382053033
0.59864000,0.0238623656
0.59868000,0.0127067454
0.59872000,0.0331055932
0.59876000,0.0515920483
0.59880000,0.0222687051
0.59884000,0.0308744684
0.59888000,0.0362929143
0.59892000,0.00951942522
0.59896000,0.0101568894
0.59900000,-0.0025923911
0.59904000,0.0056946408
0.59908000,0.0152566014
0.59912000,0.0184439216
0.59916000,0.0133442087
0.59920000,-0.00418605097
0.59924000,-0.0182102583
0.59928000,0.00123239297
0.59932000,0.000913660973
0.59936000,0.00410098117
0.59940000,-0.020122651
0.59944000,-0.020122651
0.59948000,-0.0309595391
0.59952000,-0.0347843245
0.59956000,-0.0172540639
0.59960000,-0.0280909501
0.59964000,-0.000679999008
0.59968000,-0.0255410951
0.59972000,-0.0159791354
0.59976000,-0.0344655924
0.59980000,-0.0134292794
0.59984000,-0.0134292794
0.59988000,-0.0446650162
0.59992000,-0.0274534877
0.59996000,-0.0245848987
0.60000000,-0.0465774052
0.60004000,-0.0134292794
0.60008000,-0.0207601152
0.60012000,-0.001317463
0.60016000,-0.0159791354
0.60020000,-0.00482351519
0.60024000,0.00282605295
0.60028000,-0.00482351519
0.60032000,-0.0115168868
0.60036000,0.00856322888
0.60040000,0.0216312408
0.60044000,0.00983815733
0.60048000,0.00760703301
0.60052000,0.00473844493
0.60056000,-0.00769210281
0.60060000,0.00824449677
0.60064000,0.00027619701
0.60068000,0.0117505491
0.60072000,0.00983815733
0.60076000,0.0241810977
0.60080000,0.0276871491
0.60084000,0.0155753326
0.60088000,0.00250732107
0.60092000,0.0162127968
0.60096000,0.00951942522
0.60100000,0.0493609235
0.60104000,0.00314478506
0.60108000,0.00027619701
0.60112000,0.0209937766
0.60116000,0.00633210503
0.60120000,-0.00450478308
0.60124000,-0.014704207
0.60128000,-0.00960449502
0.60132000,-0.0131105473
0.60136000,0.0187626537
0.60140000,-0.00450478308
0.60144000,-0.0162978675
0.60148000,-0.00801083539
0.60152000,-0.0137480106
0.60156000,0.000594928977
0.60160000,-0.0102419592
0.60164000,-0.0417964272
0.60168000,-0.0338281281
0.60172000,0.00123239297
0.60176000,-0.0255410951
0.60180000,-0.0430713557
0.60184000,-0.00514224684
0.60188000,0.0104756206
0.60192000,-0.0287284143
0.60196000,-0.0293658786
0.60200000,-0.0131105473
0.60204000,0.00505717704
0.60208000,0.0072883009
0.60212000,-0.00609844318
0.60216000,0.0238623656
0.60220000,-0.000679999008
0.60224000,0.0573292263
0.60228000,0.040436428
0.60232000,0.00473844493
0.60236000,0.069122307
0.60240000,0.0235436335
0.60244000,-0.00928576291
0.60248000,0.0149378693
0.60252000,-0.0172540639
0.60256000,-0.0131105473
0.60260000,0.0146191372
0.60264000,-0.0111981547
0.60268000,0.00505717704
0.60272000,-0.0590079539
0.60276000,-0.0249036308
0.60280000,-0.0325531997
0.60284000,-0.0389278382
0.60288000,-0.0319157355
0.60292000,-0.0156604033
0.60296000,-0.00546097895
0.60300000,-0.0226725079
0.60304000,-0.0539082438
0.60308000,-0.0137480106
0.60312000,-0.0194851868
0.60316000,0.00218858896
0.60320000,-0.0274534877
0.60324000,-0.00514224684
0.60328000,-0.0217163116
0.60332000,0.00123239297
0.60336000,0.0120692812
0.60340000,0.0146191372
0.60344000,0.0248185601
0.60348000,0.0557355657
0.60352000,0.0802779272
0.60356000,0.0547793694
0.60360000,0.0280058812
0.60364000,0.0276871491
0.60368000,0.0251372922
0.60372000,0.0318306647
0.60376000,-0.00195492711
0.60380000,0.0257747564
0.60384000,0.00760703301
0.60388000,0.0331055932
0.60392000,0.00314478506
0.60396000,-0.0296846107
0.60400000,0.00665083714
0.60404000,-0.00769210281
0.60408000,-0.00609844318
0.60412000,-0.00482351519
0.60416000,-0.0150229391
0.60420000,-0.0357405208
0.60424000,-0.00705463905
0.60428000,-0.0653825924
0.60432000,-0.0494459942
0.60436000,-0.0405214988
0.60440000,-0.0296846107
0.60444000,-0.0245848987
0.60448000,-0.0102419592
0.60452000,-0.0143854748
0.60456000,-0.00641717482
0.60460000,0.014300405
0.60464000,-0.0338281281
0.60468000,-0.0268160235
0.60472000,-0.000679999008
0.60476000,0.00250732107
0.60480000,-0.00960449502
0.60484000,0.0280058812
0.60488000,0.00123239297
0.60492000,0.0104756206
0.60496000,-0.001317463
0.60500000,0.0127067454
0.60504000,0.0072883009
0.60508000,-0.00418605097
0.60512000,0.014300405
0.60516000,0.0184439216
0.60520000,-4.25350008e-05
0.60524000,-0.00546097895
0.60528000,0.0429862849
0.60532000,-0.00418605097
0.60536000,0.0152566014
0.60540000,0.0225874372
0.60544000,0.0123880133
0.60548000,0.0146191372
0.60552000,0.0254560243
0.60556000,0.0531857088
0.60560000,0.035336718
0.60564000,0.0550981015
0.60568000,0.0417113565
0.60572000,0.00441971282
0.60576000,0.0206750445
0.60580000,0.0190813858
0.60584000,0.00824449677
0.60588000,0.0152566014
0.60592000,0.0503171198
0.60596000,0.0280058812
0.60600000,-0.0236287024
0.60604000,0.0146191372
0.60608000,-0.0618765429
0.60612000,-0.0341468602
0.60616000,-0.0679324493
0.60620000,-0.00386731909
0.60624000,-0.0249036308
0.60628000,0.0203563124
0.60632000,-0.0459399447
0.60636000,0.00696956879
0.60640000,0.0324681289
0.60644000,-0.0564581007
0.60648000,0.0165315289
0.60652000,-0.0398840345
0.60656000,-0.0191664547
0.60660000,-0.00928576291
0.60664000,0.0203563124
0.60668000,-0.038290374
0.60672000,-0.0025923911
0.60676000,-0.0319157355
0.60680000,-0.0220350437
0.60684000,0.00346351694
0.60688000,-0.038290374
0.60692000,-0.000998731004
0.60696000,0.0496796556
0.60700000,0.0484047309
0.60704000,-0.00227365899
0.60708000,-0.00322985509
0.60712000,-0.0172540639
0.60716000,-0.0143854748
0.60720000,0.0410738923
0.60724000,-0.00801083539
0.60728000,-0.0341468602
0.60732000,-0.0226725079
0.60736000,0.0295995418
0.60740000,-0.00514224684
0.60744000,0.0254560243
0.60748000,0.000594928977
0.60752000,0.016850261
0.60756000,0.0101568894
0.60760000,0.0111130849
0.60764000,0.00123239297
0.60768000,0.00346351694
0.60772000,-0.0245848987
0.60776000,-0.0185289904
0.60780000,0.00665083714
0.60784000,0.0244998299
0.60788000,0.0401176959
0.60792000,0.00601337291
0.60796000,-0.0293658786
0.60800000,-0.0159791354
0.60804000,0.0305557363
0.60808000,0.00792576466
0.60812000,-0.0108794225
0.60816000,0.0280058812
0.60820000,0.0318306647
0.60824000,0.0340617895
0.60828000,0.0544606373
0.60832000,0.0863338336
0.60836000,0.0174877252
0.60840000,0.0764531419
0.60844000,0.0190813858
0.60848000,0.0359741822
0.60852000,-0.0229912382
0.60856000,0.0133442087
0.60860000,0.0394802317
0.60864000,-0.0548644401
0.60868000,0.0213125087
0.60872000,0.00441971282
0.60876000,-0.0290471464
0.60880000,-0.0781318769
0.60884000,-0.00227365899
0.60888000,-0.0730321631
0.60892000,-0.0510396548
0.60896000,-0.0115168868
0.60900000,-0.0797255337
0.60904000,-0.0300033428
0.60908000,0.0200375803
0.60912000,0.0216312408
0.60916000,-0.0325531997
0.60920000,0.0318306647
0.60924000,0.0308744684
0.60928000,0.0267309528
0.60932000,-4.25350008e-05
0.60936000,0.0503171198
0.60940000,0.102907903
0.60944000,0.0598790795
0.60948000,0.0821903199
0.60952000,0.0592416152
0.60956000,0.0624289364
0.60960000,0.000594928977
0.60964000,0.0133442087
0.60968000,0.00760703301
0.60972000,0.0248185601
0.60976000,0.0158940647
0.60980000,-0.0102419592
0.60984000,-0.00482351519
0.60988000,0.0522295125
0.60992000,-0.0239474345
0.60996000,0.0117505491
0.61000000,-0.00705463905
0.61004000,-0.0210788473
0.61008000,-0.001636195
0.61012000,0.0327868611
0.61016000,0.0162127968
0.61020000,0.00537590915
0.61024000,0.0665724501
0.61028000,0.00856322888
0.61032000,0.00983815733
0.61036000,0.000913660973
0.61040000,0.0372491106
0.61044000,0.0340617895
0.61048000,-0.0118356189
0.61052000,0.00346351694
0.61056000,-0.0166165996
0.61060000,-0.00769210281
0.61064000,-0.0331906639
0.61068000,0.0286433455
0.61072000,-0.020122651
0.61076000,-0.0357405208
0.61080000,-0.0198039189
0.61084000,-0.0370154455
0.61088000,-0.0561393686
0.61092000,-0.0548644401
0.61096000,-0.0118356189
0.61100000,-0.00896703079
0.61104000,0.016850261
0.61108000,0.00027619701
0.61112000,0.0225874372
0.61116000,0.0244998299
0.61120000,0.0337430574
0.61124000,0.0203563124
0.61128000,-0.0449837483
0.61132000,-0.0159791354
0.61136000,0.0184439216
0.61140000,0.0468110703
0.61144000,0.0283246133
0.61148000,0.00665083714
0.61152000,0.0139816729
0.61156000,0.0397989638
0.61160000,0.0340617895
0.61164000,0.00601337291
0.61168000,0.00155112497
0.61172000,0.00696956879
0.61176000,0.0413926244
0.61180000,0.0563730299
0.61184000,0.0283246133
0.61188000,-0.0102419592
0.61192000,0.0101568894
0.61196000,0.0254560243
0.61200000,0.0280058812
0.61204000,0.00314478506
0.61208000,0.00633210503
0.61212000,-0.00418605097
0.61216000,0.00696956879
0.61220000,0.00824449677
0.61224000,-0.0115168868
0.61228000,0.00473844493
0.61232000,0.00505717704
0.61236000,0.0292808097
0.61240000,0.0197188482
0.61244000,-0.0162978675
0.61248000,-0.0357405208
0.61252000,0.0209937766
0.61256000,-0.00514224684
0.61260000,-0.0268160235
0.61264000,-0.0459399447
0.61268000,-0.001636195
0.61272000,0.000594928977
0.61276000,-0.0405214988
0.61280000,-0.0430713557
0.61284000,-0.0421151593
0.61288000,-0.0523145832
0.61292000,-0.044027552
0.61296000,-0.0408402309
0.61300000,-0.0475336015
0.61304000,-0.0752632841
0.61308000,-0.0443462841
0.61312000,0.008881961
0.61316000,-0.0360592492
0.61320000,-0.054545708
0.61324000,-0.0242661666
0.61328000,0.0139816729
0.61332000,0.0181251895
0.61336000,0.0184439216
0.61340000,-0.000679999008
0.61344000,-0.00737337116
0.61348000,0.0461736061
0.61352000,0.0356554501
0.61356000,0.0152566014
0.61360000,0.00346351694
0.61364000,0.0200375803
0.61368000,0.0547793694
0.61372000,0.0107943527
0.61376000,0.0535044409
0.61380000,0.0315119326
0.61384000,0.00601337291
0.61388000,-0.00609844318
0.61392000,0.00186985696
0.61396000,0.0178064574
0.61400000,0.0248185601
0.61404000,0.00346351694
0.61408000,-0.0255410951
0.61412000,-0.0491272621
0.61416000,-0.0325531997
0.61420000,-0.0115168868
0.61424000,-0.0268160235
0.61428000,0.00155112497
0.61432000,0.00760703301
0.61436000,-0.00673590694
0.61440000,-0.0261785593
0.61444000,-0.0287284143
0.61448000,-0.0229912382
0.61452000,-0.00673590694
0.61456000,-0.00514224684
0.61460000,0.00314478506
0.61464000,-0.0303220749
0.61468000,0.0276871491
0.61472000,0.0646600574
0.61476000,-0.00386731909
0.61480000,-0.0249036308
0.61484000,0.0519107804
0.61488000,0.0617914721
0.61492000,-0.00832956657
0.61496000,-0.00801083539
0.61500000,0.0209937766
0.61504000,0.00282605295
0.61508000,0.0388427675
0.61512000,-0.001317463
0.61516000,-0.0245848987
0.61520000,-0.00769210281
0.61524000,0.011431817
0.61528000,0.0305557363
0.61532000,-0.00227365899
0.61536000,-0.0236287024
0.61540000,-0.0427526236
0.61544000,-0.0338281281
0.61548000,-0.0590079539
0.61552000,-0.0437088199
0.61556000,-0.0363779813
0.61560000,-0.0338281281
0.61564000,-0.0258598272
0.61568000,-0.0322344676
0.61572000,-0.0688886493
0.61576000,-0.0472148694
0.61580000,-0.00291112298
0.61584000,-0.0309595391
0.61588000,-0.0331906639
0.61592000,-0.00801083539
0.61596000,-0.0166165996
0.61600000,-0.0115168868
0.61604000,0.00027619701
0.61608000,-0.00960449502
0.61612000,-0.00227365899
0.61616000,-0.0102419592
0.61620000,0.0174877252
0.61624000,0.0665724501
0.61628000,0.0244998299
0.61632000,-0.0169353317
0.61636000,0.0190813858
0.61640000,0.0139816729
0.61644000,0.0241810977
0.61648000,0.0429862849
0.61652000,0.0162127968
0.61656000,0.0072883009
0.61660000,0.00537590915
0.61664000,0.0178064574
0.61668000,0.0280058812
0.61672000,-0.00896703079
0.61676000,0.00282605295
0.61680000,0.00665083714
0.61684000,0.00601337291
0.61688000,-0.0249036308
0.61692000,0.00378224906
0.61696000,-0.0166165996
0.61700000,-0.0127918152
0.61704000,-0.0111981547
0.61708000,0.0072883009
0.61712000,-0.0178915262
0.61716000,-0.0274534877
0.61720000,-0.0213975795
0.61724000,-0.0178915262
0.61728000,0.00537590915
0.61732000,-0.0169353317
0.61736000,-0.0156604033
0.61740000,-0.0169353317
0.61744000,-0.0293658786
0.61748000,-0.0249036308
0.61752000,-0.0226725079
0.61756000,-0.0312782712
0.61760000,-0.0134292794
0.61764000,-0.0124730831
0.61768000,-0.0357405208
0.61772000,-0.00832956657
0.61776000,-0.0127918152
0.61780000,-0.00322985509
0.61784000,-0.0178915262
0.61788000,-0.0140667427
0.61792000,-0.0127918152
0.61796000,0.0260934886
0.61800000,0.0117505491
0.61804000,0.008881961
0.61808000,0.00920069311
0.61812000,0.0213125087
0.61816000,0.00824449677
0.61820000,0.00378224906
0.61824000,0.00346351694
0.61828000,0.0241810977
0.61832000,0.0331055932
0.61836000,0.016850261
0.61840000,0.00983815733
0.61844000,0.0225874372
0.61848000,0.0178064574
0.61852000,0.00250732107
0.61856000,0.00250732107
0.61860000,-0.00928576291
0.61864000,-0.00322985509
0.61868000,0.0104756206
0.61872000,0.0120692812
0.61876000,0.00346351694
0.61880000,-0.001317463
0.61884000,0.00601337291
0.61888000,-4.25350008e-05
0.61892000,0.00346351694
0.61896000,0.027368417
0.61900000,0.021949973
0.61904000,-0.00546097895
0.61908000,0.00027619701
0.61912000,-0.0108794225
0.61916000,0.0254560243
0.61920000,-0.00227365899
0.61924000,-0.0233099703
0.61928000,-0.00705463905
0.61932000,-0.0159791354
0.61936000,0.00346351694
0.61940000,-0.0153416712
0.61944000,-0.0274534877
0.61948000,-0.020122651
0.61952000,0.00346351694
0.61956000,0.00378224906
0.61960000,-0.0213975795
0.61964000,-0.0245848987
0.61968000,-0.0408402309
0.61972000,-0.0188477226
0.61976000,-0.0341468602
0.61980000,-0.0510396548
0.61984000,-0.0637889355
0.61988000,-0.0331906639
0.61992000,-0.0204413831
0.61996000,-0.0319157355
0.62000000,-0.0284096822
0.62004000,-0.00641717482
0.62008000,-0.000361267012
0.62012000,-0.00482351519
0.62016000,-0.0140667427
0.62020000,-0.00960449502
0.62024000,-0.0115168868
0.62028000,-0.0261785593
0.62032000,-0.0131105473
0.62036000,-0.00322985509
0.62040000,-0.0140667427
0.62044000,-0.00673590694
0.62048000,-0.00195492711
0.62052000,-0.0166165996
0.62056000,-0.0229912382
0.62060000,0.00314478506
0.62064000,-4.25350008e-05
0.62068000,0.00378224906
0.62072000,0.0254560243
0.62076000,-0.00482351519
0.62080000,-0.00546097895
0.62084000,0.00282605295
0.62088000,-0.0191664547
0.62092000,-0.0596454181
0.62096000,0.00983815733
0.62100000,-0.00960449502
0.62104000,-0.0280909501
0.62108000,0.0216312408
0.62112000,-0.0143854748
0.62116000,-0.0245848987
0.62120000,-0.0207601152
0.62124000,-0.0315970033
0.62128000,-0.00577971106
0.62132000,-0.00705463905
0.62136000,-0.020122651
0.62140000,-0.0169353317
0.62144000,0.0187626537
0.62148000,-0.0175727941
0.62152000,0.008881961
0.62156000,0.0155753326
0.62160000,0.0158940647
0.62164000,0.0152566014
0.62168000,0.0270496849
0.62172000,0.00505717704
0.62176000,0.0311932005
0.62180000,0.0257747564
0.62184000,-0.00577971106
0.62188000,0.021949973
0.62192000,0.00410098117
0.62196000,0.0331055932
0.62200000,0.0264122207
0.62204000,-0.0124730831
0.62208000,0.00410098117
0.62212000,-0.00609844318
0.62216000,-0.0245848987
0.62220000,-0.0472148694
0.62224000,-0.0220350437
0.62228000,-0.0363779813
0.62232000,-0.0363779813
0.62236000,-0.0468961373
0.62240000,-0.0494459942
0.62244000,-0.0300033428
0.62248000,-0.0386091061
0.62252000,-0.0341468602
0.62256000,-0.0714385062
0.62260000,-0.0204413831
0.62264000,-0.0331906639
0.62268000,-0.014704207
0.62272000,-0.0162978675
0.62276000,-0.0131105473
0.62280000,0.0104756206
0.62284000,0.045854874
0.62288000,0.0267309528
0.62292000,0.0286433455
0.62296000,0.0525482446
0.62300000,0.0350179859
0.62304000,0.0229061693
0.62308000,0.021949973
0.62312000,0.0327868611
0.62316000,0.0315119326
0.62320000,0.00186985696
0.62324000,-0.000361267012
0.62328000,-0.0204413831
0.62332000,0.00505717704
0.62336000,-0.0150229391
0.62340000,-0.0414776951
0.62344000,-0.0532707796
0.62348000,-0.0351030566
0.62352000,-0.0481710657
0.62356000,-0.0408402309
0.62360000,-0.0338281281
0.62364000,-0.0456212126
0.62368000,-0.0714385062
0.62372000,-0.0351030566
0.62376000,-0.0182102583
0.62380000,-0.0398840345
0.62384000,-0.0166165996
0.62388000,-0.0245848987
0.62392000,-0.0220350437
0.62396000,-0.00354858697
0.62400000,-0.0124730831
0.62404000,-0.0191664547
0.62408000,0.00505717704
0.62412000,0.0139816729
0.62416000,0.0111130849
0.62420000,0.00186985696
0.62424000,-0.00992322713
0.62428000,-0.0245848987
0.62432000,0.00601337291
0.62436000,0.00473844493
0.62440000,-0.0178915262
0.62444000,-0.0532707796
0.62448000,-0.0762194842
0.62452000,-0.065063864
0.62456000,-0.0838690475
0.62460000,-0.0841877833
0.62464000,-0.0551831722
0.62468000,-0.0510396548
0.62472000,-0.0606016144
0.62476000,-0.0331906639
0.62480000,-0.041158963
0.62484000,-0.0226725079
0.62488000,-0.000361267012
0.62492000,-0.00864829868
0.62496000,0.0117505491
0.62500000,0.0308744684
0.62504000,0.00314478506
0.62508000,-0.00195492711
0.62512000,0.0401176959
0.62516000,0.0375678428
0.62520000,0.0417113565
0.62524000,0.0544606373
0.62528000,0.0375678428
0.62532000,0.0417113565
0.62536000,0.0474485345
0.62540000,0.0576479584
0.62544000,0.0203563124
0.62548000,0.0280058812
0.62552000,0.0165315289
0.62556000,-0.00673590694
0.62560000,0.0299182739
0.62564000,0.027368417
0.62568000,-0.00418605097
0.62572000,0.00665083714
0.62576000,0.0200375803
0.62580000,0.0178064574
0.62584000,0.000913660973
0.62588000,0.00601337291
0.62592000,0.0072883009
0.62596000,0.0452174097
0.62600000,0.0356554501
0.62604000,0.0184439216
0.62608000,-0.0102419592
0.62612000,-0.0153416712
0.62616000,-0.0233099703
0.62620000,-0.0150229391
0.62624000,0.00983815733
0.62628000,0.00027619701
0.62632000,0.0257747564
0.62636000,0.027368417
0.62640000,0.0235436335
0.62644000,0.00378224906
0.62648000,-0.0465774052
0.62652000,-0.0402027667
0.62656000,-0.030640807
0.62660000,-0.0402027667
0.62664000,-0.0484897979
0.62668000,-0.0472148694
0.62672000,-0.088331297
0.62676000,-0.0459399447
0.62680000,-0.0108794225
0.62684000,-0.0312782712
0.62688000,-0.000998731004
0.62692000,-0.0127918152
0.62696000,-0.0599641502
0.62700000,-0.0366967134
0.62704000,-0.0405214988
0.62708000,-0.0309595391
0.62712000,-0.0217163116
0.62716000,-0.0300033428
0.62720000,-0.0328719318
0.62724000,-0.0194851868
0.62728000,0.0104756206
0.62732000,-0.0210788473
0.62736000,0.0283246133
0.62740000,0.0133442087
0.62744000,0.0178064574
0.62748000,-0.0025923911
0.62752000,-0.00546097895
0.62756000,0.011431817
0.62760000,0.0350179859
0.62764000,-0.00482351519
0.62768000,-0.0233099703
0.62772000,0.00824449677
0.62776000,0.00218858896
0.62780000,0.0184439216
0.62784000,-0.025222363
0.62788000,0.0375678428
0.62792000,0.00155112497
0.62796000,-0.00769210281
0.62800000,0.0477672666
0.62804000,0.0512733161
0.62808000,-0.030640807
0.62812000,-0.001317463
0.62816000,-0.00482351519
0.62820000,-0.0217163116
0.62824000,0.0171689931
0.62828000,0.014300405
0.62832000,-0.0025923911
0.62836000,0.0260934886
0.62840000,0.0216312408
0.62844000,-0.0191664547
0.62848000,-0.0127918152
0.62852000,-0.0443462841
0.62856000,-0.0392465703
0.62860000,-0.0217163116
0.62864000,-0.069844842
0.62868000,-0.0570955612
0.62872000,-0.00641717482
0.62876000,-0.0182102583
0.62880000,0.00282605295
0.62884000,-0.0140667427
0.62888000,-0.0468961373
0.62892000,-0.0258598272
0.62896000,-0.0360592492
0.62900000,-0.00737337116
0.62904000,-0.0025923911
0.62908000,-0.0166165996
0.62912000,-0.0156604033
0.62916000,-0.00864829868
0.62920000,-0.00928576291
0.62924000,0.000913660973
0.62928000,0.0385240354
0.62932000,0.0474485345
0.62936000,0.00601337291
0.62940000,0.0197188482
0.62944000,0.0162127968
0.62948000,0.0184439216
0.62952000,-0.0159791354
0.62956000,0.0056946408
0.62960000,0.0155753326
0.62964000,0.0442612134
0.62968000,-0.0194851868
0.62972000,-0.00450478308
0.62976000,-0.00960449502
0.62980000,0.0299182739
0.62984000,0.00282605295
0.62988000,-0.0392465703
0.62992000,-0.0226725079
0.62996000,-0.0194851868
0.63000000,-0.0296846107
0.63004000,0.00123239297
0.63008000,0.0350179859
0.63012000,0.040436428
0.63016000,0.0375678428
0.63020000,0.0267309528
0.63024000,0.021949973
0.63028000,0.0280058812
0.63032000,0.0394802317
0.63036000,0.00282605295
0.63040000,0.0158940647
0.63044000,0.0200375803
0.63048000,0.0369303785
0.63052000,-0.000998731004
0.63056000,0.0149378693
0.63060000,-0.00322985509
0.63064000,0.0238623656
0.63068000,-0.00801083539
0.63072000,-0.0194851868
0.63076000,-0.0111981547
0.63080000,0.00856322888
0.63084000,-0.014704207
0.63088000,-0.00928576291
0.63092000,-0.0389278382
0.63096000,-0.0217163116
0.63100000,-0.0261785593
0.63104000,0.0280058812
0.63108000,0.0448986776
0.63112000,-0.0459399447
0.63116000,0.00346351694
0.63120000,0.000594928977
0.63124000,-0.0653825924
0.63128000,-0.0271347556
0.63132000,-0.0137480106
0.63136000,-0.0551831722
0.63140000,-0.0759007484
0.63144000,0.0146191372
0.63148000,-0.0264972914
0.63152000,-0.00641717482
0.63156000,-0.014704207
0.63160000,-0.00291112298
0.63164000,-0.0465774052
0.63168000,-0.00832956657
0.63172000,-0.0481710657
0.63176000,-0.0596454181
0.63180000,0.0410738923
0.63184000,0.0213125087
0.63188000,0.00633210503
0.63192000,0.0997205824
0.63196000,0.0321493968
0.63200000,0.00123239297
0.63204000,0.0978081897
0.63208000,0.0283246133
0.63212000,-0.0449837483
0.63216000,0.0334243253
0.63220000,0.0155753326
0.63224000,0.0184439216
0.63228000,0.0181251895
0.63232000,-0.00514224684
0.63236000,0.0104756206
0.63240000,0.0503171198
0.63244000,-0.012154351
0.63248000,0.0139816729
0.63252000,-0.0379716419
0.63256000,-0.000679999008
0.63260000,0.0369303785
0.63264000,-0.00705463905
0.63268000,-0.0430713557
0.63272000,-0.0421151593
0.63276000,-0.0363779813
0.63280000,-0.0459399447
0.63284000,-0.0150229391
0.63288000,0.00282605295
0.63292000,-0.0360592492
0.63296000,-0.0386091061
0.63300000,-0.0484897979
0.63304000,-0.0414776951
0.63308000,-0.038290374
0.63312000,-0.0153416712
0.63316000,-0.0338281281
0.63320000,0.000594928977
0.63324000,0.035336718
0.63328000,0.00696956879
0.63332000,-0.0162978675
0.63336000,0.00155112497
0.63340000,-0.0108794225
0.63344000,-0.00769210281
0.63348000,0.00218858896
0.63352000,0.00314478506
0.63356000,0.0461736061
0.63360000,0.0554168336
0.63364000,0.00983815733
0.63368000,0.0146191372
0.63372000,0.0525482446
0.63376000,0.0554168336
0.63380000,0.0190813858
0.63384000,0.0315119326
0.63388000,0.0350179859
0.63392000,0.0356554501
0.63396000,0.0155753326
0.63400000,0.027368417
0.63404000,0.0244998299
0.63408000,0.0216312408
0.63412000,0.0350179859
0.63416000,-0.0475336015
0.63420000,0.0283246133
0.63424000,0.0382053033
0.63428000,0.0107943527
0.63432000,0.0149378693
0.63436000,0.0324681289
0.63440000,0.0327868611
0.63444000,0.0308744684
0.63448000,0.0295995418
0.63452000,0.0203563124
0.63456000,0.0178064574
0.63460000,0.00601337291
0.63464000,0.0056946408
0.63468000,-0.00832956657
0.63472000,-0.0194851868
0.63476000,-0.0258598272
0.63480000,-0.0182102583
0.63484000,-0.0198039189
0.63488000,0.0238623656
0.63492000,0.0139816729
0.63496000,-0.0500834584
0.63500000,-0.0293658786
0.63504000,-0.0153416712
0.63508000,0.000913660973
0.63512000,-0.00832956657
0.63516000,-0.0105606914
0.63520000,0.00314478506
0.63524000,0.0120692812
0.63528000,0.0369303785
0.63532000,0.0346992537
0.63536000,0.021949973
0.63540000,0.0280058812
0.63544000,0.0241810977
0.63548000,-0.012154351
0.63552000,-0.0150229391
0.63556000,-0.0140667427
0.63560000,0.00856322888
0.63564000,0.00346351694
0.63568000,0.0149378693
0.63572000,0.0248185601
0.63576000,0.000594928977
0.63580000,-0.00896703079
0.63584000,0.0200375803
0.63588000,0.0171689931
0.63592000,0.00186985696
0.63596000,0.0120692812
0.63600000,0.000594928977
0.63604000,-0.0166165996
0.63608000,0.0452174097
0.63612000,0.00983815733
0.63616000,-0.000361267012
0.63620000,0.0123880133
0.63624000,0.00282605295
0.63628000,-0.001317463
0.63632000,0.0072883009
0.63636000,-0.00450478308
0.63640000,-0.020122651
0.63644000,-0.0140667427
0.63648000,-0.0293658786
0.63652000,-0.0296846107
0.63656000,-0.0322344676
0.63660000,-0.0468961373
0.63664000,-0.0226725079
0.63668000,-0.000361267012
0.63672000,-0.0433900878
0.63676000,-0.0551831722
0.63680000,-0.0322344676
0.63684000,-0.0102419592
0.63688000,-0.0354217887
0.63692000,-0.0025923911
0.63696000,0.0206750445
0.63700000,0.00314478506
0.63704000,0.0184439216
0.63708000,-0.000679999008
0.63712000,0.0346992537
0.63716000,-0.00291112298
0.63720000,0.00983815733
0.63724000,0.000913660973
0.63728000,0.0248185601
0.63732000,0.0225874372
0.63736000,-0.000998731004
0.63740000,0.00920069311
0.63744000,-0.001317463
0.63748000,-0.0274534877
0.63752000,0.0318306647
0.63756000,0.0305557363
0.63760000,-0.0220350437
0.63764000,-0.00418605097
0.63768000,0.00123239297
0.63772000,-0.001317463
0.63776000,-0.0115168868
0.63780000,0.0104756206
0.63784000,0.000594928977
0.63788000,0.0254560243
0.63792000,0.00920069311
0.63796000,0.0155753326
0.63800000,-0.00801083539
0.63804000,0.0372491106
0.63808000,-0.00577971106
0.63812000,-0.00227365899
0.63816000,-0.00291112298
0.63820000,0.0152566014
0.63824000,0.035336718
0.63828000,-0.0127918152
0.63832000,0.0225874372
0.63836000,-0.0191664547
0.63840000,-0.0194851868
0.63844000,-0.00291112298
0.63848000,-0.0204413831
0.63852000,-0.00705463905
0.63856000,-0.00673590694
0.63860000,0.0155753326
0.63864000,-0.0433900878
0.63868000,-0.0220350437
0.63872000,-0.025222363
0.63876000,-0.0159791354
0.63880000,-0.0280909501
0.63884000,-0.0175727941
0.63888000,-0.0309595391
0.63892000,-0.0191664547
0.63896000,-0.0484897979
0.63900000,-0.0701635778
0.63904000,-0.0347843245
0.63908000,-0.065063864
0.63912000,-0.0561393686
0.63916000,-0.0819566622
0.63920000,-0.0574142933
0.63924000,-0.0586892217
0.63928000,-0.0300033428
0.63932000,-0.0510396548
0.63936000,-0.0682511851
0.63940000,-0.0182102583
0.63944000,-0.00832956657
0.63948000,-0.0236287024
0.63952000,0.00537590915
0.63956000,0.0547793694
0.63960000,0.0133442087
0.63964000,0.0662537217
0.63968000,0.0519107804
0.63972000,0.0445799455
0.63976000,0.0420300886
0.63980000,0.0375678428
0.63984000,0.00792576466
0.63988000,0.00951942522
0.63992000,-0.00291112298
0.63996000,0.0598790795
0.64000000,-0.0108794225
0.64004000,-0.0150229391
0.64008000,-0.0115168868
0.64012000,-0.0134292794
0.64016000,-0.00673590694
0.64020000,0.0305557363
0.64024000,-0.0185289904
0.64028000,-0.0300033428
0.64032000,-0.0284096822
0.64036000,-0.0290471464
0.64040000,0.00951942522
0.64044000,-0.0150229391
0.64048000,-0.0280909501
0.64052000,-0.0178915262
0.64056000,-0.020122651
0.64060000,-0.0293658786
0.64064000,0.00856322888
0.64068000,0.00824449677
0.64072000,-0.0236287024
0.64076000,-0.0229912382
0.64080000,0.00537590915
0.64084000,-0.0143854748
0.64088000,0.0111130849
0.64092000,0.00951942522
0.64096000,-0.00609844318
0.64100000,-0.00673590694
0.64104000,0.0295995418
0.64108000,0.0382053033
0.64112000,0.0350179859
0.64116000,0.0174877252
0.64120000,0.0248185601
0.64124000,0.0136629408
0.64128000,0.00505717704
0.64132000,-0.0025923911
0.64136000,0.00824449677
0.64140000,-0.00769210281
0.64144000,-0.0025923911
0.64148000,0.0235436335
0.64152000,-0.001317463
0.64156000,0.00346351694
0.64160000,0.00505717704
0.64164000,0.0283246133
0.64168000,0.0130254766
0.64172000,0.0072883009
0.64176000,-0.0331906639
0.64180000,-0.0194851868
0.64184000,-0.0153416712
0.64188000,0.00250732107
0.64192000,-0.0236287024
0.64196000,-0.0169353317
0.64200000,-0.0236287024
0.64204000,-0.00801083539
0.64208000,-0.0296846107
0.64212000,-0.012154351
0.64216000,-0.0277722199
0.64220000,-0.0182102583
0.64224000,-0.00609844318
0.64228000,0.00665083714
0.64232000,-0.001317463
0.64236000,-0.0105606914
0.64240000,-0.0169353317
0.64244000,-0.0217163116
0.64248000,-0.0150229391
0.64252000,-0.0102419592
0.64256000,-0.0172540639
0.64260000,0.00250732107
0.64264000,0.00505717704
0.64268000,0.00824449677
0.64272000,0.00760703301
0.64276000,-0.0258598272
0.64280000,-0.0271347556
0.64284000,0.00378224906
0.64288000,0.00186985696
0.64292000,-0.0102419592
0.64296000,0.0107943527
0.64300000,0.011431817
0.64304000,-0.00737337116
0.64308000,-0.00418605097
0.64312000,0.0181251895
0.64316000,0.0165315289
0.64320000,0.0515920483
0.64324000,0.0499983877
0.64328000,0.0541419052
0.64332000,0.0276871491
0.64336000,0.0343805216
0.64340000,0.0490421914
0.64344000,0.0139816729
0.64348000,0.0305557363
0.64352000,0.0305557363
0.64356000,0.0267309528
0.64360000,0.0222687051
0.64364000,0.0499983877
0.64368000,0.0244998299
0.64372000,0.0152566014
0.64376000,0.045854874
0.64380000,0.0155753326
0.64384000,0.0152566014
0.64388000,0.0257747564
0.64392000,-0.000679999008
0.64396000,-0.0166165996
0.64400000,0.0127067454
0.64404000,0.00250732107
0.64408000,-0.00673590694
0.64412000,-0.00482351519
0.64416000,0.0397989638
0.64420000,0.00441971282
0.64424000,0.00920069311
0.64428000,0.0178064574
0.64432000,-0.0025923911
0.64436000,-0.00673590694
0.64440000,-0.020122651
0.64444000,-0.0319157355
0.64448000,-0.0351030566
0.64452000,-0.0258598272
0.64456000,-0.0271347556
0.64460000,-0.0191664547
0.64464000,-0.0284096822
0.64468000,-0.0217163116
0.64472000,-0.0319157355
0.64476000,-0.0220350437
0.64480000,-0.0134292794
0.64484000,-0.0102419592
0.64488000,-0.0459399447
0.64492000,-0.0331906639
0.64496000,0.0104756206
0.64500000,-0.0264972914
0.64504000,-0.0249036308
0.64508000,-0.0185289904
0.64512000,-0.0245848987
0.64516000,-0.0456212126
0.64520000,-0.0159791354
0.64524000,-0.00864829868
0.64528000,-0.00577971106
0.64532000,-0.00195492711
0.64536000,-0.0268160235
0.64540000,-0.0198039189
0.64544000,-0.0462586768
0.64548000,-0.0583704896
0.64552000,-0.0437088199
0.64556000,-0.0319157355
0.64560000,-0.0615578108
0.64564000,-0.044027552
0.64568000,-0.0542269759
0.64572000,-0.0296846107
0.64576000,-0.0322344676
0.64580000,-0.00737337116
0.64584000,-0.000998731004
0.64588000,0.00155112497
0.64592000,0.0162127968
0.64596000,0.0496796556
0.64600000,0.0630664006
0.64604000,0.0566917621
0.64608000,0.0503171198
0.64612000,0.0659349859
0.64616000,0.0633851364
0.64620000,0.050954584
0.64624000,0.0550981015
0.64628000,0.0350179859
0.64632000,0.0111130849
0.64636000,0.00983815733
0.64640000,-0.001636195
0.64644000,-0.0217163116
0.64648000,0.0420300886
0.64652000,0.0327868611
0.64656000,-0.0124730831
0.64660000,-0.0025923911
0.64664000,0.0194001179
0.64668000,-0.0140667427
0.64672000,-0.0207601152
0.64676000,0.00314478506
0.64680000,0.0162127968
0.64684000,0.0123880133
0.64688000,-0.00514224684
0.64692000,-0.0468961373
0.64696000,-0.0414776951
0.64700000,-0.0408402309
0.64704000,-0.0555019043
0.64708000,-0.0618765429
0.64712000,-0.0312782712
0.64716000,-0.0586892217
0.64720000,-0.065063864
0.64724000,-0.0351030566
0.64728000,-0.054545708
0.64732000,-0.038290374
0.64736000,-0.0373341776
0.64740000,-0.00864829868
0.64744000,-0.00673590694
0.64748000,0.0283246133
0.64752000,0.0197188482
0.64756000,0.0190813858
0.64760000,0.016850261
0.64764000,0.00824449677
0.64768000,-0.00195492711
0.64772000,0.016850261
0.64776000,0.0413926244
0.64780000,0.0111130849
0.64784000,0.00601337291
0.64788000,0.00537590915
0.64792000,-0.00514224684
0.64796000,0.0209937766
0.64800000,0.0197188482
0.64804000,0.0308744684
0.64808000,-0.00673590694
0.64812000,0.0413926244
0.64816000,-0.00450478308
0.64820000,-0.0102419592
0.64824000,-0.0287284143
0.64828000,-0.0366967134
0.64832000,-0.0634701997
0.64836000,-0.0510396548
0.64840000,-0.0561393686
0.64844000,-0.0590079539
0.64848000,-0.038290374
0.64852000,-0.0280909501
0.64856000,-0.0242661666
0.64860000,-0.0539082438
0.64864000,0.0331055932
0.64868000,0.0222687051
0.64872000,-0.020122651
0.64876000,0.0260934886
0.64880000,0.00441971282
0.64884000,0.0174877252
0.64888000,-0.0226725079
0.64892000,0.0133442087
0.64896000,0.0133442087
0.64900000,0.0433050171
0.64904000,-0.0175727941
0.64908000,-0.0134292794
0.64912000,0.0104756206
0.64916000,0.00378224906
0.64920000,-0.0140667427
0.64924000,-0.0465774052
0.64928000,0.00378224906
0.64932000,0.0586041547
0.64936000,0.00186985696
0.64940000,0.0209937766
0.64944000,0.0190813858
0.64948000,-0.0258598272
0.64952000,0.0111130849
0.64956000,-0.00386731909
0.64960000,-0.0341468602
0.64964000,-0.0456212126
0.64968000,-0.0261785593
0.64972000,-0.0309595391
0.64976000,-0.0841877833
0.64980000,-0.0433900878
0.64984000,-0.051677119
0.64988000,-0.000361267012
0.64992000,-0.0156604033
0.64996000,-0.00322985509
0.65000000,-0.0105606914
0.65004000,0.0366116464
0.65008000,0.0213125087
0.65012000,0.0283246133
0.65016000,0.0308744684
0.65020000,0.0382053033
0.65024000,0.00983815733
0.65028000,0.00856322888
0.65032000,0.00760703301
0.65036000,0.0072883009
0.65040000,0.00665083714
0.65044000,-0.0370154455
0.65048000,-0.0137480106
0.65052000,-0.0303220749
0.65056000,-0.00514224684
0.65060000,-0.0236287024
0.65064000,-0.0271347556
0.65068000,-0.0430713557
0.65072000,-0.0360592492
0.65076000,-0.0268160235
0.65080000,-0.0325531997
0.65084000,-0.0360592492
0.65088000,-0.0287284143
0.65092000,-0.0239474345
0.65096000,-0.0421151593
0.65100000,-0.0287284143
0.65104000,-0.0449837483
0.65108000,-0.0271347556
0.65112000,-0.0293658786
0.65116000,-0.0574142933
0.65120000,-0.0468961373
0.65124000,0.00537590915
0.65128000,0.0382053033
0.65132000,0.0222687051
0.65136000,0.0139816729
0.65140000,0.0171689931
0.65144000,0.00983815733
0.65148000,0.0171689931
0.65152000,0.00665083714
0.65156000,0.000913660973
0.65160000,0.0417113565
0.65164000,0.0238623656
0.65168000,0.0369303785
0.65172000,0.0251372922
0.65176000,0.0318306647
0.65180000,0.0280058812
0.65184000,0.0238623656
0.65188000,0.0056946408
0.65192000,0.0200375803
0.65196000,-0.0341468602
0.65200000,0.0965332612
0.65204000,0.0783655345
0.65208000,0.0582854226
0.65212000,0.0541419052
0.65216000,0.0570104942
0.65220000,0.0155753326
0.65224000,0.0732658282
0.65228000,0.0573292263
0.65232000,-0.0134292794
0.65236000,-0.0191664547
0.65240000,0.0289620776
0.65244000,-0.00641717482
0.65248000,-0.0475336015
0.65252000,-0.0762194842
0.65256000,-0.0344655924
0.65260000,-0.0159791354
0.65264000,0.0101568894
0.65268000,-0.020122651
0.65272000,-0.0315970033
0.65276000,-0.0217163116
0.65280000,-0.0166165996
0.65284000,0.00218858896
0.65288000,0.0241810977
0.65292000,-0.0309595391
0.65296000,0.00505717704
0.65300000,0.0346992537
0.65304000,0.000594928977
0.65308000,0.0299182739
0.65312000,0.0133442087
0.65316000,-0.001317463
0.65320000,-0.0131105473
0.65324000,0.0149378693
0.65328000,0.016850261
0.65332000,-0.00577971106
0.65336000,0.0222687051
0.65340000,0.0178064574
0.65344000,0.0375678428
0.65348000,0.0662537217
0.65352000,0.0735845566
0.65356000,0.0535044409
0.65360000,0.0754969493
0.65364000,0.016850261
0.65368000,0.0289620776
0.65372000,-0.0169353317
0.65376000,-0.0172540639
0.65380000,-0.00928576291
0.65384000,-0.0261785593
0.65388000,-0.00450478308
0.65392000,-0.0510396548
0.65396000,-0.0637889355
0.65400000,-0.0370154455
0.65404000,-0.0363779813
0.65408000,-0.0140667427
0.65412000,-0.0185289904
0.65416000,-0.0535895117
0.65420000,-0.0159791354
0.65424000,-0.0217163116
0.65428000,-0.0437088199
0.65432000,0.00346351694
0.65436000,-0.0111981547
0.65440000,0.0056946408
0.65444000,0.0241810977
0.65448000,0.0229061693
0.65452000,-0.00450478308
0.65456000,-0.0127918152
0.65460000,0.0280058812
0.65464000,0.0356554501
0.65468000,0.0331055932
0.65472000,0.0318306647
0.65476000,0.0346992537
0.65480000,0.0484047309
0.65484000,0.0136629408
0.65488000,0.0127067454
0.65492000,0.0111130849
0.65496000,-0.0229912382
0.65500000,0.00505717704
0.65504000,0.0225874372
0.65508000,-0.0484897979
0.65512000,0.0133442087
0.65516000,0.00505717704
0.65520000,0.0229061693
0.65524000,-0.00737337116
0.65528000,0.0117505491
0.65532000,-0.0615578108
0.65536000,0.0146191372
0.65540000,-0.0185289904
0.65544000,-0.0414776951
0.65548000,0.00696956879
0.65552000,0.00824449677
0.65556000,0.000594928977
0.65560000,-0.0274534877
0.65564000,-0.00291112298
0.65568000,-0.00641717482
0.65572000,-0.0300033428
0.65576000,-0.0768569484
0.65580000,-0.0277722199
0.65584000,0.0241810977
0.65588000,0.0337430574
0.65592000,-0.0137480106
0.65596000,-0.00769210281
0.65600000,-0.0156604033
0.65604000,-0.0249036308
0.65608000,-0.0166165996
0.65612000,-0.0182102583
0.65616000,-0.00386731909
0.65620000,0.00633210503
0.65624000,-0.0271347556
0.65628000,-0.00482351519
0.65632000,-0.00801083539
0.65636000,-0.0194851868
0.65640000,0.0158940647
0.65644000,0.0123880133
0.65648000,0.00856322888
0.65652000,0.0445799455
0.65656000,0.0178064574
0.65660000,-0.0102419592
0.65664000,0.0200375803
0.65668000,-0.00386731909
0.65672000,-0.0105606914
0.65676000,-0.0102419592
0.65680000,0.0385240354
0.65684000,0.014300405
0.65688000,-0.00832956657
0.65692000,-0.0532707796
0.65696000,-0.0309595391
0.65700000,-0.0258598272
0.65704000,-0.0150229391
0.65708000,-0.0284096822
0.65712000,-0.0551831722
0.65716000,-0.0236287024
0.65720000,-0.0535895117
0.65724000,0.0123880133
0.65728000,-0.0166165996
0.65732000,-0.0188477226
0.65736000,-0.00386731909
0.65740000,-0.0169353317
0.65744000,-0.0172540639
0.65748000,-0.00801083539
0.65752000,0.00696956879
0.65756000,-0.012154351
0.65760000,-0.00737337116
0.65764000,0.0158940647
0.65768000,0.0586041547
0.65772000,0.0710346997
0.65776000,0.0375678428
0.65780000,-0.0156604033
0.65784000,0.0331055932
0.65788000,0.0433050171
0.65792000,0.0229061693
0.65796000,0.00792576466
0.65800000,0.0340617895
0.65804000,0.0522295125
0.65808000,0.0566917621
0.65812000,0.0579666905
0.65816000,-0.0169353317
0.65820000,0.0235436335
0.65824000,0.0324681289
0.65828000,-0.0366967134
0.65832000,-0.0513583869
0.65836000,0.0072883009
0.65840000,-0.00737337116
0.65844000,-0.00928576291
0.65848000,-0.0204413831
0.65852000,-0.00864829868
0.65856000,-0.0551831722
0.65860000,-0.00832956657
0.65864000,-0.0296846107
0.65868000,-0.0459399447
0.65872000,-0.0558206365
0.65876000,-0.0669762567
0.65880000,-0.069844842
0.65884000,-4.25350008e-05
0.65888000,-0.030640807
0.65892000,-0.0284096822
0.65896000,-0.0319157355
0.65900000,-0.0271347556
0.65904000,0.0101568894
0.65908000,0.0178064574
0.65912000,0.00314478506
0.65916000,-0.00482351519
0.65920000,0.00856322888
0.65924000,0.0515920483
0.65928000,0.0490421914
0.65932000,-0.00737337116
0.65936000,-0.00195492711
0.65940000,0.064341329
0.65944000,0.0471298024
0.65948000,-0.00577971106
0.65952000,-0.0223537758
0.65956000,0.000594928977
0.65960000,-0.012154351
0.65964000,-0.0108794225
0.65968000,0.00218858896
0.65972000,-0.00801083539
0.65976000,0.008881961
0.65980000,0.0229061693
0.65984000,0.0162127968
0.65988000,-0.00482351519
0.65992000,-0.00641717482
0.65996000,0.0382053033
0.66000000,0.0439424813
0.66004000,0.0506358519
0.66008000,0.0452174097
0.66012000,0.0295995418
0.66016000,0.0158940647
0.66020000,0.0101568894
0.66024000,0.0563730299
0.66028000,-0.00673590694
0.66032000,0.00378224906
0.66036000,0.0146191372
0.66040000,-0.0198039189
0.66044000,-0.0220350437
0.66048000,-0.0300033428
0.66052000,-0.0290471464
0.66056000,-0.0264972914
0.66060000,-0.0300033428
0.66064000,-0.0217163116
0.66068000,-0.0660200566
0.66072000,-0.0790880695
0.66076000,-0.0714385062
0.66080000,-0.0456212126
0.66084000,-0.0513583869
0.66088000,-0.0207601152
0.66092000,-0.0274534877
0.66096000,-0.0300033428
0.66100000,-0.0229912382
0.66104000,-0.0233099703
0.66108000,-0.0229912382
0.66112000,-0.00291112298
0.66116000,0.0104756206
0.66120000,0.0423488207
0.66124000,0.0295995418
0.66128000,0.0305557363
0.66132000,0.0356554501
0.66136000,0.0260934886
0.66140000,0.0311932005
0.66144000,0.0299182739
0.66148000,0.0350179859
0.66152000,0.0283246133
0.66156000,0.0327868611
0.66160000,0.0445799455
0.66164000,0.00314478506
0.66168000,0.00410098117
0.66172000,-0.0134292794
0.66176000,-0.000679999008
0.66180000,-0.0433900878
0.66184000,-0.0194851868
0.66188000,-0.0233099703
0.66192000,-0.0357405208
0.66196000,-0.0612390786
0.66200000,-0.0491272621
0.66204000,-0.0462586768
0.66208000,-0.0771756768
0.66212000,-0.0430713557
0.66216000,-0.0510396548
0.66220000,-0.0347843245
0.66224000,-0.0395653024
0.66228000,-0.0609203465
0.66232000,-0.0491272621
0.66236000,-0.0271347556
0.66240000,-0.0746258199
0.66244000,-0.00769210281
0.66248000,-0.0134292794
0.66252000,0.00186985696
0.66256000,-0.038290374
0.66260000,0.00951942522
0.66264000,0.0104756206
0.66268000,-0.0255410951
0.66272000,0.00378224906
0.66276000,-0.012154351
0.66280000,-0.0025923911
0.66284000,0.0311932005
0.66288000,0.0547793694
0.66292000,0.0120692812
0.66296000,0.0280058812
0.66300000,0.00218858896
0.66304000,0.0146191372
0.66308000,0.00250732107
0.66312000,0.0203563124
0.66316000,0.0417113565
0.66320000,0.0276871491
0.66324000,0.0334243253
0.66328000,0.0375678428
0.66332000,0.0254560243
0.66336000,0.00027619701
0.66340000,0.0308744684
0.66344000,0.0158940647
0.66348000,0.0257747564
0.66352000,0.0209937766
0.66356000,0.0311932005
0.66360000,-4.25350008e-05
0.66364000,-0.0124730831
0.66368000,-0.00482351519
0.66372000,-0.0226725079
0.66376000,-0.0166165996
0.66380000,-0.0204413831
0.66384000,-0.0194851868
0.66388000,-0.0105606914
0.66392000,-0.0293658786
0.66396000,-0.0389278382
0.66400000,-0.0392465703
0.66404000,-0.0331906639
0.66408000,-0.0714385062
0.66412000,-0.0625140071
0.66416000,-0.0182102583
0.66420000,-0.0213975795
0.66424000,-0.0108794225
0.66428000,-0.0245848987
0.66432000,-0.00450478308
0.66436000,-0.0239474345
0.66440000,-0.0150229391
0.66444000,-0.0204413831
0.66448000,-0.0137480106
0.66452000,-0.0207601152
0.66456000,0.00282605295
0.66460000,-0.000361267012
0.66464000,-0.00992322713
0.66468000,-0.00928576291
0.66472000,-0.0025923911
0.66476000,-0.00801083539
0.66480000,-0.0172540639
0.66484000,0.0244998299
0.66488000,-0.0175727941
0.66492000,-0.0268160235
0.66496000,-0.00928576291
0.66500000,0.0152566014
0.66504000,-0.0535895117
0.66508000,-0.0376529098
0.66512000,-0.0261785593
0.66516000,-0.0245848987
0.66520000,-0.00577971106
0.66524000,0.00123239297
0.66528000,-0.0118356189
0.66532000,0.00218858896
0.66536000,0.0229061693
0.66540000,0.00505717704
0.66544000,0.0117505491
0.66548000,0.0146191372
0.66552000,0.00250732107
0.66556000,0.0216312408
0.66560000,-0.000679999008
0.66564000,0.011431817
0.66568000,0.0056946408
0.66572000,-0.00928576291
0.66576000,-0.0204413831
0.66580000,0.00505717704
0.66584000,0.016850261
0.66588000,-0.0178915262
0.66592000,-0.0159791354
0.66596000,-0.00705463905
0.66600000,0.0174877252
0.66604000,0.00250732107
0.66608000,-0.0166165996
0.66612000,-0.00928576291
0.66616000,-0.0150229391
0.66620000,-0.0255410951
0.66624000,-0.0198039189
0.66628000,-0.0143854748
0.66632000,-0.0271347556
0.66636000,-0.044027552
0.66640000,-0.0590079539
0.66644000,-0.0618765429
0.66648000,-0.0685699135
0.66652000,-0.0644263998
0.66656000,-0.0535895117
0.66660000,-0.0468961373
0.66664000,-0.0395653024
0.66668000,-0.0392465703
0.66672000,-0.0500834584
0.66676000,-0.0398840345
0.66680000,-0.0325531997
0.66684000,-0.0402027667
0.66688000,-0.0695261136
0.66692000,-0.0494459942
0.66696000,-0.0402027667
0.66700000,0.0101568894
0.66704000,0.0417113565
0.66708000,0.0812341273
0.66712000,0.0158940647
0.66716000,-0.00896703079
0.66720000,0.0235436335
0.66724000,0.0350179859
0.66728000,0.0688035786
0.66732000,0.10450156
0.66736000,0.093664676
0.66740000,0.103545368
0.66744000,0.0764531419
0.66748000,0.0920710117
0.66752000,0.0812341273
0.66756000,0.0394802317
0.66760000,0.0815528557
0.66764000,0.0592416152
0.66768000,0.0573292263
0.66772000,0.0528669767
0.66776000,0.0311932005
0.66780000,0.0101568894
0.66784000,-0.0118356189
0.66788000,-0.00195492711
0.66792000,-0.0615578108
0.66796000,-0.0105606914
0.66800000,-0.0198039189
0.66804000,-0.0692073777
0.66808000,-0.0351030566
0.66812000,-0.044027552
0.66816000,-0.0774944127
0.66820000,-0.0736696273
0.66824000,-0.0551831722
0.66828000,-0.0631514713
0.66832000,-0.0500834584
0.66836000,-0.0421151593
0.66840000,-0.0676137209
0.66844000,-0.0360592492
0.66848000,-0.0223537758
0.66852000,-0.0398840345
0.66856000,-0.00832956657
0.66860000,-0.0140667427
0.66864000,0.0107943527
0.66868000,0.00218858896
0.66872000,0.00983815733
0.66876000,0.0209937766
0.66880000,0.0327868611
0.66884000,0.0471298024
0.66888000,0.0439424813
0.66892000,0.0541419052
0.66896000,0.0474485345
0.66900000,0.0531857088
0.66904000,0.0369303785
0.66908000,0.0519107804
0.66912000,0.00792576466
0.66916000,0.016850261
0.66920000,0.0366116464
0.66924000,0.040436428
0.66928000,0.0305557363
0.66932000,0.0289620776
0.66936000,0.0254560243
0.66940000,-0.00864829868
0.66944000,0.0241810977
0.66948000,0.0241810977
0.66952000,0.000913660973
0.66956000,-0.0386091061
0.66960000,-0.00832956657
0.66964000,-0.0140667427
0.66968000,-0.0185289904
0.66972000,-0.0204413831
0.66976000,-0.0150229391
0.66980000,-0.0188477226
0.66984000,-0.00769210281
0.66988000,-0.0226725079
0.66992000,-0.0255410951
0.66996000,-0.0156604033
0.67000000,0.00346351694
0.67004000,-0.0159791354
0.67008000,-0.0025923911
0.67012000,-0.0255410951
0.67016000,-0.0223537758
0.67020000,-0.0354217887
0.67024000,-0.0341468602
0.67028000,-0.0220350437
0.67032000,-0.081319198
0.67036000,-0.0513583869
0.67040000,-0.0596454181
0.67044000,-0.0519958511
0.67048000,-0.041158963
0.67052000,-0.0586892217
0.67056000,-0.086100176
0.67060000,-0.0459399447
0.67064000,-0.0414776951
0.67068000,-0.0577330254
0.67072000,-0.038290374
0.67076000,-0.0319157355
0.67080000,-0.04880853
0.67084000,-0.0153416712
0.67088000,-0.0115168868
0.67092000,-0.00928576291
0.67096000,0.040436428
0.67100000,0.00537590915
0.67104000,-0.0162978675
0.67108000,0.00027619701
0.67112000,-0.0217163116
0.67116000,-0.0300033428
0.67120000,-0.0213975795
0.67124000,0.0232249014
0.67128000,0.0257747564
0.67132000,0.0417113565
0.67136000,0.0350179859
0.67140000,0.0461736061
0.67144000,0.0302370042
0.67148000,0.0276871491
0.67152000,0.0433050171
0.67156000,0.0439424813
0.67160000,0.0350179859
0.67164000,0.0598790795
0.67168000,0.0499983877
0.67172000,0.0382053033
0.67176000,0.0608352758
0.67180000,0.0206750445
0.67184000,0.0267309528
0.67188000,0.0608352758
0.67192000,0.0570104942
0.67196000,0.0997205824
0.67200000,0.0710346997
0.67204000,0.0295995418
0.67208000,0.00665083714
0.67212000,-0.0134292794
0.67216000,-0.044027552
0.67220000,-4.25350008e-05
0.67224000,-0.00546097895
0.67228000,-0.0322344676
0.67232000,-0.0258598272
0.67236000,-0.0347843245
0.67240000,-0.0366967134
0.67244000,-0.0325531997
0.67248000,-0.0280909501
0.67252000,-0.0561393686
0.67256000,-0.04880853
0.67260000,-0.0437088199
0.67264000,-0.0504021905
0.67268000,-0.0421151593
0.67272000,-0.051677119
0.67276000,-0.0188477226
0.67280000,0.00410098117
0.67284000,0.00378224906
0.67288000,-0.0261785593
0.67292000,-0.00705463905
0.67296000,0.0136629408
0.67300000,-0.00832956657
0.67304000,-0.0172540639
0.67308000,-0.0172540639
0.67312000,-0.0303220749
0.67316000,-0.00386731909
0.67320000,-0.0328719318
0.67324000,-0.0102419592
0.67328000,-0.0510396548
0.67332000,-0.0284096822
0.67336000,0.0162127968
0.67340000,0.00696956879
0.67344000,-0.00386731909
0.67348000,0.0267309528
0.67352000,0.0152566014
0.67356000,-0.0261785593
0.67360000,-0.0309595391
0.67364000,0.00346351694
0.67368000,-0.0127918152
0.67372000,0.0267309528
0.67376000,0.0308744684
0.67380000,0.0130254766
0.67384000,0.0541419052
0.67388000,0.0327868611
0.67392000,0.0554168336
0.67396000,0.0452174097
0.67400000,0.0719908997
0.67404000,0.0305557363
0.67408000,0.008881961
0.67412000,0.0111130849
0.67416000,0.00186985696
0.67420000,0.027368417
0.67424000,-0.0217163116
0.67428000,0.0123880133
0.67432000,0.016850261
0.67436000,-0.0194851868
0.67440000,-0.00450478308
0.67444000,-0.0233099703
0.67448000,-0.0484897979
0.67452000,0.00186985696
0.67456000,0.0519107804
0.67460000,-0.04880853
0.67464000,-0.0185289904
0.67468000,0.00218858896
0.67472000,0.0917522833
0.67476000,-0.00705463905
0.67480000,0.0184439216
0.67484000,0.0139816729
0.67488000,-0.069844842
0.67492000,-0.0746258199
0.67496000,-0.0194851868
0.67500000,0.00441971282
0.67504000,-0.0150229391
0.67508000,-0.0249036308
0.67512000,-0.0513583869
0.67516000,-0.0204413831
0.67520000,-0.0239474345
0.67524000,-0.0475336015
0.67528000,-0.0143854748
0.67532000,0.0139816729
0.67536000,-0.0351030566
0.67540000,0.00601337291
0.67544000,-0.0178915262
0.67548000,-0.0268160235
0.67552000,0.00696956879
0.67556000,0.0305557363
0.67560000,0.0286433455
0.67564000,0.0688035786
0.67568000,0.0611540079
0.67572000,0.0633851364
0.67576000,0.0997205824
0.67580000,0.102907903
0.67584000,0.0547793694
0.67588000,0.0914335474
0.67592000,0.050954584
0.67596000,0.0280058812
0.67600000,0.0732658282
0.67604000,0.0289620776
0.67608000,0.0130254766
0.67612000,0.0318306647
0.67616000,-0.0178915262
0.67620000,0.00983815733
0.67624000,-0.00641717482
0.67628000,0.0248185601
0.67632000,-0.0198039189
0.67636000,0.0190813858
0.67640000,-0.0322344676
0.67644000,-0.0309595391
0.67648000,-0.0249036308
0.67652000,-0.0134292794
0.67656000,-0.0465774052
0.67660000,-0.0548644401
0.67664000,-0.00514224684
0.67668000,-0.0529520474
0.67672000,-0.0456212126
0.67676000,-0.0351030566
0.67680000,-0.0366967134
0.67684000,-0.0590079539
0.67688000,-0.00609844318
0.67692000,-0.0229912382
0.67696000,-0.0548644401
0.67700000,-0.033509396
0.67704000,-0.0124730831
0.67708000,-0.0207601152
0.67712000,-0.0277722199
0.67716000,-0.00227365899
0.67720000,-0.0210788473
0.67724000,0.0139816729
0.67728000,0.0123880133
0.67732000,0.00378224906
0.67736000,0.0366116464
0.67740000,0.0716721639
0.67744000,0.0391614996
0.67748000,0.0554168336
0.67752000,0.0302370042
0.67756000,0.0429862849
0.67760000,0.0241810977
0.67764000,0.0101568894
0.67768000,-0.0217163116
0.67772000,0.0350179859
0.67776000,-0.000679999008
0.67780000,0.0407551602
0.67784000,-0.00291112298
0.67788000,0.0439424813
0.67792000,0.00633210503
0.67796000,0.0295995418
0.67800000,0.0331055932
0.67804000,0.0560542978
0.67808000,-0.00546097895
0.67812000,0.00824449677
0.67816000,0.050954584
0.67820000,0.011431817
0.67824000,0.0254560243
0.67828000,0.0394802317
0.67832000,0.0649787933
0.67836000,-0.0574142933
0.67840000,0.0490421914
0.67844000,-0.00641717482
0.67848000,-0.00928576291
0.67852000,-0.0188477226
0.67856000,0.0101568894
0.67860000,-0.0453024805
0.67864000,-0.0478523336
0.67868000,-0.100761846
0.67872000,-0.0934310108
0.67876000,-0.0465774052
0.67880000,-0.0743070915
0.67884000,-0.0701635778
0.67888000,-0.0188477226
0.67892000,-0.0191664547
0.67896000,-0.00514224684
0.67900000,0.0152566014
0.67904000,0.014300405
0.67908000,0.00123239297
0.67912000,0.0123880133
0.67916000,0.00633210503
0.67920000,0.00123239297
0.67924000,-0.00418605097
0.67928000,0.008881961
0.67932000,0.00633210503
0.67936000,0.008881961
0.67940000,0.0369303785
0.67944000,-0.00546097895
0.67948000,0.00441971282
0.67952000,0.0452174097
0.67956000,0.035336718
0.67960000,0.00983815733
0.67964000,0.000913660973
0.67968000,-0.0366967134
0.67972000,-0.00769210281
0.67976000,-0.0229912382
0.67980000,-0.0497647263
0.67984000,-0.0366967134
0.67988000,-0.0398840345
0.67992000,-0.0255410951
0.67996000,-0.059326686
0.68000000,-0.0688886493
0.68004000,-0.086100176
0.68008000,-0.0625140071
0.68012000,-0.0727134347
0.68016000,-0.0736696273
0.68020000,-0.0182102583
0.68024000,0.000594928977
0.68028000,0.0238623656
0.68032000,0.0136629408
0.68036000,-0.00291112298
0.68040000,-0.0220350437
0.68044000,0.00760703301
0.68048000,0.0254560243
0.68052000,0.0056946408
0.68056000,-0.00514224684
0.68060000,0.0133442087
0.68064000,0.0337430574
0.68068000,0.0311932005
0.68072000,0.0515920483
0.68076000,0.0448986776
0.68080000,0.0382053033
0.68084000,0.0519107804
0.68088000,0.06147274
0.68092000,0.0633851364
0.68096000,0.0637038648
0.68100000,0.0589228868
0.68104000,0.0139816729
0.68108000,-0.0249036308
0.68112000,-0.0166165996
0.68116000,0.0433050171
0.68120000,-0.00514224684
0.68124000,-0.0175727941
0.68128000,-0.0159791354
0.68132000,0.00951942522
0.68136000,-0.0264972914
0.68140000,-0.0300033428
0.68144000,0.000594928977
0.68148000,-0.0331906639
0.68152000,-0.0140667427
0.68156000,-0.0625140071
0.68160000,-0.00769210281
0.68164000,-0.000998731004
0.68168000,-0.014704207
0.68172000,-0.0236287024
0.68176000,-0.0236287024
0.68180000,-0.00928576291
0.68184000,-0.0264972914
0.68188000,-0.0351030566
0.68192000,-0.0456212126
0.68196000,-0.0188477226
0.68200000,0.00314478506
0.68204000,0.00346351694
0.68208000,0.0244998299
0.68212000,0.0229061693
0.68216000,0.008881961
0.68220000,0.0117505491
0.68224000,0.0308744684
0.68228000,0.0267309528
0.68232000,-0.0182102583
0.68236000,0.0222687051
0.68240000,-0.000998731004
0.68244000,-0.0322344676
0.68248000,-0.0395653024
0.68252000,-0.00450478308
0.68256000,-0.0118356189
0.68260000,-0.0115168868
0.68264000,-0.00322985509
0.68268000,0.0149378693
0.68272000,0.0270496849
0.68276000,0.0394802317
0.68280000,0.0251372922
0.68284000,0.0515920483
0.68288000,0.0777280703
0.68292000,0.0573292263
0.68296000,0.0885649621
0.68300000,0.0433050171
0.68304000,0.0382053033
0.68308000,0.0445799455
0.68312000,0.0232249014
0.68316000,-0.00769210281
0.68320000,-0.0398840345
0.68324000,-0.001317463
0.68328000,-0.0166165996
0.68332000,-0.0641076639
0.68336000,-0.0561393686
0.68340000,-0.0695261136
0.68344000,-0.0781318769
0.68348000,-0.0962995961
0.68352000,-0.0998056531
0.68356000,-0.0634701997
0.68360000,-0.0947059393
0.68364000,-0.114148594
0.68368000,-0.110642537
0.68372000,-0.103311703
0.68376000,-0.109048881
0.68380000,-0.0631514713
0.68384000,-0.0300033428
0.68388000,-0.0427526236
0.68392000,-0.0880125687
0.68396000,-0.0379716419
0.68400000,-0.00227365899
0.68404000,0.0104756206
0.68408000,0.0324681289
0.68412000,0.0257747564
0.68416000,0.079640463
0.68420000,0.0844214484
0.68424000,0.0707159713
0.68428000,0.107688881
0.68432000,0.0898398906
0.68436000,0.0560542978
0.68440000,0.0732658282
0.68444000,0.0659349859
0.68448000,0.0264122207
0.68452000,0.0433050171
0.68456000,0.0640226007
0.68460000,0.0139816729
0.68464000,-0.001317463
0.68468000,0.0318306647
0.68472000,0.0340617895
0.68476000,0.0260934886
0.68480000,0.0324681289
0.68484000,0.00951942522
0.68488000,0.0315119326
0.68492000,0.00792576466
0.68496000,-0.0178915262
0.68500000,-0.0111981547
0.68504000,0.0139816729
0.68508000,0.0203563124
0.68512000,-0.0366967134
0.68516000,-0.0242661666
0.68520000,-0.0510396548
0.68524000,-0.0475336015
0.68528000,-0.0580517575
0.68532000,-0.070801042
0.68536000,-0.0475336015
0.68540000,-0.0555019043
0.68544000,-0.0408402309
0.68548000,-0.0296846107
0.68552000,-0.065063864
0.68556000,-0.070801042
0.68560000,-0.0430713557
0.68564000,-0.0325531997
0.68568000,-0.00322985509
0.68572000,-0.0233099703
0.68576000,0.00218858896
0.68580000,-0.00514224684
0.68584000,-0.0172540639
0.68588000,-0.0102419592
0.68592000,0.0397989638
0.68596000,0.0292808097
0.68600000,0.0321493968
0.68604000,0.0429862849
0.68608000,0.0474485345
0.68612000,0.0582854226
0.68616000,0.0194001179
0.68620000,0.0267309528
0.68624000,0.0563730299
0.68628000,0.0688035786
0.68632000,0.0611540079
0.68636000,0.0646600574
0.68640000,0.0503171198
0.68644000,0.0321493968
0.68648000,0.0394802317
0.68652000,0.027368417
0.68656000,-0.0351030566
0.68660000,0.008881961
0.68664000,0.008881961
0.68668000,-0.0172540639
0.68672000,-0.0159791354
0.68676000,0.00123239297
0.68680000,-0.00864829868
0.68684000,-0.001317463
0.68688000,-0.0300033428
0.68692000,0.0181251895
0.68696000,0.0190813858
0.68700000,0.00856322888
0.68704000,0.00633210503
0.68708000,-0.0162978675
0.68712000,-0.0296846107
0.68716000,-0.0481710657
0.68720000,-0.0293658786
0.68724000,-0.0277722199
0.68728000,-0.0312782712
0.68732000,-0.0468961373
0.68736000,-0.0217163116
0.68740000,-0.0143854748
0.68744000,-0.0433900878
0.68748000,-0.0319157355
0.68752000,-0.0236287024
0.68756000,-0.0293658786
0.68760000,-0.0245848987
0.68764000,-0.0140667427
0.68768000,-0.00291112298
0.68772000,0.00346351694
0.68776000,0.0222687051
0.68780000,-0.00418605097
0.68784000,0.0213125087
0.68788000,0.00537590915
0.68792000,-0.00960449502
0.68796000,0.0200375803
0.68800000,0.0315119326
0.68804000,0.0235436335
0.68808000,0.008881961
0.68812000,0.0280058812
0.68816000,0.0155753326
0.68820000,0.00792576466
0.68824000,0.00633210503
0.68828000,0.0111130849
0.68832000,0.0359741822
0.68836000,-0.0143854748
0.68840000,-0.00450478308
0.68844000,-0.0172540639
0.68848000,-0.0258598272
0.68852000,0.00601337291
0.68856000,0.008881961
0.68860000,-0.0131105473
0.68864000,-0.0296846107
0.68868000,-0.0239474345
0.68872000,-0.0271347556
0.68876000,0.00441971282
0.68880000,-0.00609844318
0.68884000,-0.0277722199
0.68888000,-0.00609844318
0.68892000,-0.0178915262
0.68896000,-0.00386731909
0.68900000,-0.00960449502
0.68904000,-0.0134292794
0.68908000,-0.0300033428
0.68912000,-0.0150229391
0.68916000,0.00441971282
0.68920000,-0.0159791354
0.68924000,-0.020122651
0.68928000,-0.020122651
0.68932000,-0.00322985509
0.68936000,0.00441971282
0.68940000,0.008881961
0.68944000,0.00410098117
0.68948000,0.0130254766
0.68952000,0.014300405
0.68956000,-0.00195492711
0.68960000,0.00314478506
0.68964000,0.00537590915
0.68968000,0.0235436335
0.68972000,-0.00577971106
0.68976000,0.0283246133
0.68980000,0.0225874372
0.68984000,0.0130254766
0.68988000,0.0152566014
0.68992000,-0.0127918152
0.68996000,-0.030640807
0.69000000,-0.0386091061
0.69004000,-0.0711197704
0.69008000,-0.0790880695
0.69012000,-0.0319157355
0.69016000,-0.0625140071
0.69020000,-0.0841877833
0.69024000,-0.0526333153
0.69028000,-0.044027552
0.69032000,-0.025222363
0.69036000,-0.0631514713
0.69040000,-0.0344655924
0.69044000,-0.0357405208
0.69048000,-0.0175727941
0.69052000,-0.0172540639
0.69056000,0.0139816729
0.69060000,-0.0153416712
0.69064000,-0.0124730831
0.69068000,0.00346351694
0.69072000,0.0139816729
0.69076000,0.00123239297
0.69080000,0.00983815733
0.69084000,0.0174877252
0.69088000,0.0280058812
0.69092000,0.00601337291
0.69096000,0.0315119326
0.69100000,0.0184439216
0.69104000,-0.00769210281
0.69108000,-0.000361267012
0.69112000,0.00314478506
0.69116000,-0.0427526236
0.69120000,-0.038290374
0.69124000,-0.0226725079
0.69128000,-0.0494459942
0.69132000,-0.0446650162
0.69136000,-0.00641717482
0.69140000,0.00410098117
0.69144000,-0.0175727941
0.69148000,-0.0261785593
0.69152000,-0.000679999008
0.69156000,0.0229061693
0.69160000,-0.00514224684
0.69164000,0.00505717704
0.69168000,0.008881961
0.69172000,0.00186985696
0.69176000,0.00441971282
0.69180000,-0.00832956657
0.69184000,-0.0233099703
0.69188000,-0.0207601152
0.69192000,-0.0159791354
0.69196000,-0.0433900878
0.69200000,-0.0293658786
0.69204000,-0.0338281281
0.69208000,-0.0663387924
0.69212000,-0.0459399447
0.69216000,-0.0239474345
0.69220000,-0.0564581007
0.69224000,-0.0468961373
0.69228000,-0.0472148694
0.69232000,-0.0357405208
0.69236000,-0.0405214988
0.69240000,0.0178064574
0.69244000,-0.00291112298
0.69248000,-0.00609844318
0.69252000,0.00473844493
0.69256000,-4.25350008e-05
0.69260000,0.00218858896
0.69264000,0.0117505491
0.69268000,0.0248185601
0.69272000,0.0133442087
0.69276000,0.0254560243
0.69280000,0.0407551602
0.69284000,0.0267309528
0.69288000,0.0238623656
0.69292000,0.00473844493
0.69296000,-0.00992322713
0.69300000,-0.0236287024
0.69304000,0.0194001179
0.69308000,0.000594928977
0.69312000,-0.00354858697
0.69316000,-0.0124730831
0.69320000,-0.0370154455
0.69324000,-0.030640807
0.69328000,-0.0264972914
0.69332000,0.00123239297
0.69336000,0.0155753326
0.69340000,0.0187626537
0.69344000,0.00792576466
0.69348000,-0.0226725079
0.69352000,-0.000679999008
0.69356000,-0.0427526236
0.69360000,-0.00514224684
0.69364000,-0.0226725079
0.69368000,-0.0239474345
0.69372000,-0.00546097895
0.69376000,-0.0143854748
0.69380000,-0.025222363
0.69384000,-0.0226725079
0.69388000,-0.0115168868
0.69392000,-0.0293658786
0.69396000,-0.0577330254
0.69400000,-0.0414776951
0.69404000,-0.0274534877
0.69408000,-0.0398840345
0.69412000,-0.0178915262
0.69416000,0.0127067454
0.69420000,-0.0319157355
0.69424000,0.00218858896
0.69428000,0.0171689931
0.69432000,0.0222687051
0.69436000,-0.001636195
0.69440000,0.0107943527
0.69444000,0.00983815733
0.69448000,0.0130254766
0.69452000,-0.0102419592
0.69456000,-0.00386731909
0.69460000,0.0200375803
0.69464000,0.0120692812
0.69468000,-0.0102419592
0.69472000,0.0133442087
0.69476000,-0.00418605097
0.69480000,-0.00609844318
0.69484000,-0.0204413831
0.69488000,-0.0217163116
0.69492000,-0.00386731909
0.69496000,-0.0226725079
0.69500000,-0.0150229391
0.69504000,-0.00832956657
0.69508000,0.000913660973
0.69512000,-0.00960449502
0.69516000,-0.0025923911
0.69520000,-0.0271347556
0.69524000,0.00601337291
0.69528000,-0.0025923911
0.69532000,0.0194001179
0.69536000,-0.00609844318
0.69540000,0.0104756206
0.69544000,0.00027619701
0.69548000,0.0149378693
0.69552000,0.0200375803
0.69556000,0.0257747564
0.69560000,-0.00227365899
0.69564000,0.0190813858
0.69568000,0.0194001179
0.69572000,-0.0204413831
0.69576000,-0.0280909501
0.69580000,-0.00992322713
0.69584000,0.0184439216
0.69588000,0.00123239297
0.69592000,-0.00801083539
0.69596000,0.00537590915
0.69600000,0.0254560243
0.69604000,-0.0115168868
0.69608000,-0.00960449502
0.69612000,-0.00482351519
0.69616000,-0.0293658786
0.69620000,-0.0287284143
0.69624000,-0.0284096822
0.69628000,-0.0446650162
0.69632000,-0.0309595391
0.69636000,-0.00322985509
0.69640000,-0.0405214988
0.69644000,-0.0287284143
0.69648000,-0.0188477226
0.69652000,-0.0360592492
0.69656000,-0.0287284143
0.69660000,-0.0185289904
0.69664000,-0.0156604033
0.69668000,-0.0315970033
0.69672000,0.000594928977
0.69676000,-0.00673590694
0.69680000,-0.00227365899
0.69684000,-0.0140667427
0.69688000,0.0407551602
0.69692000,0.0248185601
0.69696000,0.0334243253
0.69700000,0.0187626537
0.69704000,0.0235436335
0.69708000,0.0149378693
0.69712000,0.00473844493
0.69716000,-0.000998731004
0.69720000,0.0366116464
0.69724000,0.0190813858
0.69728000,0.00441971282
0.69732000,0.00410098117
0.69736000,-0.00450478308
0.69740000,-0.014704207
0.69744000,-0.0188477226
0.69748000,-0.0102419592
0.69752000,-0.00514224684
0.69756000,-0.001636195
0.69760000,-0.0204413831
0.69764000,-0.00928576291
0.69768000,-0.0025923911
0.69772000,-0.0389278382
0.69776000,-0.0300033428
0.69780000,-0.0417964272
0.69784000,-0.00227365899
0.69788000,-0.0166165996
0.69792000,0.00250732107
0.69796000,0.0280058812
0.69800000,0.0232249014
0.69804000,0.0382053033
0.69808000,-0.0025923911
0.69812000,0.0190813858
0.69816000,0.0633851364
0.69820000,0.0429862849
0.69824000,0.0289620776
0.69828000,0.0267309528
0.69832000,0.0111130849
0.69836000,0.0149378693
0.69840000,-0.00864829868
0.69844000,-0.00577971106
0.69848000,-0.044027552
0.69852000,-0.0131105473
0.69856000,-0.0338281281
0.69860000,-0.0137480106
0.69864000,-0.0274534877
0.69868000,-0.0210788473
0.69872000,-0.00769210281
0.69876000,-0.0255410951
0.69880000,-0.000998731004
0.69884000,0.00186985696
0.69888000,0.0184439216
0.69892000,-0.00896703079
0.69896000,0.0203563124
0.69900000,-0.012154351
0.69904000,0.00856322888
0.69908000,0.0280058812
0.69912000,0.0149378693
0.69916000,0.0334243253
0.69920000,0.0222687051
0.69924000,-0.00896703079
0.69928000,-0.0118356189
0.69932000,-0.0198039189
0.69936000,-0.00482351519
0.69940000,0.0359741822
0.69944000,-0.00928576291
0.69948000,-0.0115168868
0.69952000,0.0174877252
0.69956000,0.0130254766
0.69960000,0.0158940647
0.69964000,0.0238623656
0.69968000,0.0257747564
0.69972000,0.011431817
0.69976000,0.0299182739
0.69980000,0.0203563124
0.69984000,0.0133442087
0.69988000,0.000594928977
0.69992000,0.0350179859
0.69996000,0.0499983877
0.70000000,-0.0226725079
0.70004000,-0.0217163116
0.70008000,-0.0395653024
0.70012000,-0.0392465703
0.70016000,-0.0405214988
0.70020000,-0.062195275
0.70024000,-0.0379716419
0.70028000,0.0222687051
0.70032000,-0.000679999008
0.70036000,-0.001636195
0.70040000,0.014300405
0.70044000,0.00441971282
0.70048000,0.00282605295
0.70052000,0.0158940647
0.70056000,0.0149378693
0.70060000,0.0276871491
0.70064000,0.0232249014
0.70068000,-0.00227365899
0.70072000,0.0184439216
0.70076000,0.0327868611
0.70080000,0.0130254766
0.70084000,0.0187626537
0.70088000,-0.0331906639
0.70092000,-0.0140667427
0.70096000,-0.0169353317
0.70100000,-0.0191664547
0.70104000,0.00186985696
0.70108000,-0.0325531997
0.70112000,-0.020122651
0.70116000,-0.0277722199
0.70120000,0.0267309528
0.70124000,0.00951942522
0.70128000,-0.0239474345
0.70132000,0.00601337291
0.70136000,-0.00928576291
0.70140000,0.0146191372
0.70144000,0.00410098117
0.70148000,0.00856322888
0.70152000,-0.0175727941
0.70156000,0.0484047309
0.70160000,0.0684848428
0.70164000,0.0547793694
0.70168000,0.0617914721
0.70172000,0.0407551602
0.70176000,0.00123239297
0.70180000,0.0331055932
0.70184000,0.021949973
0.70188000,0.0158940647
0.70192000,-0.00641717482
0.70196000,-0.00386731909
0.70200000,-0.0153416712
0.70204000,-0.0360592492
0.70208000,-0.044027552
0.70212000,0.0321493968
0.70216000,-0.0370154455
0.70220000,-0.11606098
0.70224000,-0.0472148694
0.70228000,-0.0398840345
0.70232000,-0.0430713557
0.70236000,-0.0513583869
0.70240000,0.00186985696
0.70244000,-0.044027552
0.70248000,-0.00737337116
0.70252000,-0.0370154455
0.70256000,0.000913660973
0.70260000,0.00346351694
0.70264000,0.00951942522
0.70268000,-0.0143854748
0.70272000,0.011431817
0.70276000,0.0318306647
0.70280000,0.0200375803
0.70284000,0.0445799455
0.70288000,0.0311932005
0.70292000,0.0340617895
0.70296000,0.0111130849
0.70300000,0.00314478506
0.70304000,0.0433050171
0.70308000,0.0181251895
0.70312000,0.0111130849
0.70316000,-0.00546097895
0.70320000,-0.0255410951
0.70324000,0.00314478506
0.70328000,-0.00769210281
0.70332000,-0.0153416712
0.70336000,-0.0124730831
0.70340000,-0.0255410951
0.70344000,-0.00291112298
0.70348000,-0.044027552
0.70352000,-0.0153416712
0.70356000,-0.051677119
0.70360000,-0.0127918152
0.70364000,-0.0242661666
0.70368000,0.0267309528
0.70372000,0.0267309528
0.70376000,-0.00864829868
0.70380000,0.050954584
0.70384000,0.0777280703
0.70388000,0.0633851364
0.70392000,0.0362929143
0.70396000,0.0369303785
0.70400000,0.0346992537
0.70404000,0.064341329
0.70408000,0.0452174097
0.70412000,0.0413926244
0.70416000,0.0598790795
0.70420000,0.0688035786
0.70424000,0.0356554501
0.70428000,0.0133442087
0.70432000,0.0146191372
0.70436000,-0.0242661666
0.70440000,-0.00195492711
0.70444000,-0.0532707796
0.70448000,-0.0280909501
0.70452000,-0.038290374
0.70456000,-0.0191664547
0.70460000,-0.0264972914
0.70464000,-0.0284096822
0.70468000,-0.0242661666
0.70472000,-0.0185289904
0.70476000,-0.0331906639
0.70480000,-0.0357405208
0.70484000,-0.0115168868
0.70488000,-0.0296846107
0.70492000,-0.000998731004
0.70496000,0.0203563124
0.70500000,0.00314478506
0.70504000,0.0417113565
0.70508000,0.0391614996
0.70512000,0.0318306647
0.70516000,0.0104756206
0.70520000,0.0158940647
0.70524000,0.0346992537
0.70528000,0.0184439216
0.70532000,-0.00641717482
0.70536000,0.0302370042
0.70540000,0.00920069311
0.70544000,-0.0166165996
0.70548000,0.0295995418
0.70552000,0.00824449677
0.70556000,-0.012154351
0.70560000,0.00186985696
0.70564000,0.0139816729
0.70568000,-0.00546097895
0.70572000,-0.0102419592
0.70576000,0.00218858896
0.70580000,0.0056946408
0.70584000,-0.00195492711
0.70588000,-0.00609844318
0.70592000,-0.00609844318
0.70596000,0.0056946408
0.70600000,-0.0178915262
0.70604000,-0.0264972914
0.70608000,-0.000998731004
0.70612000,-0.001317463
0.70616000,-0.0131105473
0.70620000,0.0149378693
0.70624000,0.0139816729
0.70628000,0.011431817
0.70632000,-0.00482351519
0.70636000,-0.0127918152
0.70640000,0.00856322888
0.70644000,0.0238623656
0.70648000,0.0372491106
0.70652000,-0.000679999008
0.70656000,0.00601337291
0.70660000,0.0362929143
0.70664000,0.0433050171
0.70668000,-0.0217163116
0.70672000,-0.00482351519
0.70676000,0.0178064574
0.70680000,-0.0156604033
0.70684000,-0.0204413831
0.70688000,-0.0258598272
0.70692000,-0.0223537758
0.70696000,-0.0319157355
0.70700000,-0.0210788473
0.70704000,-0.0405214988
0.70708000,-0.030640807
0.70712000,-0.0140667427
0.70716000,-0.0249036308
0.70720000,-0.0331906639
0.70724000,-0.0127918152
0.70728000,-0.0115168868
0.70732000,-0.0102419592
0.70736000,-0.0150229391
0.70740000,-0.0102419592
0.70744000,-0.0220350437
0.70748000,-0.0191664547
0.70752000,0.00441971282
0.70756000,-0.0102419592
0.70760000,0.0181251895
0.70764000,0.0362929143
0.70768000,0.0165315289
0.70772000,0.0244998299
0.70776000,0.0289620776
0.70780000,0.0433050171
0.70784000,0.0225874372
0.70788000,0.0276871491
0.70792000,0.0340617895
0.70796000,-0.000998731004
0.70800000,-0.0127918152
0.70804000,0.00186985696
0.70808000,0.00792576466
0.70812000,-0.0105606914
0.70816000,-0.00354858697
0.70820000,-0.0204413831
0.70824000,-0.001317463
0.70828000,-0.0303220749
0.70832000,-0.001636195
0.70836000,0.00123239297
0.70840000,-0.0210788473
0.70844000,-0.014704207
0.70848000,-0.00227365899
0.70852000,-0.0191664547
0.70856000,-0.0637889355
0.70860000,-0.0178915262
0.70864000,-0.0303220749
0.70868000,-0.0424338914
0.70872000,-0.0115168868
0.70876000,-0.00864829868
0.70880000,0.00473844493
0.70884000,-0.00992322713
0.70888000,0.0235436335
0.70892000,0.0487234592
0.70896000,0.0302370042
0.70900000,0.0378865711
0.70904000,0.0439424813
0.70908000,0.0735845566
0.70912000,0.0289620776
0.70916000,0.0382053033
0.70920000,0.0362929143
0.70924000,0.0149378693
0.70928000,0.0197188482
0.70932000,0.0499983877
0.70936000,0.0206750445
0.70940000,0.00920069311
0.70944000,0.0490421914
0.70948000,-0.00673590694
0.70952000,-0.0131105473
0.70956000,-0.0124730831
0.70960000,-0.0137480106
0.70964000,-0.0143854748
0.70968000,-0.001317463
0.70972000,0.00856322888
0.70976000,-0.00450478308
0.70980000,0.0194001179
0.70984000,-0.0188477226
0.70988000,0.00346351694
0.70992000,0.00473844493
0.70996000,0.00792576466
0.71000000,0.000594928977
0.71004000,0.0238623656
0.71008000,0.0152566014
0.71012000,-0.001317463
0.71016000,0.0165315289
0.71020000,-0.00896703079
0.71024000,0.00027619701
0.71028000,0.00983815733
0.71032000,-0.001636195
0.71036000,0.016850261
0.71040000,0.0174877252
0.71044000,-0.00769210281
0.71048000,-0.012154351
0.71052000,-0.0111981547
0.71056000,-0.0271347556
0.71060000,-0.0255410951
0.71064000,-0.033509396
0.71068000,-0.0484897979
0.71072000,-0.0443462841
0.71076000,-0.030640807
0.71080000,-0.0491272621
0.71084000,-0.0191664547
0.71088000,-0.0182102583
0.71092000,-0.0417964272
0.71096000,-0.0105606914
0.71100000,0.00665083714
0.71104000,-0.0194851868
0.71108000,-0.0115168868
0.71112000,0.0139816729
0.71116000,-0.000679999008
0.71120000,-4.25350008e-05
0.71124000,0.00696956879
0.71128000,0.00314478506
0.71132000,0.0267309528
0.71136000,0.0238623656
0.71140000,0.00186985696
0.71144000,0.0216312408
0.71148000,0.0375678428
0.71152000,0.00824449677
0.71156000,0.00282605295
0.71160000,0.0216312408
0.71164000,0.00282605295
0.71168000,0.0107943527
0.71172000,0.0200375803
0.71176000,-0.0245848987
0.71180000,-0.0166165996
0.71184000,-0.00928576291
0.71188000,-0.00482351519
0.71192000,-0.000679999008
0.71196000,-0.012154351
0.71200000,-0.0280909501
0.71204000,-0.000998731004
0.71208000,-0.00641717482
0.71212000,-0.038290374
0.71216000,-0.00769210281
0.71220000,-0.00227365899
0.71224000,0.0158940647
0.71228000,-0.00769210281
0.71232000,0.0123880133
0.71236000,-0.0156604033
0.71240000,0.0139816729
0.71244000,0.0158940647
0.71248000,0.00186985696
0.71252000,-0.00514224684
0.71256000,-0.0108794225
0.71260000,-0.00291112298
0.71264000,-0.0115168868
0.71268000,0.0184439216
0.71272000,-0.00769210281
0.71276000,0.00250732107
0.71280000,-0.00322985509
0.71284000,0.0136629408
0.71288000,0.0139816729
0.71292000,0.0133442087
0.71296000,0.0305557363
0.71300000,0.0331055932
0.71304000,0.0499983877
0.71308000,0.0260934886
0.71312000,0.0254560243
0.71316000,0.0276871491
0.71320000,0.00920069311
0.71324000,0.0107943527
0.71328000,0.0101568894
0.71332000,-0.00291112298
0.71336000,-0.0274534877
0.71340000,0.00760703301
0.71344000,0.00473844493
0.71348000,-0.0274534877
0.71352000,-0.0236287024
0.71356000,-0.033509396
0.71360000,-0.0405214988
0.71364000,-0.0389278382
0.71368000,-0.0379716419
0.71372000,-0.062195275
0.71376000,-0.0405214988
0.71380000,-0.0481710657
0.71384000,-0.0672949851
0.71388000,-0.0947059393
0.71392000,-0.077813141
0.71396000,-0.0612390786
0.71400000,-0.0848252475
0.71404000,-0.0886500329
0.71408000,-0.0787693411
0.71412000,-0.0892874971
0.71416000,-0.0574142933
0.71420000,-0.0692073777
0.71424000,-0.038290374
0.71428000,-0.0322344676
0.71432000,0.00250732107
0.71436000,0.0289620776
0.71440000,0.0378865711
0.71444000,0.0754969493
0.71448000,0.0531857088
0.71452000,0.0560542978
0.71456000,0.0477672666
0.71460000,0.0770906061
0.71464000,0.0592416152
0.71468000,0.0652975217
0.71472000,0.0605165437
0.71476000,0.0496796556
0.71480000,0.0499983877
0.71484000,0.0640226007
0.71488000,0.0343805216
0.71492000,0.0410738923
0.71496000,0.0260934886
0.71500000,0.0295995418
0.71504000,0.011431817
0.71508000,0.00601337291
0.71512000,0.011431817
0.71516000,-0.000679999008
0.71520000,0.00250732107
0.71524000,-0.0108794225
0.71528000,-0.0366967134
0.71532000,-0.0255410951
0.71536000,-0.0261785593
0.71540000,-0.0274534877
0.71544000,-0.0427526236
0.71548000,0.00505717704
0.71552000,-0.00864829868
0.71556000,-0.00577971106
0.71560000,-0.00737337116
0.71564000,-0.00227365899
0.71568000,0.0178064574
0.71572000,0.0254560243
0.71576000,0.0308744684
0.71580000,0.0200375803
0.71584000,-0.001317463
0.71588000,-0.0134292794
0.71592000,0.00123239297
0.71596000,-0.033509396
0.71600000,-0.044027552
0.71604000,-0.0178915262
0.71608000,-0.0408402309
0.71612000,-0.0535895117
0.71616000,-0.054545708
0.71620000,-0.0720759705
0.71624000,-0.0395653024
0.71628000,-0.0290471464
0.71632000,-0.0427526236
0.71636000,-0.0210788473
0.71640000,0.0056946408
0.71644000,-0.00227365899
0.71648000,0.00824449677
0.71652000,0.021949973
0.71656000,0.0385240354
0.71660000,0.0178064574
0.71664000,0.0194001179
0.71668000,0.0286433455
0.71672000,0.00346351694
0.71676000,-0.00992322713
0.71680000,0.0213125087
0.71684000,-0.0188477226
0.71688000,-0.00418605097
0.71692000,-0.0166165996
0.71696000,-0.0351030566
0.71700000,-0.0271347556
0.71704000,-0.0472148694
0.71708000,-0.0191664547
0.71712000,0.00218858896
0.71716000,-0.0229912382
0.71720000,-0.0363779813
0.71724000,-0.0198039189
0.71728000,-0.0162978675
0.71732000,-0.0111981547
0.71736000,-0.00641717482
0.71740000,-0.001317463
0.71744000,0.0203563124
0.71748000,0.0292808097
0.71752000,0.0264122207
0.71756000,0.0394802317
0.71760000,0.0474485345
0.71764000,0.0308744684
0.71768000,-0.00705463905
0.71772000,0.0232249014
0.71776000,0.0209937766
0.71780000,-0.0127918152
0.71784000,0.00346351694
0.71788000,-0.0204413831
0.71792000,-0.0437088199
0.71796000,-0.0583704896
0.71800000,-0.0797255337
0.71804000,-0.0915186182
0.71808000,-0.100443117
0.71812000,-0.0421151593
0.71816000,-0.102992974
0.71820000,-0.0354217887
0.71824000,-0.0127918152
0.71828000,-0.0370154455
0.71832000,-0.0315970033
0.71836000,-0.0395653024
0.71840000,-0.0111981547
0.71844000,0.0248185601
0.71848000,0.0350179859
0.71852000,0.064341329
0.71856000,0.091114819
0.71860000,0.0656162575
0.71864000,0.0745407566
0.71868000,0.0732658282
0.71872000,0.0656162575
0.71876000,0.0471298024
0.71880000,0.0401176959
0.71884000,0.0311932005
0.71888000,0.00601337291
0.71892000,0.000594928977
0.71896000,-0.00992322713
0.71900000,0.0139816729
0.71904000,0.000594928977
0.71908000,0.00633210503
0.71912000,-0.00641717482
0.71916000,0.00027619701
0.71920000,0.00633210503
0.71924000,-0.0108794225
0.71928000,0.0072883009
0.71932000,0.00601337291
0.71936000,-0.0115168868
0.71940000,0.000913660973
0.71944000,0.0528669767
0.71948000,0.0589228868
0.71952000,0.085377641
0.71956000,0.0790029988
0.71960000,0.0675286502
0.71964000,0.0621102042
0.71968000,0.00314478506
0.71972000,0.00218858896
0.71976000,-0.00450478308
0.71980000,-0.0666575208
0.71984000,-0.0290471464
0.71988000,-0.0762194842
0.71992000,-0.0567768328
0.71996000,-0.077813141
0.72000000,-0.0774944127
0.72004000,-0.088331297
0.72008000,-0.0956621319
0.72012000,-0.115742251
0.72016000,-0.109048881
0.72020000,-0.134547442
0.72024000,-0.109048881
0.72028000,-0.0739883557
0.72032000,-0.0634701997
0.72036000,-0.00418605097
0.72040000,-0.0156604033
0.72044000,-0.0198039189
0.72048000,0.0216312408
0.72052000,0.0229061693
0.72056000,0.00983815733
0.72060000,0.00186985696
0.72064000,0.0547793694
0.72068000,0.0401176959
0.72072000,0.00633210503
0.72076000,0.0366116464
0.72080000,-0.0220350437
0.72084000,-0.0210788473
0.72088000,0.0305557363
0.72092000,0.0072883009
0.72096000,-0.001317463
0.72100000,0.0487234592
0.72104000,0.0260934886
0.72108000,-0.012154351
0.72112000,0.0130254766
0.72116000,-0.00960449502
0.72120000,0.0624289364
0.72124000,0.00410098117
0.72128000,0.0675286502
0.72132000,0.0605165437
0.72136000,0.0617914721
0.72140000,0.0633851364
0.72144000,0.0378865711
0.72148000,-0.00386731909
0.72152000,0.0611540079
0.72156000,0.0455361418
0.72160000,0.0477672666
0.72164000,0.0608352758
0.72168000,0.00186985696
0.72172000,-0.0124730831
0.72176000,-0.0127918152
0.72180000,0.0496796556
0.72184000,-0.00641717482
0.72188000,0.00473844493
0.72192000,-0.00992322713
0.72196000,-0.0300033428
0.72200000,-0.0220350437
0.72204000,-0.0880125687
0.72208000,-0.0653825924
0.72212000,-0.0433900878
0.72216000,-0.0672949851
0.72220000,-0.0583704896
0.72224000,-0.0771756768
0.72228000,-0.0641076639
0.72232000,-0.00960449502
0.72236000,-0.044027552
0.72240000,-0.0213975795
0.72244000,-0.0475336015
0.72248000,-0.0405214988
0.72252000,-0.0408402309
0.72256000,0.000594928977
0.72260000,-0.0344655924
0.72264000,-0.0182102583
0.72268000,0.0174877252
0.72272000,-0.0319157355
0.72276000,-0.0449837483
0.72280000,-0.00960449502
0.72284000,0.00441971282
0.72288000,-0.000361267012
0.72292000,-0.0236287024
0.72296000,0.0133442087
0.72300000,-0.000361267012
0.72304000,0.0366116464
0.72308000,-0.000679999008
0.72312000,0.0209937766
0.72316000,-0.025222363
0.72320000,-0.0172540639
0.72324000,0.0194001179
0.72328000,-0.0025923911
0.72332000,-0.00864829868
0.72336000,-0.000679999008
0.72340000,0.0327868611
0.72344000,-0.0331906639
0.72348000,-0.0274534877
0.72352000,0.0206750445
0.72356000,-0.0953434035
0.72360000,0.016850261
0.72364000,0.0522295125
0.72368000,0.0280058812
0.72372000,0.0123880133
0.72376000,0.0302370042
0.72380000,0.0248185601
0.72384000,-0.00450478308
0.72388000,0.00282605295
0.72392000,0.0133442087
0.72396000,-0.0386091061
0.72400000,0.0181251895
0.72404000,0.0863338336
0.72408000,-0.001317463
0.72412000,-0.0233099703
0.72416000,0.00378224906
0.72420000,0.00505717704
0.72424000,-0.0529520474
0.72428000,0.00760703301
0.72432000,-0.0759007484
0.72436000,-0.0175727941
0.72440000,-0.00514224684
0.72444000,0.00760703301
0.72448000,-0.0376529098
0.72452000,-0.0443462841
0.72456000,-0.0249036308
0.72460000,-0.0529520474
0.72464000,-0.0580517575
0.72468000,-0.0194851868
0.72472000,-0.0331906639
0.72476000,-0.000679999008
0.72480000,-0.0519958511
0.72484000,0.0104756206
0.72488000,0.0362929143
0.72492000,-0.0249036308
0.72496000,-0.0290471464
0.72500000,-0.0484897979
0.72504000,-0.038290374
0.72508000,-0.00609844318
0.72512000,-0.00195492711
0.72516000,-0.00514224684
0.72520000,-0.00291112298
0.72524000,-0.00737337116
0.72528000,0.0331055932
0.72532000,0.0197188482
0.72536000,0.0206750445
0.72540000,0.0445799455
0.72544000,0.0433050171
0.72548000,0.0178064574
0.72552000,0.0248185601
0.72556000,0.040436428
0.72560000,0.0535044409
0.72564000,0.0107943527
0.72568000,0.0270496849
0.72572000,0.0544606373
0.72576000,0.0127067454
0.72580000,-0.00482351519
0.72584000,0.0280058812
0.72588000,0.00920069311
0.72592000,0.00983815733
0.72596000,0.0213125087
0.72600000,-0.0268160235
0.72604000,0.000913660973
0.72608000,0.0181251895
0.72612000,-0.00832956657
0.72616000,-0.0500834584
0.72620000,-0.033509396
0.72624000,0.0171689931
0.72628000,0.00824449677
0.72632000,0.0136629408
0.72636000,-0.0287284143
0.72640000,-0.038290374
0.72644000,-0.0134292794
0.72648000,-0.00418605097
0.72652000,-0.0500834584
0.72656000,-0.0723946989
0.72660000,-0.0947059393
0.72664000,-0.0653825924
0.72668000,-0.0131105473
0.72672000,-0.0685699135
0.72676000,-0.0596454181
0.72680000,-0.0217163116
0.72684000,-0.0322344676
0.72688000,-0.0810004622
0.72692000,-0.0985307246
0.72696000,-0.0529520474
0.72700000,-0.041158963
0.72704000,-0.0280909501
0.72708000,-0.0504021905
0.72712000,-0.025222363
0.72716000,-0.00896703079
0.72720000,0.00123239297
0.72724000,-0.0025923911
0.72728000,0.00314478506
0.72732000,0.0158940647
0.72736000,0.00696956879
0.72740000,0.00824449677
0.72744000,0.0127067454
0.72748000,0.0420300886
0.72752000,0.0152566014
0.72756000,0.016850261
0.72760000,0.0107943527
0.72764000,0.0369303785
0.72768000,0.0194001179
0.72772000,0.0254560243
0.72776000,0.0541419052
0.72780000,0.0286433455
0.72784000,0.0216312408
0.72788000,0.0292808097
0.72792000,0.0264122207
0.72796000,0.0382053033
0.72800000,0.00696956879
0.72804000,0.00410098117
0.72808000,-0.00928576291
0.72812000,0.0123880133
0.72816000,0.00378224906
0.72820000,0.00250732107
0.72824000,0.0072883009
0.72828000,-0.0331906639
0.72832000,-0.00609844318
0.72836000,0.0174877252
0.72840000,0.00792576466
0.72844000,-0.0277722199
0.72848000,-0.0360592492
0.72852000,-0.0392465703
0.72856000,0.0155753326
0.72860000,0.0595603473
0.72864000,0.00250732107
0.72868000,-0.0293658786
0.72872000,0.00218858896
0.72876000,-0.00195492711
0.72880000,-0.0217163116
0.72884000,0.0229061693
0.72888000,-0.000679999008
0.72892000,-0.0347843245
0.72896000,0.0232249014
0.72900000,0.0111130849
0.72904000,-0.0344655924
0.72908000,-0.00992322713
0.72912000,0.0318306647
0.72916000,0.00123239297
0.72920000,0.0452174097
0.72924000,0.0229061693
0.72928000,0.0203563124
0.72932000,0.0174877252
0.72936000,0.064341329
0.72940000,0.0566917621
0.72944000,0.0541419052
0.72948000,0.0356554501
0.72952000,0.0617914721
0.72956000,0.0372491106
0.72960000,0.0241810977
0.72964000,0.0362929143
0.72968000,0.0786842704
0.72972000,0.0334243253
0.72976000,0.0334243253
0.72980000,0.0426675528
0.72984000,-0.0169353317
0.72988000,-0.0481710657
0.72992000,-0.0727134347
0.72996000,-0.0280909501
0.73000000,-0.0264972914
0.73004000,-0.0519958511
0.73008000,-0.0612390786
0.73012000,-0.0481710657
0.73016000,-0.0701635778
0.73020000,-0.109686345
0.73024000,-0.103630438
0.73028000,-0.0711197704
0.73032000,-0.101718046
0.73036000,-0.0838690475
0.73040000,-0.0934310108
0.73044000,-0.0784506053
0.73048000,-0.062195275
0.73052000,-0.0969370604
0.73056000,-0.0908811539
0.73060000,-0.07558202
0.73064000,-0.0484897979
0.73068000,-0.0223537758
0.73072000,-0.0137480106
0.73076000,-0.0274534877
0.73080000,-0.0389278382
0.73084000,-0.0102419592
0.73088000,-0.0338281281
0.73092000,-0.00705463905
0.73096000,0.021949973
0.73100000,0.0203563124
0.73104000,-0.001317463
0.73108000,0.00186985696
0.73112000,0.00378224906
0.73116000,-0.00864829868
0.73120000,0.0155753326
0.73124000,0.0162127968
0.73128000,0.0343805216
0.73132000,0.0251372922
0.73136000,0.0372491106
0.73140000,0.0206750445
0.73144000,0.0350179859
0.73148000,0.0429862849
0.73152000,0.0474485345
0.73156000,0.0190813858
0.73160000,0.0359741822
0.73164000,-0.000361267012
0.73168000,0.00186985696
0.73172000,0.00983815733
0.73176000,0.0190813858
0.73180000,-0.0229912382
0.73184000,-0.001317463
0.73188000,0.00473844493
0.73192000,-0.020122651
0.73196000,-0.041158963
0.73200000,-0.0249036308
0.73204000,-0.0194851868
0.73208000,-0.0191664547
0.73212000,0.00250732107
0.73216000,0.0190813858
0.73220000,-0.000679999008
0.73224000,0.014300405
0.73228000,0.0420300886
0.73232000,0.0445799455
0.73236000,0.0563730299
0.73240000,0.0535044409
0.73244000,0.00951942522
0.73248000,0.0382053033
0.73252000,0.0888836905
0.73256000,0.0570104942
0.73260000,0.0209937766
0.73264000,0.06147274
0.73268000,0.0611540079
0.73272000,0.0385240354
0.73276000,0.0445799455
0.73280000,0.0267309528
0.73284000,0.0299182739
0.73288000,0.0448986776
0.73292000,0.0270496849
0.73296000,0.0318306647
0.73300000,0.0139816729
0.73304000,-0.0162978675
0.73308000,0.00314478506
0.73312000,-0.00450478308
0.73316000,0.0072883009
0.73320000,-0.00514224684
0.73324000,0.00633210503
0.73328000,-0.0239474345
0.73332000,-0.0402027667
0.73336000,-0.0465774052
0.73340000,-0.0268160235
0.73344000,-0.0408402309
0.73348000,-0.0233099703
0.73352000,-0.0280909501
0.73356000,-0.0236287024
0.73360000,-0.0185289904
0.73364000,0.0136629408
0.73368000,-0.0319157355
0.73372000,-0.0386091061
0.73376000,-0.0229912382
0.73380000,-0.0198039189
0.73384000,-0.0166165996
0.73388000,-0.00514224684
0.73392000,-0.0319157355
0.73396000,-0.0134292794
0.73400000,-0.00705463905
0.73404000,-0.0159791354
0.73408000,-0.0105606914
0.73412000,0.00983815733
0.73416000,-0.000998731004
0.73420000,0.0225874372
0.73424000,0.0127067454
0.73428000,0.00505717704
0.73432000,-0.000998731004
0.73436000,0.0241810977
0.73440000,0.0155753326
0.73444000,0.0146191372
0.73448000,0.0283246133
0.73452000,-0.0134292794
0.73456000,0.00505717704
0.73460000,-4.25350008e-05
0.73464000,0.00218858896
0.73468000,0.00856322888
0.73472000,0.0127067454
0.73476000,-0.0284096822
0.73480000,-0.0150229391
0.73484000,-0.0217163116
0.73488000,-0.0344655924
0.73492000,0.00250732107
0.73496000,0.00250732107
0.73500000,0.0216312408
0.73504000,0.0547793694
0.73508000,0.0232249014
0.73512000,0.00696956879
0.73516000,-0.00514224684
0.73520000,0.0391614996
0.73524000,0.0563730299
0.73528000,0.0375678428
0.73532000,0.0130254766
0.73536000,0.0461736061
0.73540000,0.0493609235
0.73544000,0.0397989638
0.73548000,0.0388427675
0.73552000,0.0283246133
0.73556000,0.00505717704
0.73560000,0.0391614996
0.73564000,0.0340617895
0.73568000,0.0299182739
0.73572000,0.00282605295
0.73576000,-0.0242661666
0.73580000,-0.00291112298
0.73584000,0.0120692812
0.73588000,-0.04880853
0.73592000,-0.0446650162
0.73596000,-0.0583704896
0.73600000,-0.0427526236
0.73604000,-0.041158963
0.73608000,-0.0108794225
0.73612000,-0.038290374
0.73616000,0.00314478506
0.73620000,0.000913660973
0.73624000,0.0104756206
0.73628000,-0.00832956657
0.73632000,-4.25350008e-05
0.73636000,-0.0159791354
0.73640000,-0.030640807
0.73644000,-0.030640807
0.73648000,-0.00577971106
0.73652000,-0.051677119
0.73656000,-0.00418605097
0.73660000,-0.00227365899
0.73664000,-0.00322985509
0.73668000,-0.051677119
0.73672000,0.0104756206
0.73676000,-0.0414776951
0.73680000,-0.0159791354
0.73684000,-0.0303220749
0.73688000,-0.0328719318
0.73692000,-0.0577330254
0.73696000,-0.0586892217
0.73700000,-0.0453024805
0.73704000,-0.0481710657
0.73708000,-0.0258598272
0.73712000,-0.0408402309
0.73716000,-0.0105606914
0.73720000,-0.0236287024
0.73724000,-0.0143854748
0.73728000,-0.0194851868
0.73732000,0.0178064574
0.73736000,0.00856322888
0.73740000,-0.0226725079
0.73744000,0.00378224906
0.73748000,-0.00514224684
0.73752000,-0.0124730831
0.73756000,-0.00514224684
0.73760000,0.0397989638
0.73764000,0.00824449677
0.73768000,0.0461736061
0.73772000,0.0464923382
0.73776000,0.0751782134
0.73780000,0.0420300886
0.73784000,0.0535044409
0.73788000,0.0471298024
0.73792000,0.0531857088
0.73796000,0.0152566014
0.73800000,-0.0315970033
0.73804000,-0.00864829868
0.73808000,-0.0217163116
0.73812000,-0.0325531997
0.73816000,-4.25350008e-05
0.73820000,-0.00291112298
0.73824000,-0.00291112298
0.73828000,0.0107943527
0.73832000,0.0213125087
0.73836000,0.0299182739
0.73840000,0.0139816729
0.73844000,0.00027619701
0.73848000,-0.00354858697
0.73852000,0.00378224906
0.73856000,0.0165315289
0.73860000,0.0120692812
0.73864000,0.0165315289
0.73868000,-0.00322985509
0.73872000,0.0187626537
0.73876000,0.0241810977
0.73880000,0.0394802317
0.73884000,0.0308744684
0.73888000,0.0340617895
0.73892000,0.0162127968
0.73896000,0.0292808097
0.73900000,-0.00354858697
0.73904000,-0.0236287024
0.73908000,-0.030640807
0.73912000,-0.001317463
0.73916000,-0.0255410951
0.73920000,-0.0529520474
0.73924000,-0.0319157355
0.73928000,-0.0370154455
0.73932000,-0.0519958511
0.73936000,-0.04880853
0.73940000,-0.0427526236
0.73944000,-0.0357405208
0.73948000,-0.038290374
0.73952000,-0.0344655924
0.73956000,-0.0433900878
0.73960000,-0.0443462841
0.73964000,-0.0191664547
0.73968000,-0.0280909501
0.73972000,0.00505717704
0.73976000,0.0194001179
0.73980000,0.0117505491
0.73984000,0.0203563124
0.73988000,0.016850261
0.73992000,0.000913660973
0.73996000,0.00218858896
0.74000000,-0.00992322713
0.74004000,-0.0150229391
0.74008000,-0.012154351
0.74012000,0.008881961
0.74016000,-0.00227365899
0.74020000,-0.00641717482
0.74024000,-0.000361267012
0.74028000,-0.0204413831
0.74032000,-0.0229912382
0.74036000,0.0104756206
0.74040000,0.000913660973
0.74044000,0.0139816729
0.74048000,-0.0379716419
0.74052000,0.00218858896
0.74056000,-0.0325531997
0.74060000,-0.0287284143
0.74064000,-0.041158963
0.74068000,0.0155753326
0.74072000,-0.0169353317
0.74076000,-0.0296846107
0.74080000,0.00123239297
0.74084000,-0.0264972914
0.74088000,-0.001317463
0.74092000,0.0130254766
0.74096000,-0.00514224684
0.74100000,-0.00705463905
0.74104000,0.0343805216
0.74108000,0.0442612134
0.74112000,0.00027619701
0.74116000,0.014300405
0.74120000,0.0056946408
0.74124000,0.0382053033
0.74128000,-0.00896703079
0.74132000,-0.00386731909
0.74136000,0.0127067454
0.74140000,0.0397989638
0.74144000,0.021949973
0.74148000,0.027368417
0.74152000,0.00186985696
0.74156000,0.0056946408
0.74160000,0.00920069311
0.74164000,-0.0255410951
0.74168000,-0.0185289904
0.74172000,-0.00801083539
0.74176000,-0.00801083539
0.74180000,-0.0194851868
0.74184000,-0.0264972914
0.74188000,-0.0462586768
0.74192000,-0.0198039189
0.74196000,-0.020122651
0.74200000,-0.0433900878
0.74204000,-0.0261785593
0.74208000,-0.0162978675
0.74212000,-0.0274534877
0.74216000,-0.00609844318
0.74220000,-0.0191664547
0.74224000,-0.0325531997
0.74228000,-0.0376529098
0.74232000,-0.0102419592
0.74236000,0.00696956879
0.74240000,-0.025222363
0.74244000,-0.00418605097
0.74248000,-0.00769210281
0.74252000,-0.0296846107
0.74256000,-0.0287284143
0.74260000,-0.0156604033
0.74264000,-0.00546097895
0.74268000,-0.0182102583
0.74272000,0.00218858896
0.74276000,-0.0220350437
0.74280000,-0.0185289904
0.74284000,-0.00705463905
0.74288000,-0.0303220749
0.74292000,-0.0258598272
0.74296000,-0.00832956657
0.74300000,-0.0198039189
0.74304000,-0.0131105473
0.74308000,-0.00960449502
0.74312000,0.00824449677
0.74316000,-0.0280909501
0.74320000,-0.00291112298
0.74324000,0.0334243253
0.74328000,0.0200375803
0.74332000,0.0394802317
0.74336000,0.0493609235
0.74340000,0.0487234592
0.74344000,0.0579666905
0.74348000,0.0630664006
0.74352000,0.0672099143
0.74356000,0.0955770686
0.74360000,0.0751782134
0.74364000,0.0264122207
0.74368000,0.0305557363
0.74372000,0.0340617895
0.74376000,0.0111130849
0.74380000,0.008881961
0.74384000,0.0197188482
0.74388000,0.0267309528
0.74392000,0.00696956879
0.74396000,0.00856322888
0.74400000,-0.00801083539
0.74404000,-0.0347843245
0.74408000,-0.00832956657
0.74412000,-0.038290374
0.74416000,-0.0328719318
0.74420000,-0.0153416712
0.74424000,-0.0169353317
0.74428000,-0.0258598272
0.74432000,-0.0229912382
0.74436000,0.0117505491
0.74440000,-0.0347843245
0.74444000,-0.0118356189
0.74448000,0.00473844493
0.74452000,-0.0312782712
0.74456000,-0.0338281281
0.74460000,-0.0159791354
0.74464000,-0.0338281281
0.74468000,-0.0618765429
0.74472000,-0.0414776951
0.74476000,-0.0296846107
0.74480000,0.000913660973
0.74484000,0.00537590915
0.74488000,-0.0271347556
0.74492000,0.00218858896
0.74496000,-0.0102419592
0.74500000,0.00696956879
0.74504000,-0.0220350437
0.74508000,0.0107943527
0.74512000,0.0222687051
0.74516000,0.0139816729
0.74520000,0.0133442087
0.74524000,0.0410738923
0.74528000,0.0382053033
0.74532000,0.0697597712
0.74536000,0.0327868611
0.74540000,0.00951942522
0.74544000,0.0187626537
0.74548000,0.0270496849
0.74552000,-0.00546097895
0.74556000,0.0318306647
0.74560000,0.00537590915
0.74564000,0.0213125087
0.74568000,0.00282605295
0.74572000,0.00633210503
0.74576000,-0.00960449502
0.74580000,-0.0143854748
0.74584000,-0.0296846107
0.74588000,-0.000361267012
0.74592000,-0.0182102583
0.74596000,0.0056946408
0.74600000,-0.00482351519
0.74604000,-0.0204413831
0.74608000,-0.0363779813
0.74612000,-0.00482351519
0.74616000,0.0072883009
0.74620000,0.0531857088
0.74624000,-0.0679324493
0.74628000,-0.0940684751
0.74632000,0.0254560243
0.74636000,-0.0402027667
0.74640000,-0.00227365899
0.74644000,0.0493609235
0.74648000,-0.000679999008
0.74652000,-0.033509396
0.74656000,0.0914335474
0.74660000,-0.0143854748
0.74664000,-0.0392465703
0.74668000,0.0254560243
0.74672000,0.0194001179
0.74676000,-0.0223537758
0.74680000,-0.00992322713
0.74684000,0.0194001179
0.74688000,0.00856322888
0.74692000,0.0292808097
0.74696000,-0.0284096822
0.74700000,-0.0373341776
0.74704000,0.00282605295
0.74708000,0.0123880133
0.74712000,0.00601337291
0.74716000,0.0197188482
0.74720000,-0.0156604033
0.74724000,0.0117505491
0.74728000,-0.0140667427
0.74732000,0.00186985696
0.74736000,0.0206750445
0.74740000,-0.00322985509
0.74744000,0.000913660973
0.74748000,0.0171689931
0.74752000,-0.00450478308
0.74756000,-0.0156604033
0.74760000,0.0194001179
0.74764000,0.0158940647
0.74768000,0.00441971282
0.74772000,-0.0153416712
0.74776000,-0.00960449502
0.74780000,-0.0217163116
0.74784000,-0.0322344676
0.74788000,-0.0242661666
0.74792000,-0.0427526236
0.74796000,-0.0229912382
0.74800000,-0.0319157355
0.74804000,-0.0127918152
0.74808000,-0.0175727941
0.74812000,-0.0025923911
0.74816000,-0.0261785593
0.74820000,-0.0309595391
0.74824000,-0.0319157355
0.74828000,-0.0408402309
0.74832000,-0.04880853
0.74836000,-0.0366967134
0.74840000,-0.04880853
0.74844000,-0.0456212126
0.74848000,-0.0414776951
0.74852000,-0.00386731909
0.74856000,-0.0341468602
0.74860000,-0.0185289904
0.74864000,0.0331055932
0.74868000,0.0703972355
0.74872000,0.0531857088
0.74876000,0.0512733161
0.74880000,0.0366116464
0.74884000,0.06147274
0.74888000,0.0372491106
0.74892000,0.0267309528
0.74896000,0.053823173
0.74900000,0.0681661144
0.74904000,0.0809153914
0.74908000,0.0429862849
0.74912000,0.0535044409
0.74916000,0.0394802317
0.74920000,0.0197188482
0.74924000,0.0209937766
0.74928000,0.0292808097
0.74932000,0.00473844493
0.74936000,-0.0118356189
0.74940000,0.0305557363
0.74944000,0.0318306647
0.74948000,-0.0025923911
0.74952000,0.00186985696
0.74956000,0.0190813858
0.74960000,-4.25350008e-05
0.74964000,0.021949973
0.74968000,0.0305557363
0.74972000,0.00505717704
0.74976000,-0.0143854748
0.74980000,-0.00322985509
0.74984000,0.00346351694
0.74988000,0.0184439216
0.74992000,0.0318306647
0.74996000,0.0171689931
0.75000000,0.00186985696
0.75004000,0.0286433455
0.75008000,0.0101568894
0.75012000,0.0149378693
0.75016000,0.0171689931
0.75020000,0.014300405
0.75024000,0.0104756206
0.75028000,-0.0143854748
0.75032000,0.00951942522
0.75036000,-0.00322985509
0.75040000,-0.0459399447
0.75044000,-0.0363779813
0.75048000,-0.0504021905
0.75052000,-0.0558206365
0.75056000,-0.081319198
0.75060000,-0.0331906639
0.75064000,-0.0261785593
0.75068000,-0.0459399447
0.75072000,-0.0389278382
0.75076000,-0.0242661666
0.75080000,0.0468110703
0.75084000,0.00696956879
0.75088000,0.0194001179
0.75092000,-0.001317463
0.75096000,0.00123239297
0.75100000,0.0178064574
0.75104000,0.0133442087
0.75108000,0.0343805216
0.75112000,0.0238623656
0.75116000,-0.00641717482
0.75120000,0.0197188482
0.75124000,0.0496796556
0.75128000,0.0127067454
0.75132000,-0.00418605097
0.75136000,0.0194001179
0.75140000,0.0426675528
0.75144000,-0.0223537758
0.75148000,0.00378224906
0.75152000,0.0276871491
0.75156000,0.0206750445
0.75160000,0.00760703301
0.75164000,-0.0169353317
0.75168000,-0.0261785593
0.75172000,-0.0156604033
0.75176000,-0.025222363
0.75180000,0.0283246133
0.75184000,0.011431817
0.75188000,-0.0258598272
0.75192000,0.000594928977
0.75196000,0.000594928977
0.75200000,-0.0453024805
0.75204000,-0.001317463
0.75208000,0.0260934886
0.75212000,0.00951942522
0.75216000,0.0318306647
0.75220000,0.0573292263
0.75224000,-0.0134292794
0.75228000,0.0178064574
0.75232000,0.0382053033
0.75236000,-0.00896703079
0.75240000,-0.0274534877
0.75244000,0.00760703301
0.75248000,-0.00546097895
0.75252000,0.00123239297
0.75256000,0.00951942522
0.75260000,0.00123239297
0.75264000,-0.00291112298
0.75268000,0.00314478506
0.75272000,-0.00960449502
0.75276000,0.00410098117
0.75280000,-0.0143854748
0.75284000,0.00123239297
0.75288000,-0.0124730831
0.75292000,-0.00992322713
0.75296000,-0.0217163116
0.75300000,0.00027619701
0.75304000,0.0056946408
0.75308000,-0.0264972914
0.75312000,-0.0217163116
0.75316000,-0.000361267012
0.75320000,-0.00450478308
0.75324000,-0.000361267012
0.75328000,-0.0131105473
0.75332000,-0.0140667427
0.75336000,-0.00928576291
0.75340000,-0.025222363
0.75344000,-4.25350008e-05
0.75348000,0.00633210503
0.75352000,0.0130254766
0.75356000,-0.00354858697
0.75360000,0.0184439216
0.75364000,0.0123880133
0.75368000,0.00314478506
0.75372000,0.00473844493
0.75376000,0.0107943527
0.75380000,0.00410098117
0.75384000,-0.00546097895
0.75388000,0.0146191372
0.75392000,0.000913660973
0.75396000,-0.0025923911
0.75400000,-0.00960449502
0.75404000,-0.0137480106
0.75408000,-0.0233099703
0.75412000,0.0111130849
0.75416000,-0.0124730831
0.75420000,-0.0258598272
0.75424000,-0.0153416712
0.75428000,-0.0143854748
0.75432000,-0.0223537758
0.75436000,-0.00577971106
0.75440000,-0.0338281281
0.75444000,-0.0169353317
0.75448000,0.0181251895
0.75452000,0.016850261
0.75456000,-0.0175727941
0.75460000,0.016850261
0.75464000,0.0184439216
0.75468000,0.00824449677
0.75472000,0.0350179859
0.75476000,0.0152566014
0.75480000,0.0117505491
0.75484000,0.0586041547
0.75488000,0.0264122207
0.75492000,0.0560542978
0.75496000,0.0586041547
0.75500000,0.0672099143
0.75504000,0.0327868611
0.75508000,0.0356554501
0.75512000,0.0397989638
0.75516000,0.0448986776
0.75520000,0.0356554501
0.75524000,0.0225874372
0.75528000,0.0235436335
0.75532000,0.0127067454
0.75536000,-0.00992322713
0.75540000,-0.00322985509
0.75544000,-0.020122651
0.75548000,-0.00960449502
0.75552000,0.00123239297
0.75556000,-0.020122651
0.75560000,-0.0309595391
0.75564000,-0.00514224684
0.75568000,-0.020122651
0.75572000,-0.0535895117
0.75576000,-0.0229912382
0.75580000,-0.0331906639
0.75584000,-0.0303220749
0.75588000,-0.0357405208
0.75592000,-0.0351030566
0.75596000,-0.0484897979
0.75600000,-0.0535895117
0.75604000,-0.0249036308
0.75608000,-0.0386091061
0.75612000,-0.0417964272
0.75616000,-0.051677119
0.75620000,-0.0325531997
0.75624000,-0.0220350437
0.75628000,-0.041158963
0.75632000,-0.0363779813
0.75636000,-0.0421151593
0.75640000,-0.0443462841
0.75644000,-0.0723946989
0.75648000,-0.0373341776
0.75652000,-0.0303220749
0.75656000,-0.0217163116
0.75660000,-0.0137480106
0.75664000,-0.0357405208
0.75668000,-0.020122651
0.75672000,-0.0137480106
0.75676000,-0.0223537758
0.75680000,-0.000361267012
0.75684000,-0.00291112298
0.75688000,0.000594928977
0.75692000,-0.000679999008
0.75696000,0.0213125087
0.75700000,0.0127067454
0.75704000,-0.0360592492
0.75708000,0.00473844493
0.75712000,-0.0115168868
0.75716000,-0.00322985509
0.75720000,-0.00769210281
0.75724000,-0.030640807
0.75728000,-0.030640807
0.75732000,-0.0223537758
0.75736000,-0.0115168868
0.75740000,-0.0175727941
0.75744000,-0.030640807
0.75748000,-0.0280909501
0.75752000,-0.0373341776
0.75756000,-0.0331906639
0.75760000,-0.00992322713
0.75764000,-0.0437088199
0.75768000,-0.044027552
0.75772000,-0.0198039189
0.75776000,-0.0115168868
0.75780000,-0.0370154455
0.75784000,-0.0370154455
0.75788000,-0.014704207
0.75792000,-0.0433900878
0.75796000,-0.0156604033
0.75800000,-0.0175727941
0.75804000,-0.0198039189
0.75808000,-0.0255410951
0.75812000,-0.0408402309
0.75816000,-0.0277722199
0.75820000,-0.0395653024
0.75824000,-0.0137480106
0.75828000,0.0190813858
0.75832000,0.0203563124
0.75836000,0.00760703301
0.75840000,-0.0131105473
0.75844000,-0.0134292794
0.75848000,-0.00514224684
0.75852000,0.0464923382
0.75856000,-0.0182102583
0.75860000,0.0229061693
0.75864000,0.0343805216
0.75868000,0.0194001179
0.75872000,-0.000998731004
0.75876000,0.0331055932
0.75880000,0.00633210503
0.75884000,0.0254560243
0.75888000,0.0563730299
0.75892000,0.0251372922
0.75896000,0.0506358519
0.75900000,0.0350179859
0.75904000,0.00983815733
0.75908000,-0.00801083539
0.75912000,0.0056946408
0.75916000,0.011431817
0.75920000,0.0209937766
0.75924000,0.00186985696
0.75928000,0.00218858896
0.75932000,-0.00482351519
0.75936000,-0.0210788473
0.75940000,0.0139816729
0.75944000,-0.00546097895
0.75948000,-0.0325531997
0.75952000,-0.0271347556
0.75956000,-0.0414776951
0.75960000,-0.0647451282
0.75964000,-0.10139931
0.75968000,-0.0762194842
0.75972000,-0.111598738
0.75976000,-0.121160693
0.75980000,-0.121160693
0.75984000,-0.13359125
0.75988000,-0.14857164
0.75992000,-0.0746258199
0.75996000,-0.0258598272
0.76000000,-0.0188477226
0.76004000,-0.000679999008
0.76008000,-0.0105606914
0.76012000,-0.0319157355
0.76016000,-0.0325531997
0.76020000,0.011431817
0.76024000,0.0359741822
0.76028000,0.0774093419
0.76032000,0.0812341273
0.76036000,0.085377641
0.76040000,0.109282538
0.76044000,0.0713534355
0.76048000,0.0372491106
0.76052000,0.0841027126
0.76056000,0.090158619
0.76060000,0.0586041547
0.76064000,0.0570104942
0.76068000,0.0962145254
0.76072000,0.0617914721
0.76076000,0.0617914721
0.76080000,0.0385240354
0.76084000,0.0283246133
0.76088000,0.0276871491
0.76092000,-0.001636195
0.76096000,-0.0574142933
0.76100000,-0.0354217887
0.76104000,-0.0414776951
0.76108000,-0.0456212126
0.76112000,-0.0456212126
0.76116000,-0.077813141
0.76120000,-0.096618332
0.76124000,-0.0583704896
0.76128000,-0.0293658786
0.76132000,-0.0701635778
0.76136000,-0.0500834584
0.76140000,-0.0379716419
0.76144000,-0.00992322713
0.76148000,0.0178064574
0.76152000,-0.0370154455
0.76156000,-0.0366967134
0.76160000,0.0101568894
0.76164000,0.00346351694
0.76168000,0.0213125087
0.76172000,0.0672099143
0.76176000,0.0541419052
0.76180000,0.0308744684
0.76184000,0.0544606373
0.76188000,0.0107943527
0.76192000,0.0130254766
0.76196000,-0.0245848987
0.76200000,-0.0245848987
0.76204000,-0.0720759705
0.76208000,-0.0596454181
0.76212000,-0.0762194842
0.76216000,-0.0739883557
0.76220000,-0.0555019043
0.76224000,-0.0784506053
0.76228000,-0.103311703
0.76232000,-0.112236202
0.76236000,-0.0953434035
0.76240000,-0.077813141
0.76244000,-0.0672949851
0.76248000,-0.0395653024
0.76252000,-0.0242661666
0.76256000,-0.00322985509
0.76260000,0.00410098117
0.76264000,0.0340617895
0.76268000,0.0433050171
0.76272000,0.0394802317
0.76276000,0.0544606373
0.76280000,0.114063524
0.76284000,0.140837014
0.76288000,0.0885649621
0.76292000,0.0554168336
0.76296000,0.0754969493
0.76300000,0.0200375803
0.76304000,0.0321493968
0.76308000,0.0181251895
0.76312000,-0.00514224684
0.76316000,-0.0204413831
0.76320000,-0.0159791354
0.76324000,-0.0249036308
0.76328000,-0.0417964272
0.76332000,-0.0414776951
0.76336000,-0.0484897979
0.76340000,-0.0539082438
0.76344000,-0.0586892217
0.76348000,-0.0395653024
0.76352000,-0.0210788473
0.76356000,-0.00641717482
0.76360000,-0.0229912382
0.76364000,-0.0507209226
0.76368000,-0.0370154455
0.76372000,-0.012154351
0.76376000,-0.0102419592
0.76380000,-0.0115168868
0.76384000,0.00218858896
0.76388000,0.0318306647
0.76392000,0.0595603473
0.76396000,0.0369303785
0.76400000,0.0707159713
0.76404000,0.0745407566
0.76408000,0.0943021402
0.76412000,0.0742220208
0.76416000,0.0582854226
0.76420000,0.00792576466
0.76424000,0.0229061693
0.76428000,0.0337430574
0.76432000,0.0295995418
0.76436000,-0.0025923911
0.76440000,0.0152566014
0.76444000,-0.0108794225
0.76448000,-0.0351030566
0.76452000,-0.0258598272
0.76456000,-0.0169353317
0.76460000,0.0423488207
0.76464000,0.0222687051
0.76468000,-0.00450478308
0.76472000,-0.0108794225
0.76476000,-0.0392465703
0.76480000,-0.0790880695
0.76484000,-0.0711197704
0.76488000,-0.0255410951
0.76492000,-0.0287284143
0.76496000,-0.00737337116
0.76500000,-0.0108794225
0.76504000,-0.0175727941
0.76508000,-0.0217163116
0.76512000,-4.25350008e-05
0.76516000,-0.0159791354
0.76520000,0.0101568894
0.76524000,-0.0185289904
0.76528000,-0.00801083539
0.76532000,0.0238623656
0.76536000,0.0139816729
0.76540000,0.0305557363
0.76544000,0.0426675528
0.76548000,0.0595603473
0.76552000,-0.0143854748
0.76556000,-4.25350008e-05
0.76560000,-0.0245848987
0.76564000,-0.0848252475
0.76568000,-0.0386091061
0.76572000,-0.054545708
0.76576000,-0.0870563686
0.76580000,-0.101080582
0.76584000,-0.0880125687
0.76588000,-0.104267903
0.76592000,-0.07558202
0.76596000,-0.0551831722
0.76600000,-0.0806817338
0.76604000,-0.0484897979
0.76608000,-0.0134292794
0.76612000,-0.0264972914
0.76616000,-0.0236287024
0.76620000,-0.0025923911
0.76624000,0.0283246133
0.76628000,0.00027619701
0.76632000,0.0324681289
0.76636000,0.0684848428
0.76640000,0.0487234592
0.76644000,0.0190813858
0.76648000,0.0184439216
0.76652000,0.0331055932
0.76656000,-0.0465774052
0.76660000,0.008881961
0.76664000,0.0190813858
0.76668000,-0.0229912382
0.76672000,-0.0169353317
0.76676000,-0.0300033428
0.76680000,-0.0268160235
0.76684000,0.00218858896
0.76688000,-0.0357405208
0.76692000,-0.000998731004
0.76696000,0.0213125087
0.76700000,0.0372491106
0.76704000,0.0308744684
0.76708000,0.0257747564
0.76712000,0.027368417
0.76716000,0.0286433455
0.76720000,0.00282605295
0.76724000,0.0123880133
0.76728000,0.0426675528
0.76732000,0.00856322888
0.76736000,-0.0137480106
0.76740000,0.0072883009
0.76744000,-0.0172540639
0.76748000,-0.0217163116
0.76752000,-0.0704823062
0.76756000,-0.04880853
0.76760000,-0.0150229391
0.76764000,-0.0867376402
0.76768000,-0.0892874971
0.76772000,-0.0446650162
0.76776000,-0.0360592492
0.76780000,-0.0255410951
0.76784000,0.0174877252
0.76788000,-0.0124730831
0.76792000,0.008881961
0.76796000,0.008881961
0.76800000,-0.00960449502
0.76804000,0.00920069311
0.76808000,-0.0115168868
0.76812000,-0.0236287024
0.76816000,-0.00195492711
0.76820000,0.00250732107
0.76824000,-0.0159791354
0.76828000,-0.0325531997
0.76832000,-0.0357405208
0.76836000,-0.00992322713
0.76840000,-0.00832956657
0.76844000,-0.0140667427
0.76848000,-0.0319157355
0.76852000,-0.0943872035
0.76856000,-0.0631514713
0.76860000,-0.0510396548
0.76864000,-0.0612390786
0.76868000,-0.0143854748
0.76872000,-0.0124730831
0.76876000,0.00951942522
0.76880000,0.00951942522
0.76884000,0.0289620776
0.76888000,0.0299182739
0.76892000,0.0292808097
0.76896000,0.0608352758
0.76900000,0.0072883009
0.76904000,0.0283246133
0.76908000,0.117569573
0.76912000,0.0200375803
0.76916000,-0.0025923911
0.76920000,0.0582854226
0.76924000,0.0401176959
0.76928000,0.074859485
0.76932000,0.0592416152
0.76936000,0.0200375803
0.76940000,-0.00418605097
0.76944000,0.0120692812
0.76948000,0.011431817
0.76952000,0.0203563124
0.76956000,-0.00737337116
0.76960000,-0.0233099703
0.76964000,0.0410738923
0.76968000,0.0770906061
0.76972000,0.00537590915
0.76976000,-0.00227365899
0.76980000,-0.0344655924
0.76984000,0.0480859987
0.76988000,0.0123880133
0.76992000,0.00601337291
0.76996000,-0.0937497467
0.77000000,-0.0140667427
0.77004000,-0.0172540639
0.77008000,-0.0370154455
0.77012000,-0.0405214988
0.77016000,-0.0185289904
0.77020000,-0.0714385062
0.77024000,-0.0574142933
0.77028000,-0.020122651
0.77032000,-0.0529520474
0.77036000,0.00537590915
0.77040000,0.0366116464
0.77044000,0.0178064574
0.77048000,-0.0465774052
0.77052000,0.0209937766
0.77056000,0.0378865711
0.77060000,0.0468110703
0.77064000,0.0429862849
0.77068000,0.0174877252
0.77072000,0.0229061693
0.77076000,0.0251372922
0.77080000,-0.0226725079
0.77084000,-0.0341468602
0.77088000,-0.00418605097
0.77092000,-0.0111981547
0.77096000,-0.0134292794
0.77100000,-0.0236287024
0.77104000,0.000913660973
0.77108000,0.0292808097
0.77112000,-0.0162978675
0.77116000,-0.0303220749
0.77120000,-0.00514224684
0.77124000,-0.0178915262
0.77128000,0.00473844493
0.77132000,0.0190813858
0.77136000,-0.0105606914
0.77140000,0.0229061693
0.77144000,0.0767718777
0.77148000,0.0598790795
0.77152000,0.0477672666
0.77156000,0.0324681289
0.77160000,0.0318306647
0.77164000,0.0394802317
0.77168000,0.0267309528
0.77172000,-0.0185289904
0.77176000,0.0190813858
0.77180000,-0.00609844318
0.77184000,-0.0102419592
0.77188000,-0.0169353317
0.77192000,-0.0220350437
0.77196000,-0.0586892217
0.77200000,-0.0210788473
0.77204000,-0.0459399447
0.77208000,-0.0771756768
0.77212000,-0.0602828823
0.77216000,-0.0312782712
0.77220000,-0.0376529098
0.77224000,-0.0472148694
0.77228000,-0.041158963
0.77232000,-0.00896703079
0.77236000,-0.00577971106
0.77240000,-0.0271347556
0.77244000,0.0267309528
0.77248000,-0.0111981547
0.77252000,0.0372491106
0.77256000,0.0299182739
0.77260000,-0.00928576291
0.77264000,0.0174877252
0.77268000,0.0302370042
0.77272000,0.0350179859
0.77276000,-0.025222363
0.77280000,-0.00546097895
0.77284000,-0.0194851868
0.77288000,-0.0261785593
0.77292000,-0.0567768328
0.77296000,-0.0204413831
0.77300000,0.00760703301
0.77304000,-0.0223537758
0.77308000,-0.0191664547
0.77312000,0.0197188482
0.77316000,-0.0159791354
0.77320000,-0.0268160235
0.77324000,0.0072883009
0.77328000,0.0334243253
0.77332000,0.00123239297
0.77336000,-0.0105606914
0.77340000,0.0292808097
0.77344000,0.0496796556
0.77348000,0.0187626537
0.77352000,0.0139816729
0.77356000,0.0194001179
0.77360000,0.0133442087
0.77364000,0.0343805216
0.77368000,0.0260934886
0.77372000,0.0194001179
0.77376000,0.00696956879
0.77380000,0.0158940647
0.77384000,0.00983815733
0.77388000,-0.0242661666
0.77392000,-0.0169353317
0.77396000,-0.00832956657
0.77400000,-0.0140667427
0.77404000,-0.00896703079
0.77408000,-0.0175727941
0.77412000,0.00027619701
0.77416000,0.00983815733
0.77420000,0.0152566014
0.77424000,-0.00864829868
0.77428000,-0.0025923911
0.77432000,0.0171689931
0.77436000,0.0283246133
0.77440000,0.0200375803
0.77444000,-0.0166165996
0.77448000,-0.0309595391
0.77452000,0.0158940647
0.77456000,-0.0274534877
0.77460000,0.0072883009
0.77464000,0.0072883009
0.77468000,0.0299182739
0.77472000,0.0608352758
0.77476000,0.0429862849
0.77480000,-0.00577971106
0.77484000,-0.001317463
0.77488000,0.0107943527
0.77492000,0.0522295125
0.77496000,0.000594928977
0.77500000,-0.0150229391
0.77504000,0.0241810977
0.77508000,0.0436237492
0.77512000,0.0251372922
0.77516000,-0.00482351519
0.77520000,0.0187626537
0.77524000,-0.0140667427
0.77528000,0.0391614996
0.77532000,0.00983815733
0.77536000,0.0244998299
0.77540000,0.0276871491
0.77544000,-0.00546097895
0.77548000,0.0101568894
0.77552000,0.0318306647
0.77556000,-0.0217163116
0.77560000,-0.00322985509
0.77564000,-0.00227365899
0.77568000,-0.0182102583
0.77572000,0.00155112497
0.77576000,-0.0229912382
0.77580000,-0.0162978675
0.77584000,-0.0242661666
0.77588000,-0.0194851868
0.77592000,0.00824449677
0.77596000,0.0209937766
0.77600000,0.000913660973
0.77604000,0.00633210503
0.77608000,0.0264122207
0.77612000,-0.0185289904
0.77616000,-0.0169353317
0.77620000,0.00696956879
0.77624000,0.0311932005
0.77628000,-0.0475336015
0.77632000,0.00218858896
0.77636000,-0.000679999008
0.77640000,-0.0417964272
0.77644000,-0.0459399447
0.77648000,0.00346351694
0.77652000,-0.0357405208
0.77656000,-0.0398840345
0.77660000,-0.0236287024
0.77664000,-0.0296846107
0.77668000,-0.0309595391
0.77672000,-0.030640807
0.77676000,0.0111130849
0.77680000,-0.00195492711
0.77684000,-0.00418605097
0.77688000,0.00250732107
0.77692000,0.00218858896
0.77696000,-0.00514224684
0.77700000,0.0158940647
0.77704000,0.0366116464
0.77708000,-0.00769210281
0.77712000,-0.00227365899
0.77716000,0.00856322888
0.77720000,0.00792576466
0.77724000,0.0276871491
0.77728000,0.0276871491
0.77732000,0.0174877252
0.77736000,0.0120692812
0.77740000,0.0471298024
0.77744000,0.0225874372
0.77748000,0.0302370042
0.77752000,0.0107943527
0.77756000,0.0570104942
0.77760000,0.014300405
0.77764000,0.00378224906
0.77768000,0.00983815733
0.77772000,0.0190813858
0.77776000,-0.001317463
0.77780000,-0.0261785593
0.77784000,-0.0236287024
0.77788000,-0.0322344676
0.77792000,-0.00769210281
0.77796000,-0.0287284143
0.77800000,-0.0217163116
0.77804000,-0.0296846107
0.77808000,-0.044027552
0.77812000,-4.25350008e-05
0.77816000,-0.0159791354
0.77820000,0.011431817
0.77824000,-0.0223537758
0.77828000,-0.0236287024
0.77832000,-0.00227365899
0.77836000,-0.012154351
0.77840000,-0.0175727941
0.77844000,0.0072883009
0.77848000,-0.0115168868
0.77852000,0.0171689931
0.77856000,0.0388427675
0.77860000,0.0471298024
0.77864000,0.0442612134
0.77868000,0.0426675528
0.77872000,0.0216312408
0.77876000,0.0490421914
0.77880000,0.0331055932
0.77884000,-0.00641717482
0.77888000,0.00537590915
0.77892000,0.0270496849
0.77896000,0.00186985696
0.77900000,-0.000361267012
0.77904000,-0.0341468602
0.77908000,-0.0532707796
0.77912000,-0.0360592492
0.77916000,-0.0162978675
0.77920000,-0.0523145832
0.77924000,-0.0376529098
0.77928000,0.00441971282
0.77932000,-0.0468961373
0.77936000,-0.0564581007
0.77940000,-0.0456212126
0.77944000,-0.0577330254
0.77948000,-0.0236287024
0.77952000,0.00633210503
0.77956000,0.0331055932
0.77960000,0.0378865711
0.77964000,0.0216312408
0.77968000,0.0280058812
0.77972000,0.021949973
0.77976000,0.0442612134
0.77980000,0.0442612134
0.77984000,0.0413926244
0.77988000,0.0531857088
0.77992000,0.0391614996
0.77996000,0.0184439216
0.78000000,0.016850261
0.78004000,0.0232249014
0.78008000,0.0382053033
0.78012000,-0.00227365899
0.78016000,0.035336718
0.78020000,0.0111130849
0.78024000,-0.00322985509
0.78028000,-0.030640807
0.78032000,-0.0102419592
0.78036000,-0.0220350437
0.78040000,-0.0143854748
0.78044000,-0.00609844318
0.78048000,-0.0207601152
0.78052000,-0.00832956657
0.78056000,-0.030640807
0.78060000,-0.0156604033
0.78064000,-0.00354858697
0.78068000,0.0101568894
0.78072000,0.0152566014
0.78076000,0.0235436335
0.78080000,0.0229061693
0.78084000,0.0181251895
0.78088000,0.06147274
0.78092000,0.0550981015
0.78096000,0.0477672666
0.78100000,0.0484047309
0.78104000,0.0522295125
0.78108000,0.0324681289
0.78112000,0.0267309528
0.78116000,0.0174877252
0.78120000,-0.0111981547
0.78124000,-0.0347843245
0.78128000,-0.0293658786
0.78132000,-0.0475336015
0.78136000,-0.0625140071
0.78140000,-0.0717572346
0.78144000,-0.0462586768
0.78148000,-0.0542269759
0.78152000,-0.044027552
0.78156000,-0.0443462841
0.78160000,-0.0363779813
0.78164000,-0.0134292794
0.78168000,0.00282605295
0.78172000,0.0216312408
0.78176000,0.0123880133
0.78180000,0.0171689931
0.78184000,0.0452174097
0.78188000,0.0158940647
0.78192000,0.0362929143
0.78196000,0.0308744684
0.78200000,0.00760703301
0.78204000,0.0413926244
0.78208000,0.0311932005
0.78212000,0.0286433455
0.78216000,0.0496796556
0.78220000,0.0206750445
0.78224000,-0.0351030566
0.78228000,-0.0312782712
0.78232000,-0.0344655924
0.78236000,-0.0443462841
0.78240000,-0.0319157355
0.78244000,-0.0459399447
0.78248000,-0.0354217887
0.78252000,-0.0357405208
0.78256000,-0.0162978675
0.78260000,-0.00418605097
0.78264000,-0.0213975795
0.78268000,0.000594928977
0.78272000,-0.044027552
0.78276000,-0.04880853
0.78280000,-0.0328719318
0.78284000,-0.0280909501
0.78288000,-0.0338281281
0.78292000,-0.00386731909
0.78296000,-0.0105606914
0.78300000,0.0158940647
0.78304000,0.0152566014
0.78308000,0.0203563124
0.78312000,0.0327868611
0.78316000,0.00665083714
0.78320000,0.0222687051
0.78324000,-0.00227365899
0.78328000,-0.00673590694
0.78332000,-0.0217163116
0.78336000,-0.0102419592
0.78340000,-0.00514224684
0.78344000,-0.0217163116
0.78348000,0.0130254766
0.78352000,-0.0277722199
0.78356000,-0.00514224684
0.78360000,-0.00673590694
0.78364000,-0.0459399447
0.78368000,-0.0347843245
0.78372000,-0.0264972914
0.78376000,-0.0491272621
0.78380000,-0.0430713557
0.78384000,-0.0395653024
0.78388000,-0.0421151593
0.78392000,-0.0542269759
0.78396000,-0.0676137209
0.78400000,-0.0331906639
0.78404000,-0.0363779813
0.78408000,-0.0131105473
0.78412000,-0.0268160235
0.78416000,0.0149378693
0.78420000,-0.0213975795
0.78424000,0.00760703301
0.78428000,-0.00801083539
0.78432000,-0.0025923911
0.78436000,0.00378224906
0.78440000,0.014300405
0.78444000,0.0385240354
0.78448000,0.0158940647
0.78452000,0.0123880133
0.78456000,0.0130254766
0.78460000,-0.00928576291
0.78464000,0.0178064574
0.78468000,0.00601337291
0.78472000,-0.00418605097
0.78476000,-0.00354858697
0.78480000,-0.0172540639
0.78484000,-0.0102419592
0.78488000,-0.0166165996
0.78492000,-0.0153416712
0.78496000,-0.00705463905
0.78500000,-0.00514224684
0.78504000,-0.0236287024
0.78508000,-0.00832956657
0.78512000,0.00696956879
0.78516000,0.00410098117
0.78520000,0.00696956879
0.78524000,0.0289620776
0.78528000,0.0324681289
0.78532000,0.045854874
0.78536000,0.0382053033
0.78540000,0.0222687051
0.78544000,-0.00737337116
0.78548000,-0.0025923911
0.78552000,0.0264122207
0.78556000,0.0280058812
0.78560000,0.00601337291
0.78564000,0.0146191372
0.78568000,-0.00737337116
0.78572000,-0.0233099703
0.78576000,-0.000361267012
0.78580000,0.0299182739
0.78584000,-0.0140667427
0.78588000,-0.001317463
0.78592000,-0.0166165996
0.78596000,-0.0462586768
0.78600000,-0.0150229391
0.78604000,-0.0156604033
0.78608000,-0.0296846107
0.78612000,-0.0182102583
0.78616000,-0.00960449502
0.78620000,-0.0325531997
0.78624000,-0.0134292794
0.78628000,0.0305557363
0.78632000,0.0127067454
0.78636000,0.0474485345
0.78640000,-0.00832956657
0.78644000,-0.000679999008
0.78648000,0.0101568894
0.78652000,-0.0249036308
0.78656000,-0.0539082438
0.78660000,-0.00769210281
0.78664000,-4.25350008e-05
0.78668000,0.008881961
0.78672000,-0.0236287024
0.78676000,-0.00354858697
0.78680000,-0.0111981547
0.78684000,0.00282605295
0.78688000,0.00250732107
0.78692000,0.0149378693
0.78696000,0.0162127968
0.78700000,0.0158940647
0.78704000,0.00856322888
0.78708000,0.0222687051
0.78712000,0.0056946408
0.78716000,-0.00896703079
0.78720000,-0.000361267012
0.78724000,-0.0169353317
0.78728000,-0.00450478308
0.78732000,0.0127067454
0.78736000,-0.0105606914
0.78740000,-0.0134292794
0.78744000,-0.0373341776
0.78748000,-0.00354858697
0.78752000,-0.0484897979
0.78756000,-0.0169353317
0.78760000,-0.0338281281
0.78764000,0.00760703301
0.78768000,-0.0217163116
0.78772000,0.00250732107
0.78776000,-0.0150229391
0.78780000,-0.0405214988
0.78784000,0.00346351694
0.78788000,-0.0526333153
0.78792000,-0.0405214988
0.78796000,-0.0124730831
0.78800000,-0.0188477226
0.78804000,-0.0322344676
0.78808000,-0.0188477226
0.78812000,-0.0140667427
0.78816000,-0.0338281281
0.78820000,0.00314478506
0.78824000,0.0101568894
0.78828000,0.0117505491
0.78832000,0.0206750445
0.78836000,0.0174877252
0.78840000,0.00378224906
0.78844000,-0.00928576291
0.78848000,-0.0124730831
0.78852000,0.0340617895
0.78856000,-0.0484897979
0.78860000,-0.0484897979
0.78864000,-0.000998731004
0.78868000,-0.0280909501
0.78872000,0.00027619701
0.78876000,0.0209937766
0.78880000,0.0155753326
0.78884000,-0.0341468602
0.78888000,0.0127067454
0.78892000,-0.000361267012
0.78896000,-0.0162978675
0.78900000,-0.000998731004
0.78904000,0.0235436335
0.78908000,0.0178064574
0.78912000,0.0264122207
0.78916000,0.0455361418
0.78920000,0.0637038648
0.78924000,0.0841027126
0.78928000,0.0448986776
0.78932000,0.0324681289
0.78936000,0.0515920483
0.78940000,0.0624289364
0.78944000,0.0276871491
0.78948000,0.069122307
0.78952000,0.0225874372
0.78956000,0.00601337291
0.78960000,-0.0217163116
0.78964000,-0.0236287024
0.78968000,-0.038290374
0.78972000,-0.0590079539
0.78976000,-0.044027552
0.78980000,-0.0481710657
0.78984000,-0.0723946989
0.78988000,-0.0950246677
0.78992000,-0.102674238
0.78996000,-0.0857814401
0.79000000,-0.0940684751
0.79004000,-0.0574142933
0.79008000,-0.0548644401
0.79012000,-0.0220350437
0.79016000,-0.00992322713
0.79020000,-0.0137480106
0.79024000,-0.0159791354
0.79028000,-0.0159791354
0.79032000,0.0133442087
0.79036000,-0.00769210281
0.79040000,0.0515920483
0.79044000,0.0283246133
0.79048000,0.00378224906
0.79052000,0.0238623656
0.79056000,0.053823173
0.79060000,0.0324681289
0.79064000,0.0477672666
0.79068000,0.0608352758
0.79072000,-0.0472148694
0.79076000,-0.001317463
0.79080000,0.00186985696
0.79084000,0.000594928977
0.79088000,0.0165315289
0.79092000,0.0197188482
0.79096000,0.0203563124
0.79100000,0.0254560243
0.79104000,0.0315119326
0.79108000,-0.0210788473
0.79112000,0.0216312408
0.79116000,0.0270496849
0.79120000,-0.0025923911
0.79124000,-0.00928576291
0.79128000,0.00696956879
0.79132000,-0.0118356189
0.79136000,-0.00960449502
0.79140000,0.00378224906
0.79144000,0.0184439216
0.79148000,0.0324681289
0.79152000,0.0397989638
0.79156000,0.0426675528
0.79160000,0.0232249014
0.79164000,0.0203563124
0.79168000,0.0382053033
0.79172000,0.0637038648
0.79176000,0.0582854226
0.79180000,0.0646600574
0.79184000,0.0678473786
0.79188000,0.0815528557
0.79192000,0.074859485
0.79196000,0.040436428
0.79200000,0.0541419052
0.79204000,-0.0105606914
0.79208000,-0.0370154455
0.79212000,-0.044027552
0.79216000,-0.038290374
0.79220000,-0.0634701997
0.79224000,0.00856322888
0.79228000,-0.0360592492
0.79232000,-0.117654644
0.79236000,-0.0682511851
0.79240000,-0.0637889355
0.79244000,-0.0880125687
0.79248000,-0.0994869173
0.79252000,-0.051677119
0.79256000,-0.0752632841
0.79260000,-0.0331906639
0.79264000,0.000913660973
0.79268000,-0.0169353317
0.79272000,-0.0366967134
0.79276000,0.008881961
0.79280000,0.00792576466
0.79284000,0.0127067454
0.79288000,0.00856322888
0.79292000,0.0356554501
0.79296000,0.0420300886
0.79300000,-0.0551831722
0.79304000,0.0158940647
0.79308000,-0.00514224684
0.79312000,-0.00291112298
0.79316000,-0.00291112298
0.79320000,-0.00864829868
0.79324000,-0.0242661666
0.79328000,-0.0309595391
0.79332000,-0.00227365899
0.79336000,-0.0140667427
0.79340000,-0.0379716419
0.79344000,0.0133442087
0.79348000,-0.00418605097
0.79352000,-0.0296846107
0.79356000,0.00665083714
0.79360000,0.00665083714
0.79364000,0.011431817
0.79368000,0.0149378693
0.79372000,0.0337430574
0.79376000,0.0665724501
0.79380000,0.0786842704
0.79384000,0.0417113565
0.79388000,0.0187626537
0.79392000,0.0589228868
0.79396000,0.0346992537
0.79400000,0.0178064574
0.79404000,0.050954584
0.79408000,-0.0131105473
0.79412000,0.00601337291
0.79416000,0.0146191372
0.79420000,0.0117505491
0.79424000,0.00983815733
0.79428000,0.00537590915
0.79432000,0.0213125087
0.79436000,-0.0255410951
0.79440000,-0.0398840345
0.79444000,-0.0239474345
0.79448000,-0.0328719318
0.79452000,-0.0494459942
0.79456000,-0.0688886493
0.79460000,-0.0456212126
0.79464000,-0.0198039189
0.79468000,0.00027619701
0.79472000,-0.0223537758
0.79476000,-0.0115168868
0.79480000,-0.0437088199
0.79484000,0.0120692812
0.79488000,-0.0118356189
0.79492000,-0.0217163116
0.79496000,0.0570104942
0.79500000,-0.00195492711
0.79504000,0.06147274
0.79508000,0.0254560243
0.79512000,0.0295995418
0.79516000,0.0206750445
0.79520000,0.0484047309
0.79524000,0.0299182739
0.79528000,0.0213125087
0.79532000,0.0455361418
0.79536000,-0.00801083539
0.79540000,0.00537590915
0.79544000,0.0337430574
0.79548000,0.0324681289
0.79552000,-0.0159791354
0.79556000,0.00633210503
0.79560000,-0.0124730831
0.79564000,-0.0268160235
0.79568000,-0.0261785593
0.79572000,-0.00514224684
0.79576000,-0.012154351
0.79580000,-0.054545708
0.79584000,-0.0182102583
0.79588000,-0.0280909501
0.79592000,-0.0481710657
0.79596000,-0.065063864
0.79600000,-0.0239474345
0.79604000,-0.0303220749
0.79608000,-0.0459399447
0.79612000,-0.00577971106
0.79616000,-0.00354858697
0.79620000,-0.038290374
0.79624000,-0.0577330254
0.79628000,-0.0137480106
0.79632000,-0.0229912382
0.79636000,-0.0124730831
0.79640000,0.0190813858
0.79644000,-0.0140667427
0.79648000,-0.0137480106
0.79652000,0.0286433455
0.79656000,0.0139816729
0.79660000,0.000594928977
0.79664000,0.0229061693
0.79668000,0.0155753326
0.79672000,0.0158940647
0.79676000,0.00441971282
0.79680000,0.0417113565
0.79684000,0.0359741822
0.79688000,0.0225874372
0.79692000,0.0120692812
0.79696000,0.0484047309
0.79700000,0.0292808097
0.79704000,0.0120692812
0.79708000,0.0174877252
0.79712000,0.0187626537
0.79716000,-0.0108794225
0.79720000,-0.00450478308
0.79724000,-0.0143854748
0.79728000,0.00378224906
0.79732000,-0.0280909501
0.79736000,-0.030640807
0.79740000,0.0152566014
0.79744000,0.00601337291
0.79748000,-0.025222363
0.79752000,-0.0366967134
0.79756000,0.0337430574
0.79760000,-4.25350008e-05
0.79764000,-0.0217163116
0.79768000,-0.0207601152
0.79772000,-0.0188477226
0.79776000,-0.0217163116
0.79780000,-0.0207601152
0.79784000,-0.0532707796
0.79788000,-0.0676137209
0.79792000,0.0184439216
0.79796000,0.0197188482
0.79800000,-0.0255410951
0.79804000,-0.00354858697
0.79808000,0.014300405
0.79812000,-0.012154351
0.79816000,-0.0331906639
0.79820000,0.0350179859
0.79824000,-0.00227365899
0.79828000,0.0359741822
0.79832000,0.064341329
0.79836000,-0.0188477226
0.79840000,-0.00960449502
0.79844000,-0.0268160235
0.79848000,-0.0159791354
0.79852000,0.016850261
0.79856000,0.0267309528
0.79860000,0.00537590915
0.79864000,0.00250732107
0.79868000,-0.012154351
0.79872000,-0.0500834584
0.79876000,-0.0198039189
0.79880000,-0.0169353317
0.79884000,-0.0271347556
0.79888000,-0.00386731909
0.79892000,0.00027619701
0.79896000,0.00696956879
0.79900000,-0.0284096822
0.79904000,-0.0213975795
0.79908000,-0.00992322713
0.79912000,0.0190813858
0.79916000,0.0331055932
0.79920000,0.00824449677
0.79924000,-0.0338281281
0.79928000,-0.0239474345
0.79932000,-0.0185289904
0.79936000,0.0155753326
0.79940000,-0.0309595391
0.79944000,-0.0392465703
0.79948000,-0.00514224684
0.79952000,-0.000998731004
0.79956000,-0.0153416712
0.79960000,-0.012154351
0.79964000,-0.0236287024
0.79968000,-0.0156604033
0.79972000,0.00186985696
0.79976000,0.00983815733
0.79980000,0.00123239297
0.79984000,0.0369303785
0.79988000,0.0251372922
0.79992000,0.0375678428
0.79996000,0.00792576466
0.80000000,0.0276871491
0.80004000,0.0260934886
0.80008000,0.0401176959
0.80012000,0.0190813858
0.80016000,0.0541419052
0.80020000,0.0563730299
0.80024000,0.0283246133
0.80028000,0.0356554501
0.80032000,0.0346992537
0.80036000,0.0209937766
0.80040000,-0.0239474345
0.80044000,0.00505717704
0.80048000,-0.0127918152
0.80052000,0.00696956879
0.80056000,-0.0226725079
0.80060000,-0.0564581007
0.80064000,-0.0414776951
0.80068000,-0.0357405208
0.80072000,-0.0421151593
0.80076000,-0.0417964272
0.80080000,0.0117505491
0.80084000,-0.0191664547
0.80088000,-0.0351030566
0.80092000,-0.054545708
0.80096000,-0.0198039189
0.80100000,-0.0108794225
0.80104000,-0.00737337116
0.80108000,-0.00992322713
0.80112000,0.0130254766
0.80116000,0.00537590915
0.80120000,-0.0127918152
0.80124000,0.0184439216
0.80128000,0.0101568894
0.80132000,0.0232249014
0.80136000,0.0308744684
0.80140000,0.0512733161
0.80144000,0.0178064574
0.80148000,0.0127067454
0.80152000,0.0200375803
0.80156000,0.0327868611
0.80160000,0.0056946408
0.80164000,-0.0111981547
0.80168000,0.0225874372
0.80172000,0.00537590915
0.80176000,-4.25350008e-05
0.80180000,-0.0143854748
0.80184000,-0.00609844318
0.80188000,-0.0331906639
0.80192000,-0.033509396
0.80196000,-0.0223537758
0.80200000,-0.0328719318
0.80204000,-0.020122651
0.80208000,-0.0166165996
0.80212000,-0.000998731004
0.80216000,-0.020122651
0.80220000,-0.0210788473
0.80224000,-0.0175727941
0.80228000,-0.00960449502
0.80232000,-0.0166165996
0.80236000,-0.0258598272
0.80240000,-0.0115168868
0.80244000,-0.0229912382
0.80248000,-0.0277722199
0.80252000,-0.0025923911
0.80256000,-0.0150229391
0.80260000,-0.00514224684
0.80264000,0.00346351694
0.80268000,-4.25350008e-05
0.80272000,-0.0102419592
0.80276000,0.0206750445
0.80280000,0.0264122207
0.80284000,0.0251372922
0.80288000,0.0445799455
0.80292000,0.0378865711
0.80296000,0.00123239297
0.80300000,-0.0127918152
0.80304000,0.0123880133
0.80308000,0.0120692812
0.80312000,0.0292808097
0.80316000,0.0311932005
0.80320000,0.0423488207
0.80324000,0.00920069311
0.80328000,-0.00641717482
0.80332000,-0.0150229391
0.80336000,0.0171689931
0.80340000,-0.0118356189
0.80344000,-0.0118356189
0.80348000,-0.0408402309
0.80352000,-0.0226725079
0.80356000,-0.0341468602
0.80360000,-0.0618765429
0.80364000,-0.0590079539
0.80368000,-0.0127918152
0.80372000,-0.0303220749
0.80376000,-0.0456212126
0.80380000,0.00633210503
0.80384000,0.0107943527
0.80388000,-0.0462586768
0.80392000,-0.0268160235
0.80396000,-0.00291112298
0.80400000,-0.0357405208
0.80404000,-0.00992322713
0.80408000,0.0203563124
0.80412000,-0.00705463905
0.80416000,0.000913660973
0.80420000,-0.0153416712
0.80424000,-0.0347843245
0.80428000,0.027368417
0.80432000,0.0174877252
0.80436000,0.0178064574
0.80440000,0.00473844493
0.80444000,0.00346351694
0.80448000,0.008881961
0.80452000,0.0394802317
0.80456000,0.0589228868
0.80460000,0.0484047309
0.80464000,0.0525482446
0.80468000,0.0254560243
0.80472000,0.0487234592
0.80476000,0.0519107804
0.80480000,0.0716721639
0.80484000,0.0471298024
0.80488000,0.0321493968
0.80492000,0.0123880133
0.80496000,-0.0156604033
0.80500000,0.0209937766
0.80504000,0.0174877252
0.80508000,-0.0105606914
0.80512000,-0.0290471464
0.80516000,-0.0150229391
0.80520000,-0.0108794225
0.80524000,-0.00896703079
0.80528000,-0.0210788473
0.80532000,-0.0637889355
0.80536000,-0.0433900878
0.80540000,-0.0612390786
0.80544000,-0.0759007484
0.80548000,-0.0746258199
0.80552000,-0.0647451282
0.80556000,-0.0794068053
0.80560000,-0.0692073777
0.80564000,-0.0421151593
0.80568000,-0.0519958511
0.80572000,-0.00418605097
0.80576000,0.0149378693
0.80580000,0.0244998299
0.80584000,0.0410738923
0.80588000,0.0573292263
0.80592000,0.0359741822
0.80596000,0.0646600574
0.80600000,0.0302370042
0.80604000,0.00346351694
0.80608000,0.035336718
0.80612000,0.0547793694
0.80616000,0.0216312408
0.80620000,0.0452174097
0.80624000,0.0232249014
0.80628000,0.00473844493
0.80632000,0.00505717704
0.80636000,0.00951942522
0.80640000,-0.0245848987
0.80644000,-0.0322344676
0.80648000,-0.0504021905
0.80652000,-0.0669762567
0.80656000,-0.0255410951
0.80660000,-0.0271347556
0.80664000,-0.0204413831
0.80668000,-0.030640807
0.80672000,-0.0233099703
0.80676000,-0.00832956657
0.80680000,0.0232249014
0.80684000,0.0111130849
0.80688000,0.0127067454
0.80692000,0.06147274
0.80696000,0.0350179859
0.80700000,0.0452174097
0.80704000,0.0359741822
0.80708000,0.050954584
0.80712000,0.0315119326
0.80716000,0.0401176959
0.80720000,0.0461736061
0.80724000,0.0640226007
0.80728000,0.0369303785
0.80732000,-0.0111981547
0.80736000,-0.0220350437
0.80740000,-0.001636195
0.80744000,-0.0226725079
0.80748000,-0.0331906639
0.80752000,-0.00737337116
0.80756000,-0.0433900878
0.80760000,-0.0315970033
0.80764000,-0.00418605097
0.80768000,-0.0217163116
0.80772000,-0.0526333153
0.80776000,-0.0255410951
0.80780000,-0.044027552
0.80784000,-0.051677119
0.80788000,-0.0577330254
0.80792000,-0.0226725079
0.80796000,-0.0134292794
0.80800000,0.00250732107
0.80804000,-0.00737337116
0.80808000,0.000913660973
0.80812000,-0.0175727941
0.80816000,0.0216312408
0.80820000,0.00123239297
0.80824000,-0.0437088199
0.80828000,-0.030640807
0.80832000,0.00250732107
0.80836000,-0.0220350437
0.80840000,-0.0127918152
0.80844000,-0.0233099703
0.80848000,-0.0449837483
0.80852000,-0.0118356189
0.80856000,0.0101568894
0.80860000,0.0130254766
0.80864000,0.011431817
0.80868000,-0.00864829868
0.80872000,0.00473844493
0.80876000,-0.0131105473
0.80880000,-0.00322985509
0.80884000,0.0222687051
0.80888000,0.0302370042
0.80892000,0.0372491106
0.80896000,0.045854874
0.80900000,0.074859485
0.80904000,0.0630664006
0.80908000,0.0413926244
0.80912000,0.00633210503
0.80916000,-0.00514224684
0.80920000,-0.0191664547
0.80924000,-0.00291112298
0.80928000,-0.00705463905
0.80932000,0.0155753326
0.80936000,-0.00482351519
0.80940000,-0.020122651
0.80944000,-0.0363779813
0.80948000,-0.0494459942
0.80952000,-0.0456212126
0.80956000,-0.0169353317
0.80960000,-0.0468961373
0.80964000,-0.033509396
0.80968000,-0.0280909501
0.80972000,-0.0137480106
0.80976000,-0.0124730831
0.80980000,-0.00195492711
0.80984000,-0.00386731909
0.80988000,0.00824449677
0.80992000,0.0174877252
0.80996000,0.0117505491
0.81000000,-0.00450478308
0.81004000,0.00537590915
0.81008000,-0.0245848987
0.81012000,-0.0459399447
0.81016000,0.0334243253
0.81020000,-0.000361267012
0.81024000,0.0225874372
0.81028000,0.0442612134
0.81032000,0.0327868611
0.81036000,-0.0277722199
0.81040000,0.0292808097
0.81044000,0.00601337291
0.81048000,0.00186985696
0.81052000,0.0637038648
0.81056000,0.0649787933
0.81060000,0.0582854226
0.81064000,0.0340617895
0.81068000,0.0197188482
0.81072000,0.0531857088
0.81076000,0.0834652483
0.81080000,0.0681661144
0.81084000,0.0586041547
0.81088000,0.0295995418
0.81092000,0.0133442087
0.81096000,0.0139816729
0.81100000,-0.00418605097
0.81104000,-0.0376529098
0.81108000,-0.0414776951
0.81112000,-0.0484897979
0.81116000,-0.0140667427
0.81120000,-0.0504021905
0.81124000,-0.0156604033
0.81128000,-0.0277722199
0.81132000,-0.0746258199
0.81136000,-0.012154351
0.81140000,-0.0574142933
0.81144000,-0.062195275
0.81148000,-0.0612390786
0.81152000,-0.0465774052
0.81156000,-0.041158963
0.81160000,-0.0143854748
0.81164000,-0.0309595391
0.81168000,-0.0472148694
0.81172000,-0.0264972914
0.81176000,0.00792576466
0.81180000,-0.0175727941
0.81184000,-0.0296846107
0.81188000,-0.0433900878
0.81192000,-0.0574142933
0.81196000,-0.0204413831
0.81200000,-0.0315970033
0.81204000,-0.0108794225
0.81208000,-0.0268160235
0.81212000,-0.030640807
0.81216000,-0.07558202
0.81220000,-0.0328719318
0.81224000,-0.0583704896
0.81228000,-0.0453024805
0.81232000,-0.0296846107
0.81236000,-0.0226725079
0.81240000,-0.0143854748
0.81244000,-0.0025923911
0.81248000,0.0295995418
0.81252000,0.0225874372
0.81256000,-0.00322985509
0.81260000,0.0713534355
0.81264000,0.0531857088
0.81268000,0.0557355657
0.81272000,0.0299182739
0.81276000,0.0586041547
0.81280000,0.0327868611
0.81284000,0.00473844493
0.81288000,0.0324681289
0.81292000,0.0423488207
0.81296000,0.0257747564
0.81300000,-0.0124730831
0.81304000,0.00696956879
0.81308000,0.00027619701
0.81312000,0.0190813858
0.81316000,0.0388427675
0.81320000,0.0388427675
0.81324000,0.0452174097
0.81328000,-0.0507209226
0.81332000,0.0162127968
0.81336000,0.0436237492
0.81340000,0.0535044409
0.81344000,-0.0207601152
0.81348000,-0.00322985509
0.81352000,-0.0357405208
0.81356000,-0.0510396548
0.81360000,0.00696956879
0.81364000,0.0111130849
0.81368000,0.00856322888
0.81372000,-0.0159791354
0.81376000,0.0187626537
0.81380000,-0.00960449502
0.81384000,-0.0204413831
0.81388000,-0.0577330254
0.81392000,-0.001317463
0.81396000,-0.025222363
0.81400000,-0.0204413831
0.81404000,-0.0264972914
0.81408000,-0.0615578108
0.81412000,-0.0586892217
0.81416000,-0.0606016144
0.81420000,-0.00832956657
0.81424000,-0.0395653024
0.81428000,-0.0386091061
0.81432000,0.0133442087
0.81436000,-0.000361267012
0.81440000,-0.0468961373
0.81444000,-0.00482351519
0.81448000,-0.00386731909
0.81452000,-0.020122651
0.81456000,0.0184439216
0.81460000,-0.00705463905
0.81464000,-0.000998731004
0.81468000,-0.0449837483
0.81472000,0.0417113565
0.81476000,-0.014704207
0.81480000,0.00760703301
0.81484000,-0.0226725079
0.81488000,0.0229061693
0.81492000,-0.0166165996
0.81496000,-0.0159791354
0.81500000,-0.0223537758
0.81504000,-0.001317463
0.81508000,0.0213125087
0.81512000,0.0327868611
0.81516000,0.0592416152
0.81520000,0.0305557363
0.81524000,0.0356554501
0.81528000,0.0417113565
0.81532000,0.000913660973
0.81536000,0.0410738923
0.81540000,0.0394802317
0.81544000,-0.0210788473
0.81548000,-0.00386731909
0.81552000,0.0433050171
0.81556000,0.0127067454
0.81560000,-0.0166165996
0.81564000,0.00633210503
0.81568000,0.00633210503
0.81572000,0.0232249014
0.81576000,0.0216312408
0.81580000,0.0327868611
0.81584000,-0.0134292794
0.81588000,0.0127067454
0.81592000,0.0139816729
0.81596000,0.0222687051
0.81600000,-0.00737337116
0.81604000,-0.0242661666
0.81608000,0.0162127968
0.81612000,-0.0561393686
0.81616000,-0.0287284143
0.81620000,-0.0535895117
0.81624000,0.00186985696
0.81628000,-0.0131105473
0.81632000,-0.0271347556
0.81636000,-0.0663387924
0.81640000,0.035336718
0.81644000,-0.0127918152
0.81648000,-0.0437088199
0.81652000,0.0072883009
0.81656000,-0.0590079539
0.81660000,-0.0162978675
0.81664000,-0.0271347556
0.81668000,-0.0245848987
0.81672000,-0.0395653024
0.81676000,-0.00195492711
0.81680000,-0.0421151593
0.81684000,-0.00514224684
0.81688000,-0.000998731004
0.81692000,-0.00864829868
0.81696000,-0.0354217887
0.81700000,-0.0194851868
0.81704000,-0.000361267012
0.81708000,0.0056946408
0.81712000,0.0308744684
0.81716000,0.0327868611
0.81720000,0.0732658282
0.81724000,0.0659349859
0.81728000,0.0445799455
0.81732000,0.0305557363
0.81736000,0.021949973
0.81740000,0.0155753326
0.81744000,0.0056946408
0.81748000,0.0178064574
0.81752000,-0.00673590694
0.81756000,-0.0131105473
0.81760000,-0.0223537758
0.81764000,0.0229061693
0.81768000,-0.00832956657
0.81772000,-0.0363779813
0.81776000,-0.00705463905
0.81780000,-0.0124730831
0.81784000,-0.0599641502
0.81788000,-0.020122651
0.81792000,-0.0331906639
0.81796000,-0.020122651
0.81800000,-0.00418605097
0.81804000,-0.00291112298
0.81808000,-0.012154351
0.81812000,0.016850261
0.81816000,-0.0357405208
0.81820000,-0.0484897979
0.81824000,0.0369303785
0.81828000,-0.0277722199
0.81832000,-0.0459399447
0.81836000,-0.030640807
0.81840000,-0.0194851868
0.81844000,-0.0462586768
0.81848000,-0.0325531997
0.81852000,-0.0229912382
0.81856000,-0.0287284143
0.81860000,-0.0178915262
0.81864000,-0.0459399447
0.81868000,-0.0134292794
0.81872000,-0.0185289904
0.81876000,-0.0300033428
0.81880000,-0.0376529098
0.81884000,-0.0188477226
0.81888000,-0.00418605097
0.81892000,0.00920069311
0.81896000,0.0123880133
0.81900000,0.0056946408
0.81904000,0.053823173
0.81908000,0.0187626537
0.81912000,0.0420300886
0.81916000,0.0605165437
0.81920000,0.0276871491
0.81924000,0.0149378693
0.81928000,0.0327868611
0.81932000,0.0391614996
0.81936000,0.0343805216
0.81940000,0.0413926244
0.81944000,0.00314478506
0.81948000,-0.0025923911
0.81952000,0.014300405
0.81956000,0.0178064574
0.81960000,0.00123239297
0.81964000,-0.00514224684
0.81968000,0.00824449677
0.81972000,-0.00418605097
0.81976000,0.00218858896
0.81980000,-0.00641717482
0.81984000,0.0241810977
0.81988000,0.0324681289
0.81992000,0.0254560243
0.81996000,0.00760703301
0.82000000,-0.0331906639
0.82004000,-0.0137480106
0.82008000,-0.0169353317
0.82012000,-0.041158963
0.82016000,-0.0427526236
0.82020000,-0.0606016144
0.82024000,-0.0494459942
0.82028000,-0.0561393686
0.82032000,-0.0398840345
0.82036000,-0.0507209226
0.82040000,-0.0325531997
0.82044000,-0.0542269759
0.82048000,-0.0771756768
0.82052000,-0.0657013282
0.82056000,-0.0465774052
0.82060000,-0.0188477226
0.82064000,0.00218858896
0.82068000,0.0190813858
0.82072000,0.0366116464
0.82076000,0.0072883009
0.82080000,0.0146191372
0.82084000,0.0222687051
0.82088000,-0.0105606914
0.82092000,0.0375678428
0.82096000,0.0678473786
0.82100000,0.027368417
0.82104000,0.00920069311
0.82108000,0.0292808097
0.82112000,0.0589228868
0.82116000,0.0321493968
0.82120000,0.0190813858
0.82124000,0.0436237492
0.82128000,-0.00673590694
0.82132000,0.0289620776
0.82136000,0.0254560243
0.82140000,0.008881961
0.82144000,0.0139816729
0.82148000,-0.00291112298
0.82152000,-0.0300033428
0.82156000,-0.00832956657
0.82160000,0.0267309528
0.82164000,-0.0510396548
0.82168000,-0.0551831722
0.82172000,-0.0102419592
0.82176000,-0.0102419592
0.82180000,-0.0408402309
0.82184000,-0.0628327355
0.82188000,-0.0325531997
0.82192000,-0.00673590694
0.82196000,-0.0185289904
0.82200000,0.00792576466
0.82204000,0.00951942522
0.82208000,-0.0185289904
0.82212000,0.0295995418
0.82216000,-0.000361267012
0.82220000,-0.0379716419
0.82224000,-0.0296846107
0.82228000,-0.0395653024
0.82232000,0.000594928977
0.82236000,-0.0194851868
0.82240000,-0.0188477226
0.82244000,-0.0143854748
0.82248000,0.00346351694
0.82252000,-0.00705463905
0.82256000,-0.0124730831
0.82260000,-0.0194851868
0.82264000,0.011431817
0.82268000,0.011431817
0.82272000,-0.0111981547
0.82276000,0.0257747564
0.82280000,-0.0102419592
0.82284000,0.0181251895
0.82288000,-0.001317463
0.82292000,0.0321493968
0.82296000,0.0589228868
0.82300000,-0.00386731909
0.82304000,0.0209937766
0.82308000,0.0337430574
0.82312000,0.0155753326
0.82316000,0.00186985696
0.82320000,0.00665083714
0.82324000,-0.00386731909
0.82328000,0.00665083714
0.82332000,-0.0217163116
0.82336000,-0.0150229391
0.82340000,-0.030640807
0.82344000,-0.00577971106
0.82348000,-0.0357405208
0.82352000,-0.0162978675
0.82356000,-0.0210788473
0.82360000,-0.0249036308
0.82364000,-0.0261785593
0.82368000,-0.0249036308
0.82372000,-0.00832956657
0.82376000,-0.0465774052
0.82380000,-0.0118356189
0.82384000,0.00346351694
0.82388000,0.00186985696
0.82392000,-0.00291112298
0.82396000,-0.0229912382
0.82400000,0.0162127968
0.82404000,0.0117505491
0.82408000,0.0123880133
0.82412000,-0.00227365899
0.82416000,0.0117505491
0.82420000,0.0152566014
0.82424000,0.0455361418
0.82428000,0.0130254766
0.82432000,0.0382053033
0.82436000,0.0130254766
0.82440000,-0.0124730831
0.82444000,0.00633210503
0.82448000,0.0391614996
0.82452000,0.00601337291
0.82456000,0.00250732107
0.82460000,0.0248185601
0.82464000,0.0324681289
0.82468000,0.0107943527
0.82472000,0.0225874372
0.82476000,0.0165315289
0.82480000,0.0194001179
0.82484000,0.00696956879
0.82488000,0.0222687051
0.82492000,-0.00418605097
0.82496000,0.0200375803
0.82500000,0.00633210503
0.82504000,-0.001317463
0.82508000,-0.0264972914
0.82512000,-0.00450478308
0.82516000,-0.0178915262
0.82520000,-0.00195492711
0.82524000,-0.033509396
0.82528000,-0.0245848987
0.82532000,-0.0239474345
0.82536000,-0.0421151593
0.82540000,-0.0586892217
0.82544000,-0.0300033428
0.82548000,-0.0213975795
0.82552000,-0.0338281281
0.82556000,-0.0526333153
0.82560000,-0.0351030566
0.82564000,-0.0360592492
0.82568000,-0.0357405208
0.82572000,-0.0277722199
0.82576000,-0.00896703079
0.82580000,-0.0360592492
0.82584000,-0.020122651
0.82588000,-0.0300033428
0.82592000,-0.00195492711
0.82596000,-0.00291112298
0.82600000,0.00983815733
0.82604000,0.016850261
0.82608000,0.0248185601
0.82612000,0.0340617895
0.82616000,0.00250732107
0.82620000,-0.00609844318
0.82624000,0.0209937766
0.82628000,0.0519107804
0.82632000,0.0171689931
0.82636000,0.0264122207
0.82640000,0.0535044409
0.82644000,0.0547793694
0.82648000,0.0455361418
0.82652000,0.0433050171
0.82656000,0.0573292263
0.82660000,0.0461736061
0.82664000,0.0276871491
0.82668000,0.0369303785
0.82672000,0.0528669767
0.82676000,0.0184439216
0.82680000,-0.0162978675
0.82684000,0.00218858896
0.82688000,0.0327868611
0.82692000,-0.00386731909
0.82696000,0.0130254766
0.82700000,0.00186985696
0.82704000,-0.0025923911
0.82708000,-0.00577971106
0.82712000,-0.0166165996
0.82716000,-0.0242661666
0.82720000,-0.0424338914
0.82724000,-0.0293658786
0.82728000,-0.054545708
0.82732000,-0.0290471464
0.82736000,-0.0366967134
0.82740000,-0.00577971106
0.82744000,-0.0268160235
0.82748000,-0.0309595391
0.82752000,-0.0223537758
0.82756000,-0.0210788473
0.82760000,-0.0188477226
0.82764000,-0.0264972914
0.82768000,-0.0264972914
0.82772000,-0.033509396
0.82776000,-0.00450478308
0.82780000,-0.0115168868
0.82784000,0.0111130849
0.82788000,0.0251372922
0.82792000,0.0184439216
0.82796000,-0.00896703079
0.82800000,-0.000679999008
0.82804000,-0.0153416712
0.82808000,0.0181251895
0.82812000,0.0139816729
0.82816000,0.0222687051
0.82820000,0.0149378693
0.82824000,0.0257747564
0.82828000,0.0178064574
0.82832000,0.0072883009
0.82836000,0.0410738923
0.82840000,0.0311932005
0.82844000,0.0209937766
0.82848000,0.0235436335
0.82852000,0.0181251895
0.82856000,0.0127067454
0.82860000,-0.00801083539
0.82864000,0.00856322888
0.82868000,-0.0245848987
0.82872000,0.00441971282
0.82876000,-0.0204413831
0.82880000,-0.0433900878
0.82884000,-0.0590079539
0.82888000,-0.0268160235
0.82892000,-0.0351030566
0.82896000,-0.0249036308
0.82900000,-0.0475336015
0.82904000,-0.0529520474
0.82908000,-0.0752632841
0.82912000,-0.0437088199
0.82916000,-0.0641076639
0.82920000,-0.0717572346
0.82924000,-0.0484897979
0.82928000,-0.0475336015
0.82932000,-0.0701635778
0.82936000,-0.0908811539
0.82940000,-0.0660200566
0.82944000,-0.0497647263
0.82948000,-0.0421151593
0.82952000,-0.051677119
0.82956000,-0.0312782712
0.82960000,-0.0322344676
0.82964000,-0.0417964272
0.82968000,-0.0233099703
0.82972000,-0.0217163116
0.82976000,-0.0217163116
0.82980000,-0.00609844318
0.82984000,-0.00354858697
0.82988000,0.0171689931
0.82992000,0.0203563124
0.82996000,0.00473844493
0.83000000,0.0225874372
0.83004000,0.0241810977
0.83008000,0.0072883009
0.83012000,0.0111130849
0.83016000,0.0174877252
0.83020000,0.0248185601
0.83024000,0.0181251895
0.83028000,0.00473844493
0.83032000,-0.00992322713
0.83036000,0.00856322888
0.83040000,-0.00322985509
0.83044000,0.00951942522
0.83048000,0.008881961
0.83052000,-0.0025923911
0.83056000,-0.00801083539
0.83060000,-0.00482351519
0.83064000,-0.00546097895
0.83068000,0.0158940647
0.83072000,0.00186985696
0.83076000,-0.00514224684
0.83080000,-0.0137480106
0.83084000,-0.0354217887
0.83088000,-0.0347843245
0.83092000,-0.0319157355
0.83096000,-0.0105606914
0.83100000,-0.0261785593
0.83104000,0.00633210503
0.83108000,0.00983815733
0.83112000,-0.00514224684
0.83116000,0.0174877252
0.83120000,0.0346992537
0.83124000,0.011431817
0.83128000,0.00410098117
0.83132000,-0.00322985509
0.83136000,-0.0357405208
0.83140000,-0.0245848987
0.83144000,-0.000998731004
0.83148000,-0.0357405208
0.83152000,-0.0351030566
0.83156000,-0.00864829868
0.83160000,-0.0242661666
0.83164000,-0.00801083539
0.83168000,-0.0025923911
0.83172000,-0.00673590694
0.83176000,0.0688035786
0.83180000,0.0611540079
0.83184000,0.0382053033
0.83188000,0.0547793694
0.83192000,0.00792576466
0.83196000,-0.0207601152
0.83200000,0.00537590915
0.83204000,-0.0217163116
0.83208000,-0.00705463905
0.83212000,0.0270496849
0.83216000,0.0187626537
0.83220000,-0.00992322713
0.83224000,-0.00832956657
0.83228000,-0.0453024805
0.83232000,-0.0456212126
0.83236000,-0.0284096822
0.83240000,-0.0150229391
0.83244000,-0.0191664547
0.83248000,-0.0137480106
0.83252000,-0.00928576291
0.83256000,-0.00322985509
0.83260000,0.00250732107
0.83264000,0.0206750445
0.83268000,0.0130254766
0.83272000,0.0394802317
0.83276000,0.0397989638
0.83280000,0.0327868611
0.83284000,0.00951942522
0.83288000,0.0391614996
0.83292000,0.000913660973
0.83296000,0.00696956879
0.83300000,0.0324681289
0.83304000,0.0162127968
0.83308000,0.0222687051
0.83312000,0.00983815733
0.83316000,0.0120692812
0.83320000,-0.00386731909
0.83324000,0.0165315289
0.83328000,-0.014704207
0.83332000,-0.0159791354
0.83336000,-0.014704207
0.83340000,-0.0153416712
0.83344000,-0.0249036308
0.83348000,-0.038290374
0.83352000,-0.0325531997
0.83356000,-0.0494459942
0.83360000,-0.0322344676
0.83364000,-0.0150229391
0.83368000,-0.030640807
0.83372000,-0.0131105473
0.83376000,-0.00801083539
0.83380000,-0.0261785593
0.83384000,-0.0264972914
0.83388000,0.00250732107
0.83392000,-0.0105606914
0.83396000,0.00505717704
0.83400000,-0.0261785593
0.83404000,-0.038290374
0.83408000,0.00218858896
0.83412000,-0.0258598272
0.83416000,-0.0296846107
0.83420000,-0.001317463
0.83424000,-0.0213975795
0.83428000,-0.0137480106
0.83432000,-0.0194851868
0.83436000,-0.0245848987
0.83440000,0.00123239297
0.83444000,-0.0134292794
0.83448000,-0.0182102583
0.83452000,-0.00227365899
0.83456000,-0.0124730831
0.83460000,-0.00832956657
0.83464000,-4.25350008e-05
0.83468000,-0.00673590694
0.83472000,-0.041158963
0.83476000,-0.0153416712
0.83480000,-0.00769210281
0.83484000,0.00218858896
0.83488000,0.00792576466
0.83492000,0.0276871491
0.83496000,0.0340617895
0.83500000,0.0544606373
0.83504000,0.0786842704
0.83508000,0.0541419052
0.83512000,0.0318306647
0.83516000,-0.0105606914
0.83520000,0.0324681289
0.83524000,0.091114819
0.83528000,0.0366116464
0.83532000,0.0203563124
0.83536000,0.0732658282
0.83540000,0.0270496849
0.83544000,0.021949973
0.83548000,0.0477672666
0.83552000,-0.0102419592
0.83556000,-0.0612390786
0.83560000,-0.0449837483
0.83564000,-0.0268160235
0.83568000,-0.0373341776
0.83572000,-0.0730321631
0.83576000,-0.07558202
0.83580000,-0.0319157355
0.83584000,0.00505717704
0.83588000,-0.0239474345
0.83592000,-0.0258598272
0.83596000,-0.00673590694
0.83600000,-0.00609844318
0.83604000,0.0133442087
0.83608000,-0.0118356189
0.83612000,-0.00195492711
0.83616000,-0.0194851868
0.83620000,-0.00705463905
0.83624000,0.00410098117
0.83628000,0.00218858896
0.83632000,-0.0274534877
0.83636000,-0.0421151593
0.83640000,0.0257747564
0.83644000,-0.00960449502
0.83648000,-0.0574142933
0.83652000,-0.04880853
0.83656000,-0.0682511851
0.83660000,-0.0494459942
0.83664000,-0.0124730831
0.83668000,-0.00195492711
0.83672000,-0.0229912382
0.83676000,-0.00832956657
0.83680000,0.0139816729
0.83684000,0.00186985696
0.83688000,0.0315119326
0.83692000,0.00824449677
0.83696000,-0.000998731004
0.83700000,0.0101568894
0.83704000,0.0656162575
0.83708000,0.0617914721
0.83712000,0.0225874372
0.83716000,0.0499983877
0.83720000,0.0493609235
0.83724000,0.0445799455
0.83728000,0.0560542978
0.83732000,0.0566917621
0.83736000,-0.0169353317
0.83740000,-0.00322985509
0.83744000,0.0209937766
0.83748000,0.0139816729
0.83752000,0.00505717704
0.83756000,-0.0204413831
0.83760000,-0.030640807
0.83764000,-0.001636195
0.83768000,0.0200375803
0.83772000,0.0442612134
0.83776000,0.0171689931
0.83780000,-0.00482351519
0.83784000,0.0235436335
0.83788000,-4.25350008e-05
0.83792000,-0.0567768328
0.83796000,-0.0166165996
0.83800000,0.0694410428
0.83804000,0.0646600574
0.83808000,-0.0647451282
0.83812000,-0.0134292794
0.83816000,-0.0140667427
0.83820000,-0.0347843245
0.83824000,-0.0427526236
0.83828000,-0.00641717482
0.83832000,-0.0421151593
0.83836000,-0.00928576291
0.83840000,-0.041158963
0.83844000,-0.0223537758
0.83848000,-0.00769210281
0.83852000,-0.00673590694
0.83856000,0.040436428
0.83860000,-0.0115168868
0.83864000,0.00123239297
0.83868000,0.00186985696
0.83872000,0.0200375803
0.83876000,-0.0357405208
0.83880000,-0.0159791354
0.83884000,0.0171689931
0.83888000,-0.0402027667
0.83892000,-0.00673590694
0.83896000,-0.0315970033
0.83900000,-0.0207601152
0.83904000,-0.044027552
0.83908000,-0.038290374
0.83912000,-0.000998731004
0.83916000,-0.0025923911
0.83920000,-0.020122651
0.83924000,0.0216312408
0.83928000,0.0321493968
0.83932000,0.0264122207
0.83936000,0.0541419052
0.83940000,0.0257747564
0.83944000,0.0337430574
0.83948000,0.0152566014
0.83952000,0.0541419052
0.83956000,0.0158940647
0.83960000,0.000913660973
0.83964000,0.000913660973
0.83968000,-0.00291112298
0.83972000,-0.0261785593
0.83976000,-0.0207601152
0.83980000,-0.00641717482
0.83984000,0.00346351694
0.83988000,0.0072883009
0.83992000,-0.00705463905
0.83996000,-0.0287284143
0.84000000,-0.0555019043
0.84004000,-0.0465774052
0.84008000,-0.0389278382
0.84012000,-0.00227365899
0.84016000,-0.0025923911
0.84020000,0.00123239297
0.84024000,-0.00673590694
0.84028000,0.0197188482
0.84032000,0.0117505491
0.84036000,0.0200375803
0.84040000,-0.0025923911
0.84044000,0.0248185601
0.84048000,0.0251372922
0.84052000,0.0305557363
0.84056000,0.0550981015
0.84060000,0.0688035786
0.84064000,0.0260934886
0.84068000,0.00378224906
0.84072000,0.0484047309
0.84076000,0.0149378693
0.84080000,-0.0124730831
0.84084000,-0.014704207
0.84088000,0.00027619701
0.84092000,0.00027619701
0.84096000,-0.00960449502
0.84100000,-0.0284096822
0.84104000,-0.0309595391
0.84108000,-0.0229912382
0.84112000,0.000594928977
0.84116000,-0.0233099703
0.84120000,0.0056946408
0.84124000,-0.00673590694
0.84128000,-0.0207601152
0.84132000,0.000594928977
0.84136000,-0.0150229391
0.84140000,-0.0198039189
0.84144000,-0.00801083539
0.84148000,0.0184439216
0.84152000,0.0254560243
0.84156000,0.00696956879
0.84160000,-0.0134292794
0.84164000,0.0190813858
0.84168000,0.021949973
0.84172000,0.0280058812
0.84176000,0.0190813858
0.84180000,0.0257747564
0.84184000,0.00123239297
0.84188000,0.00027619701
0.84192000,-0.00641717482
0.84196000,-0.0194851868
0.84200000,-0.0366967134
0.84204000,0.0232249014
0.84208000,-0.00291112298
0.84212000,-0.0280909501
0.84216000,0.00537590915
0.84220000,-0.0210788473
0.84224000,-0.0143854748
0.84228000,-0.0111981547
0.84232000,-0.020122651
0.84236000,-0.0331906639
0.84240000,0.0174877252
0.84244000,-0.00195492711
0.84248000,-0.012154351
0.84252000,-0.0264972914
0.84256000,0.021949973
0.84260000,0.0436237492
0.84264000,0.00792576466
0.84268000,-0.0242661666
0.84272000,-0.0169353317
0.84276000,-0.00450478308
0.84280000,-0.0115168868
0.84284000,0.0385240354
0.84288000,0.0305557363
0.84292000,-0.00195492711
0.84296000,0.000594928977
0.84300000,0.0343805216
0.84304000,0.0267309528
0.84308000,-0.0386091061
0.84312000,0.00601337291
0.84316000,0.00920069311
0.84320000,-0.00322985509
0.84324000,-0.0191664547
0.84328000,-0.0293658786
0.84332000,-0.0220350437
0.84336000,0.00314478506
0.84340000,0.0127067454
0.84344000,-0.0137480106
0.84348000,0.0149378693
0.84352000,-0.000679999008
0.84356000,0.0493609235
0.84360000,0.0407551602
0.84364000,0.0232249014
0.84368000,0.0276871491
0.84372000,0.0646600574
0.84376000,0.0484047309
0.84380000,0.0251372922
0.84384000,0.107688881
0.84388000,0.0499983877
0.84392000,0.0633851364
0.84396000,0.0448986776
0.84400000,0.0222687051
0.84404000,-0.000361267012
0.84408000,0.053823173
0.84412000,0.0178064574
0.84416000,0.00186985696
0.84420000,0.0200375803
0.84424000,0.0305557363
0.84428000,-0.00482351519
0.84432000,-0.020122651
0.84436000,0.00346351694
0.84440000,-0.0217163116
0.84444000,-0.0421151593
0.84448000,0.0238623656
0.84452000,-0.0481710657
0.84456000,-0.038290374
0.84460000,-0.0577330254
0.84464000,-0.0255410951
0.84468000,-0.0449837483
0.84472000,-0.0376529098
0.84476000,0.000594928977
0.84480000,-0.0366967134
0.84484000,-0.0574142933
0.84488000,-0.0242661666
0.84492000,-0.0331906639
0.84496000,-0.0564581007
0.84500000,-0.0153416712
0.84504000,-0.0182102583
0.84508000,-0.033509396
0.84512000,-0.0245848987
0.84516000,0.0171689931
0.84520000,-0.000679999008
0.84524000,-0.0309595391
0.84528000,-0.0245848987
0.84532000,-0.00418605097
0.84536000,0.0276871491
0.84540000,0.0152566014
0.84544000,0.0162127968
0.84548000,0.0490421914
0.84552000,0.0493609235
0.84556000,0.0541419052
0.84560000,0.0474485345
0.84564000,0.0429862849
0.84568000,-0.00864829868
0.84572000,0.0464923382
0.84576000,0.053823173
0.84580000,0.0719908997
0.84584000,0.0315119326
0.84588000,0.045854874
0.84592000,0.0391614996
0.84596000,0.0433050171
0.84600000,0.0417113565
0.84604000,0.0394802317
0.84608000,0.0452174097
0.84612000,0.0305557363
0.84616000,0.0267309528
0.84620000,-0.000679999008
0.84624000,0.00537590915
0.84628000,-0.0182102583
0.84632000,0.0206750445
0.84636000,-0.001636195
0.84640000,-0.0319157355
0.84644000,-0.0465774052
0.84648000,-0.0245848987
0.84652000,0.00505717704
0.84656000,-0.0131105473
0.84660000,-0.0131105473
0.84664000,-0.0274534877
0.84668000,0.00378224906
0.84672000,-0.00577971106
0.84676000,0.00155112497
0.84680000,0.0229061693
0.84684000,0.00824449677
0.84688000,0.000594928977
0.84692000,0.0270496849
0.84696000,0.0251372922
0.84700000,-0.0111981547
0.84704000,-0.00960449502
0.84708000,-0.0274534877
0.84712000,-0.0268160235
0.84716000,-0.0290471464
0.84720000,-0.0210788473
0.84724000,-0.00291112298
0.84728000,0.0104756206
0.84732000,-0.0182102583
0.84736000,-0.0153416712
0.84740000,-0.00482351519
0.84744000,-0.0315970033
0.84748000,-0.00195492711
0.84752000,-4.25350008e-05
0.84756000,-0.00354858697
0.84760000,0.0229061693
0.84764000,0.00537590915
0.84768000,0.00856322888
0.84772000,0.0248185601
0.84776000,0.0315119326
0.84780000,0.0190813858
0.84784000,0.0397989638
0.84788000,0.0601978116
0.84792000,0.0359741822
0.84796000,0.0350179859
0.84800000,0.0350179859
0.84804000,0.0197188482
0.84808000,0.00983815733
0.84812000,-4.25350008e-05
0.84816000,0.00760703301
0.84820000,-0.0137480106
0.84824000,-0.00864829868
0.84828000,-0.0115168868
0.84832000,-0.0446650162
0.84836000,-0.0025923911
0.84840000,-0.020122651
0.84844000,-0.0504021905
0.84848000,-0.0564581007
0.84852000,-0.0338281281
0.84856000,-0.0653825924
0.84860000,-0.0663387924
0.84864000,-0.0491272621
0.84868000,-0.0574142933
0.84872000,-0.0319157355
0.84876000,-0.0178915262
0.84880000,-0.0249036308
0.84884000,-0.0386091061
0.84888000,-0.00928576291
0.84892000,-0.00514224684
0.84896000,0.00665083714
0.84900000,-0.00992322713
0.84904000,0.0056946408
0.84908000,0.0056946408
0.84912000,0.0241810977
0.84916000,0.014300405
0.84920000,0.0203563124
0.84924000,0.0133442087
0.84928000,0.0216312408
0.84932000,0.0229061693
0.84936000,0.000913660973
0.84940000,0.0171689931
0.84944000,0.0152566014
0.84948000,-0.00514224684
0.84952000,0.0289620776
0.84956000,0.0206750445
0.84960000,0.0203563124
0.84964000,0.00856322888
0.84968000,0.00920069311
0.84972000,-0.0156604033
0.84976000,0.0209937766
0.84980000,0.0232249014
0.84984000,-0.014704207
0.84988000,0.0149378693
0.84992000,0.0254560243
0.84996000,-0.0185289904
0.85000000,-0.0156604033
0.85004000,0.0222687051
0.85008000,0.00824449677
0.85012000,-0.00450478308
0.85016000,-0.0156604033
0.85020000,-0.0242661666
0.85024000,-0.012154351
0.85028000,0.0334243253
0.85032000,0.0372491106
0.85036000,0.0146191372
0.85040000,-0.0322344676
0.85044000,0.0206750445
0.85048000,-0.0188477226
0.85052000,-0.0465774052
0.85056000,-0.0424338914
0.85060000,-0.0357405208
0.85064000,-0.0389278382
0.85068000,0.00824449677
0.85072000,0.0264122207
0.85076000,0.00760703301
0.85080000,0.0445799455
0.85084000,0.0493609235
0.85088000,0.0133442087
0.85092000,0.0136629408
0.85096000,0.0238623656
0.85100000,0.0566917621
0.85104000,0.0433050171
0.85108000,0.0056946408
0.85112000,0.014300405
0.85116000,0.0127067454
0.85120000,-0.0105606914
0.85124000,0.00155112497
0.85128000,-0.0245848987
0.85132000,-4.25350008e-05
0.85136000,0.0072883009
0.85140000,0.00473844493
0.85144000,-0.0261785593
0.85148000,-0.00864829868
0.85152000,-0.0153416712
0.85156000,-0.0274534877
0.85160000,-0.038290374
0.85164000,-0.0497647263
0.85168000,-0.04880853
0.85172000,-0.0185289904
0.85176000,-0.0131105473
0.85180000,-0.0405214988
0.85184000,-0.0290471464
0.85188000,-0.0242661666
0.85192000,-0.0319157355
0.85196000,-0.020122651
0.85200000,0.00250732107
0.85204000,-0.000361267012
0.85208000,0.0264122207
0.85212000,0.0302370042
0.85216000,0.0184439216
0.85220000,0.0206750445
0.85224000,0.0324681289
0.85228000,0.0190813858
0.85232000,0.0232249014
0.85236000,0.0254560243
0.85240000,0.0522295125
0.85244000,0.0334243253
0.85248000,0.0331055932
0.85252000,0.00665083714
0.85256000,0.0190813858
0.85260000,-0.00769210281
0.85264000,0.0158940647
0.85268000,-0.00322985509
0.85272000,-0.00322985509
0.85276000,0.00378224906
0.85280000,-0.0229912382
0.85284000,-0.0264972914
0.85288000,-0.0271347556
0.85292000,0.00123239297
0.85296000,-0.0325531997
0.85300000,-0.0239474345
0.85304000,-0.0198039189
0.85308000,-0.0277722199
0.85312000,-0.0389278382
0.85316000,-0.0513583869
0.85320000,-0.0465774052
0.85324000,-0.0188477226
0.85328000,-0.0182102583
0.85332000,-0.0322344676
0.85336000,-0.0264972914
0.85340000,-0.0433900878
0.85344000,-0.0242661666
0.85348000,-0.0194851868
0.85352000,-0.0360592492
0.85356000,-0.0293658786
0.85360000,-0.00769210281
0.85364000,0.00314478506
0.85368000,-0.0115168868
0.85372000,-0.0567768328
0.85376000,0.00633210503
0.85380000,0.045854874
0.85384000,0.0382053033
0.85388000,0.0127067454
0.85392000,-0.012154351
0.85396000,0.00983815733
0.85400000,0.0209937766
0.85404000,0.0531857088
0.85408000,0.0315119326
0.85412000,0.00378224906
0.85416000,0.0362929143
0.85420000,0.0477672666
0.85424000,0.00824449677
0.85428000,0.0187626537
0.85432000,0.0343805216
0.85436000,0.0190813858
0.85440000,0.0158940647
0.85444000,0.00696956879
0.85448000,-0.0172540639
0.85452000,-0.0258598272
0.85456000,-0.0535895117
0.85460000,-0.0602828823
0.85464000,-0.0784506053
0.85468000,-0.065063864
0.85472000,-0.0762194842
0.85476000,-0.0660200566
0.85480000,-0.0714385062
0.85484000,-0.0535895117
0.85488000,-0.0223537758
0.85492000,0.00250732107
0.85496000,-0.00673590694
0.85500000,-0.0115168868
0.85504000,-0.0239474345
0.85508000,0.00282605295
0.85512000,0.0251372922
0.85516000,-0.0137480106
0.85520000,0.035336718
0.85524000,0.0382053033
0.85528000,0.0369303785
0.85532000,0.0155753326
0.85536000,0.0560542978
0.85540000,0.0468110703
0.85544000,0.0181251895
0.85548000,0.00378224906
0.85552000,0.0171689931
0.85556000,-0.00386731909
0.85560000,0.00314478506
0.85564000,-0.0118356189
0.85568000,-0.0373341776
0.85572000,-0.0226725079
0.85576000,-0.00609844318
0.85580000,-0.0153416712
0.85584000,-0.0210788473
0.85588000,-4.25350008e-05
0.85592000,-0.0226725079
0.85596000,-0.00195492711
0.85600000,-0.00896703079
0.85604000,-0.0344655924
0.85608000,-0.0370154455
0.85612000,0.00186985696
0.85616000,-0.0328719318
0.85620000,-0.00960449502
0.85624000,0.0474485345
0.85628000,0.0232249014
0.85632000,0.0158940647
0.85636000,0.0382053033
0.85640000,0.0401176959
0.85644000,0.0382053033
0.85648000,0.0382053033
0.85652000,0.0241810977
0.85656000,0.0257747564
0.85660000,0.0139816729
0.85664000,0.00696956879
0.85668000,0.0413926244
0.85672000,0.0563730299
0.85676000,0.0410738923
0.85680000,0.0499983877
0.85684000,0.0388427675
0.85688000,0.0369303785
0.85692000,0.0184439216
0.85696000,0.0155753326
0.85700000,0.0235436335
0.85704000,-0.00769210281
0.85708000,0.00186985696
0.85712000,-0.001317463
0.85716000,-0.000998731004
0.85720000,-0.0433900878
0.85724000,-0.0357405208
0.85728000,-0.0615578108
0.85732000,-0.0405214988
0.85736000,0.0178064574
0.85740000,-0.0631514713
0.85744000,-0.0539082438
0.85748000,-0.0379716419
0.85752000,-0.0542269759
0.85756000,-0.0532707796
0.85760000,-0.0322344676
0.85764000,-0.0229912382
0.85768000,0.0104756206
0.85772000,0.0382053033
0.85776000,-0.00291112298
0.85780000,-0.00195492711
0.85784000,0.0158940647
0.85788000,0.00186985696
0.85792000,0.014300405
0.85796000,-0.0108794225
0.85800000,-0.0204413831
0.85804000,-0.0577330254
0.85808000,-0.0296846107
0.85812000,-0.0303220749
0.85816000,-0.0185289904
0.85820000,-0.00291112298
0.85824000,-0.0166165996
0.85828000,-0.0124730831
0.85832000,0.00282605295
0.85836000,-0.0602828823
0.85840000,-0.0430713557
0.85844000,-0.0255410951
0.85848000,-0.0484897979
0.85852000,-0.0331906639
0.85856000,-0.0290471464
0.85860000,-0.0223537758
0.85864000,-0.0213975795
0.85868000,0.0203563124
0.85872000,0.0206750445
0.85876000,0.0244998299
0.85880000,0.0225874372
0.85884000,-0.00291112298
0.85888000,-0.00322985509
0.85892000,0.0178064574
0.85896000,0.0127067454
0.85900000,0.00951942522
0.85904000,-0.0223537758
0.85908000,0.0117505491
0.85912000,0.0162127968
0.85916000,0.0225874372
0.85920000,0.011431817
0.85924000,-0.0220350437
0.85928000,-0.00609844318
0.85932000,-0.0182102583
0.85936000,-0.0150229391
0.85940000,-0.0220350437
0.85944000,0.0276871491
0.85948000,-0.0331906639
0.85952000,-0.0386091061
0.85956000,-0.0459399447
0.85960000,-0.0166165996
0.85964000,0.008881961
0.85968000,0.0318306647
0.85972000,0.0178064574
0.85976000,-0.0280909501
0.85980000,-0.025222363
0.85984000,-0.0287284143
0.85988000,-0.054545708
0.85992000,-0.00641717482
0.85996000,-0.0182102583
0.86000000,0.00824449677
0.86004000,-0.0210788473
0.86008000,0.0171689931
0.86012000,0.0557355657
0.86016000,0.0280058812
0.86020000,0.0311932005
0.86024000,0.00760703301
0.86028000,-0.00546097895
0.86032000,0.0525482446
0.86036000,-0.0140667427
0.86040000,-0.001317463
0.86044000,0.0197188482
0.86048000,0.00983815733
0.86052000,-0.0408402309
0.86056000,-0.044027552
0.86060000,0.00282605295
0.86064000,-0.0468961373
0.86068000,0.0241810977
0.86072000,-0.0303220749
0.86076000,0.0206750445
0.86080000,-0.0481710657
0.86084000,0.00250732107
0.86088000,-0.0204413831
0.86092000,-0.0025923911
0.86096000,-0.0115168868
0.86100000,-0.0631514713
0.86104000,-0.0108794225
0.86108000,-4.25350008e-05
0.86112000,0.0222687051
0.86116000,-0.0421151593
0.86120000,-0.000679999008
0.86124000,-0.0213975795
0.86128000,-0.00960449502
0.86132000,0.0295995418
0.86136000,-0.0261785593
0.86140000,0.0369303785
0.86144000,0.0276871491
0.86148000,-0.000998731004
0.86152000,0.0139816729
0.86156000,0.0117505491
0.86160000,0.0410738923
0.86164000,0.0397989638
0.86168000,-0.0280909501
0.86172000,-0.0204413831
0.86176000,-4.25350008e-05
0.86180000,-0.0102419592
0.86184000,-0.0210788473
0.86188000,-0.0239474345
0.86192000,-0.00514224684
0.86196000,-0.00769210281
0.86200000,-0.0468961373
0.86204000,-0.0229912382
0.86208000,-0.0634701997
0.86212000,0.0111130849
0.86216000,-0.000361267012
0.86220000,-0.0331906639
0.86224000,-0.0217163116
0.86228000,0.0216312408
0.86232000,-0.0153416712
0.86236000,-0.0271347556
0.86240000,0.0286433455
0.86244000,-0.0194851868
0.86248000,0.0152566014
0.86252000,0.0461736061
0.86256000,-0.0204413831
0.86260000,-0.0685699135
0.86264000,-0.0229912382
0.86268000,-0.0328719318
0.86272000,-0.0351030566
0.86276000,-0.0111981547
0.86280000,-0.0449837483
0.86284000,0.016850261
0.86288000,0.0133442087
0.86292000,-0.0354217887
0.86296000,-0.0389278382
0.86300000,0.0178064574
0.86304000,0.011431817
0.86308000,-0.00450478308
0.86312000,-0.0379716419
0.86316000,-0.0386091061
0.86320000,-0.0513583869
0.86324000,-0.0373341776
0.86328000,-0.0175727941
0.86332000,-0.0354217887
0.86336000,0.000594928977
0.86340000,-0.00227365899
0.86344000,-0.051677119
0.86348000,-0.0198039189
0.86352000,-0.00960449502
0.86356000,-0.00832956657
0.86360000,-0.0539082438
0.86364000,-0.0344655924
0.86368000,-0.0284096822
0.86372000,0.0152566014
0.86376000,0.00123239297
0.86380000,-0.0449837483
0.86384000,0.00473844493
0.86388000,0.008881961
0.86392000,0.0133442087
0.86396000,-0.0261785593
0.86400000,-0.0322344676
0.86404000,0.00378224906
0.86408000,-0.041158963
0.86412000,-0.0172540639
0.86416000,-0.0191664547
0.86420000,-0.0453024805
0.86424000,-0.0162978675
0.86428000,-0.0025923911
0.86432000,-0.0351030566
0.86436000,-0.065063864
0.86440000,-0.0459399447
0.86444000,-0.0357405208
0.86448000,-0.0370154455
0.86452000,-0.0280909501
0.86456000,0.0101568894
0.86460000,-0.012154351
0.86464000,-0.0102419592
0.86468000,0.0133442087
0.86472000,0.0582854226
0.86476000,0.0305557363
0.86480000,-0.00673590694
0.86484000,-0.0105606914
0.86488000,0.0152566014
0.86492000,0.0471298024
0.86496000,0.035336718
0.86500000,0.0627476722
0.86504000,0.0515920483
0.86508000,0.0337430574
0.86512000,0.027368417
0.86516000,0.0203563124
0.86520000,0.016850261
0.86524000,0.008881961
0.86528000,-0.00450478308
0.86532000,-0.0245848987
0.86536000,-0.0245848987
0.86540000,-0.0386091061
0.86544000,-0.00450478308
0.86548000,-0.00641717482
0.86552000,-0.0207601152
0.86556000,-0.0111981547
0.86560000,-0.0258598272
0.86564000,-0.0303220749
0.86568000,-0.0249036308
0.86572000,-0.0245848987
0.86576000,-0.0220350437
0.86580000,-0.0175727941
0.86584000,-0.0341468602
0.86588000,-0.0166165996
0.86592000,-0.0331906639
0.86596000,-0.0475336015
0.86600000,-0.0226725079
0.86604000,-0.0249036308
0.86608000,-0.0484897979
0.86612000,-0.0478523336
0.86616000,-0.0153416712
0.86620000,-0.0395653024
0.86624000,-0.00928576291
0.86628000,-0.0239474345
0.86632000,-0.00482351519
0.86636000,-0.00801083539
0.86640000,0.014300405
0.86644000,-4.25350008e-05
0.86648000,0.00218858896
0.86652000,-0.001317463
0.86656000,0.0056946408
0.86660000,0.00473844493
0.86664000,0.0130254766
0.86668000,0.0334243253
0.86672000,0.00155112497
0.86676000,0.0292808097
0.86680000,0.0203563124
0.86684000,0.0209937766
0.86688000,0.000913660973
0.86692000,0.0190813858
0.86696000,0.0229061693
0.86700000,0.00250732107
0.86704000,0.00123239297
0.86708000,0.00218858896
0.86712000,-0.00227365899
0.86716000,0.00346351694
0.86720000,0.0072883009
0.86724000,-0.00673590694
0.86728000,0.0174877252
0.86732000,-0.00482351519
0.86736000,0.0235436335
0.86740000,0.0251372922
0.86744000,0.000913660973
0.86748000,-0.0198039189
0.86752000,0.0187626537
0.86756000,0.0375678428
0.86760000,0.0232249014
0.86764000,0.0350179859
0.86768000,0.0299182739
0.86772000,0.0178064574
0.86776000,0.0130254766
0.86780000,0.0184439216
0.86784000,0.0101568894
0.86788000,0.0165315289
0.86792000,0.0289620776
0.86796000,0.0146191372
0.86800000,0.0260934886
0.86804000,0.0104756206
0.86808000,-0.0102419592
0.86812000,0.0120692812
0.86816000,0.0158940647
0.86820000,-0.000361267012
0.86824000,-0.0131105473
0.86828000,0.00027619701
0.86832000,0.00951942522
0.86836000,0.0267309528
0.86840000,0.00123239297
0.86844000,-0.00450478308
0.86848000,0.00633210503
0.86852000,0.00537590915
0.86856000,0.0165315289
0.86860000,0.0311932005
0.86864000,0.0111130849
0.86868000,-0.00609844318
0.86872000,0.00920069311
0.86876000,0.0111130849
0.86880000,0.0213125087
0.86884000,-0.0105606914
0.86888000,0.0257747564
0.86892000,-0.00291112298
0.86896000,-0.0025923911
0.86900000,-0.0115168868
0.86904000,0.00314478506
0.86908000,0.00824449677
0.86912000,-0.0140667427
0.86916000,0.0302370042
0.86920000,0.0130254766
0.86924000,-0.00928576291
0.86928000,-0.0172540639
0.86932000,-0.0217163116
0.86936000,-0.00514224684
0.86940000,-0.0175727941
0.86944000,-0.0226725079
0.86948000,-0.0131105473
0.86952000,-0.00641717482
0.86956000,-0.00291112298
0.86960000,-0.0169353317
0.86964000,0.00346351694
0.86968000,-0.0233099703
0.86972000,0.00027619701
0.86976000,-0.025222363
0.86980000,-0.0127918152
0.86984000,-0.0223537758
0.86988000,-0.00482351519
0.86992000,-0.020122651
0.86996000,-0.0185289904
0.87000000,-0.0315970033
0.87004000,-0.0239474345
0.87008000,0.0203563124
0.87012000,-0.00227365899
0.87016000,0.000594928977
0.87020000,-0.000679999008
0.87024000,0.0324681289
0.87028000,-0.000361267012
0.87032000,0.0171689931
0.87036000,0.00824449677
0.87040000,0.0350179859
0.87044000,0.0382053033
0.87048000,0.0378865711
0.87052000,0.072628364
0.87056000,0.0579666905
0.87060000,0.0401176959
0.87064000,0.0235436335
0.87068000,-0.00322985509
0.87072000,0.0206750445
0.87076000,0.0178064574
0.87080000,0.0178064574
0.87084000,0.0136629408
0.87088000,-0.0105606914
0.87092000,-0.0169353317
0.87096000,-0.0178915262
0.87100000,0.00155112497
0.87104000,-0.0500834584
0.87108000,-0.0386091061
0.87112000,-0.0271347556
0.87116000,-0.0430713557
0.87120000,-0.0612390786
0.87124000,-0.0558206365
0.87128000,-0.0845065117
0.87132000,-0.0666575208
0.87136000,-0.0465774052
0.87140000,-0.0325531997
0.87144000,-0.038290374
0.87148000,-0.00896703079
0.87152000,0.0426675528
0.87156000,0.0302370042
0.87160000,0.0423488207
0.87164000,0.0541419052
0.87168000,0.0579666905
0.87172000,0.0665724501
0.87176000,0.0962145254
0.87180000,0.0678473786
0.87184000,0.0732658282
0.87188000,0.0700785071
0.87192000,0.0506358519
0.87196000,0.0592416152
0.87200000,0.0582854226
0.87204000,0.0127067454
0.87208000,0.0174877252
0.87212000,0.00824449677
0.87216000,0.0056946408
0.87220000,-0.0233099703
0.87224000,-0.0255410951
0.87228000,-0.0574142933
0.87232000,-0.0535895117
0.87236000,-0.051677119
0.87240000,-0.0395653024
0.87244000,-0.0153416712
0.87248000,-0.0328719318
0.87252000,-0.0433900878
0.87256000,-0.0430713557
0.87260000,-0.0370154455
0.87264000,-0.0198039189
0.87268000,-0.00514224684
0.87272000,0.0200375803
0.87276000,0.0162127968
0.87280000,0.0448986776
0.87284000,0.0678473786
0.87288000,0.0512733161
0.87292000,0.0646600574
0.87296000,0.0484047309
0.87300000,0.0375678428
0.87304000,0.0547793694
0.87308000,0.072628364
0.87312000,0.0346992537
0.87316000,0.0257747564
0.87320000,-0.0025923911
0.87324000,-0.00960449502
0.87328000,-0.0277722199
0.87332000,-0.0500834584
0.87336000,-0.0223537758
0.87340000,-0.00514224684
0.87344000,-0.0102419592
0.87348000,-0.0363779813
0.87352000,0.0072883009
0.87356000,-0.0322344676
0.87360000,-0.0437088199
0.87364000,-0.0188477226
0.87368000,-0.0108794225
0.87372000,-0.020122651
0.87376000,-0.00673590694
0.87380000,0.00250732107
0.87384000,-0.0115168868
0.87388000,0.0139816729
0.87392000,0.0343805216
0.87396000,0.0413926244
0.87400000,0.0448986776
0.87404000,0.0184439216
0.87408000,0.0331055932
0.87412000,0.0264122207
0.87416000,0.0178064574
0.87420000,-0.000998731004
0.87424000,-0.0169353317
0.87428000,-0.00195492711
0.87432000,-0.0280909501
0.87436000,-0.0287284143
0.87440000,-0.020122651
0.87444000,-0.00992322713
0.87448000,-0.0338281281
0.87452000,-0.0513583869
0.87456000,-0.0233099703
0.87460000,-0.0274534877
0.87464000,-0.0484897979
0.87468000,-0.0535895117
0.87472000,-0.0618765429
0.87476000,-0.0615578108
0.87480000,-0.0660200566
0.87484000,-0.0580517575
0.87488000,-0.0191664547
0.87492000,0.00378224906
0.87496000,0.0165315289
0.87500000,-0.00546097895
0.87504000,-0.000998731004
0.87508000,-0.00227365899
0.87512000,0.0123880133
0.87516000,-0.0108794225
0.87520000,-0.00832956657
0.87524000,-0.0344655924
0.87528000,-0.0414776951
0.87532000,-0.00737337116
0.87536000,-0.00705463905
0.87540000,-0.00737337116
0.87544000,-0.000679999008
0.87548000,0.00665083714
0.87552000,-0.00546097895
0.87556000,-0.0249036308
0.87560000,-0.0115168868
0.87564000,-0.00928576291
0.87568000,-0.0449837483
0.87572000,-0.0523145832
0.87576000,-0.0319157355
0.87580000,-0.0249036308
0.87584000,-0.0615578108
0.87588000,-0.0417964272
0.87592000,-0.00641717482
0.87596000,-0.020122651
0.87600000,-0.0134292794
0.87604000,0.0162127968
0.87608000,0.0187626537
0.87612000,0.0139816729
0.87616000,0.00792576466
0.87620000,0.0206750445
0.87624000,0.0366116464
0.87628000,0.0162127968
0.87632000,0.040436428
0.87636000,0.0420300886
0.87640000,0.0570104942
0.87644000,0.0480859987
0.87648000,0.0366116464
0.87652000,0.0362929143
0.87656000,0.0190813858
0.87660000,0.00951942522
0.87664000,-0.0105606914
0.87668000,-0.00354858697
0.87672000,-0.0175727941
0.87676000,-0.0277722199
0.87680000,-0.0386091061
0.87684000,-0.0657013282
0.87688000,-0.0427526236
0.87692000,-0.0548644401
0.87696000,-0.0249036308
0.87700000,-0.0567768328
0.87704000,-0.0574142933
0.87708000,-0.0392465703
0.87712000,-0.0315970033
0.87716000,-0.0220350437
0.87720000,-0.0280909501
0.87724000,-0.00418605097
0.87728000,0.0104756206
0.87732000,0.0101568894
0.87736000,-0.0118356189
0.87740000,-0.000998731004
0.87744000,-0.00482351519
0.87748000,-0.00195492711
0.87752000,0.0139816729
0.87756000,0.0560542978
0.87760000,0.00123239297
0.87764000,0.00856322888
0.87768000,0.0343805216
0.87772000,0.0391614996
0.87776000,0.0165315289
0.87780000,0.00155112497
0.87784000,-0.000361267012
0.87788000,0.00123239297
0.87792000,-0.0159791354
0.87796000,-4.25350008e-05
0.87800000,-0.00928576291
0.87804000,-0.0025923911
0.87808000,-0.0127918152
0.87812000,-0.0153416712
0.87816000,0.00441971282
0.87820000,-0.0309595391
0.87824000,-0.0280909501
0.87828000,0.00505717704
0.87832000,-0.0274534877
0.87836000,-0.0437088199
0.87840000,-0.0370154455
0.87844000,-0.0347843245
0.87848000,-0.038290374
0.87852000,-0.0204413831
0.87856000,-0.0156604033
0.87860000,0.00505717704
0.87864000,0.00218858896
0.87868000,0.0127067454
0.87872000,0.00760703301
0.87876000,0.0445799455
0.87880000,0.069122307
0.87884000,0.0244998299
0.87888000,0.0522295125
0.87892000,0.0286433455
0.87896000,0.0576479584
0.87900000,0.0366116464
0.87904000,0.0442612134
0.87908000,0.00760703301
0.87912000,0.00410098117
0.87916000,0.00218858896
0.87920000,0.0104756206
0.87924000,-0.0207601152
0.87928000,-0.012154351
0.87932000,-0.0108794225
0.87936000,-0.00673590694
0.87940000,-0.0150229391
0.87944000,-0.00418605097
0.87948000,-0.0376529098
0.87952000,-0.0392465703
0.87956000,-0.0363779813
0.87960000,-0.0500834584
0.87964000,-0.0433900878
0.87968000,-0.0300033428
0.87972000,-0.0277722199
0.87976000,-0.000679999008
0.87980000,-0.0245848987
0.87984000,0.00537590915
0.87988000,-0.00832956657
0.87992000,-0.00960449502
0.87996000,0.0155753326
0.88000000,0.0101568894
0.88004000,0.0178064574
0.88008000,0.0318306647
0.88012000,0.00633210503
0.88016000,0.016850261
0.88020000,0.0254560243
0.88024000,0.040436428
0.88028000,0.0318306647
0.88032000,0.0544606373
0.88036000,-0.0105606914
0.88040000,-0.0258598272
0.88044000,0.00856322888
0.88048000,-0.0296846107
0.88052000,-0.0296846107
0.88056000,-0.0328719318
0.88060000,-0.0274534877
0.88064000,-0.0437088199
0.88068000,-0.0255410951
0.88072000,-0.0437088199
0.88076000,-0.0226725079
0.88080000,-0.0188477226
0.88084000,0.00505717704
0.88088000,-0.0366967134
0.88092000,0.0139816729
0.88096000,0.0299182739
0.88100000,0.00537590915
0.88104000,-0.00291112298
0.88108000,0.00441971282
0.88112000,0.0120692812
0.88116000,-0.0255410951
0.88120000,-0.00195492711
0.88124000,0.00665083714
0.88128000,0.00983815733
0.88132000,0.0203563124
0.88136000,0.0197188482
0.88140000,0.0139816729
0.88144000,-0.0319157355
0.88148000,0.0318306647
0.88152000,-0.0379716419
0.88156000,-0.0261785593
0.88160000,0.00760703301
0.88164000,-0.0185289904
0.88168000,-0.0519958511
0.88172000,0.0315119326
0.88176000,-0.0459399447
0.88180000,-0.0417964272
0.88184000,0.0190813858
0.88188000,-0.0303220749
0.88192000,-0.0134292794
0.88196000,0.0225874372
0.88200000,0.0133442087
0.88204000,0.0162127968
0.88208000,0.0397989638
0.88212000,0.0174877252
0.88216000,0.0503171198
0.88220000,0.0484047309
0.88224000,0.0321493968
0.88228000,0.0474485345
0.88232000,-0.0025923911
0.88236000,0.0362929143
0.88240000,0.0617914721
0.88244000,0.0222687051
0.88248000,0.0174877252
0.88252000,0.0496796556
0.88256000,0.0251372922
0.88260000,0.0566917621
0.88264000,0.0158940647
0.88268000,-0.0264972914
0.88272000,-0.0414776951
0.88276000,-0.0102419592
0.88280000,-0.0806817338
0.88284000,-0.00482351519
0.88288000,-0.030640807
0.88292000,-0.0255410951
0.88296000,-0.0357405208
0.88300000,-0.0249036308
0.88304000,-0.0701635778
0.88308000,-0.0354217887
0.88312000,-0.0255410951
0.88316000,-0.0491272621
0.88320000,-0.0500834584
0.88324000,-0.0217163116
0.88328000,0.0299182739
0.88332000,-0.000679999008
0.88336000,-0.0261785593
0.88340000,0.0547793694
0.88344000,0.0895211548
0.88348000,0.00378224906
0.88352000,0.0324681289
0.88356000,0.0200375803
0.88360000,-0.0178915262
0.88364000,0.0401176959
0.88368000,0.0774093419
0.88372000,0.008881961
0.88376000,0.00282605295
0.88380000,0.0072883009
0.88384000,0.0248185601
0.88388000,-0.0185289904
0.88392000,-0.0025923911
0.88396000,-0.0351030566
0.88400000,-0.00418605097
0.88404000,-0.0414776951
0.88408000,-0.0162978675
0.88412000,0.00250732107
0.88416000,-0.0328719318
0.88420000,-0.0414776951
0.88424000,-0.0025923911
0.88428000,-0.0175727941
0.88432000,-0.0108794225
0.88436000,0.00824449677
0.88440000,-0.00482351519
0.88444000,0.0397989638
0.88448000,0.0350179859
0.88452000,0.0343805216
0.88456000,0.0394802317
0.88460000,0.0308744684
0.88464000,0.0394802317
0.88468000,0.0299182739
0.88472000,0.0334243253
0.88476000,0.0264122207
0.88480000,-0.00354858697
0.88484000,-0.00354858697
0.88488000,-0.0105606914
0.88492000,-0.0217163116
0.88496000,-0.0459399447
0.88500000,-0.038290374
0.88504000,-0.0229912382
0.88508000,-0.0331906639
0.88512000,-0.0962995961
0.88516000,-0.0402027667
0.88520000,-0.0178915262
0.88524000,0.0295995418
0.88528000,-0.00386731909
0.88532000,-0.0175727941
0.88536000,-0.0025923911
0.88540000,-0.0153416712
0.88544000,-0.0105606914
0.88548000,0.0394802317
0.88552000,0.0209937766
0.88556000,0.00824449677
0.88560000,0.00792576466
0.88564000,0.100676775
0.88568000,0.0254560243
0.88572000,0.0107943527
0.88576000,0.0209937766
0.88580000,-0.0137480106
0.88584000,-0.0153416712
0.88588000,-0.00227365899
0.88592000,-0.0386091061
0.88596000,-0.0577330254
0.88600000,-0.0182102583
0.88604000,-0.0484897979
0.88608000,-0.0695261136
0.88612000,-0.0468961373
0.88616000,-0.0303220749
0.88620000,-0.0637889355
0.88624000,-0.0417964272
0.88628000,-0.0437088199
0.88632000,-0.070801042
0.88636000,-0.0280909501
0.88640000,0.00505717704
0.88644000,-0.0025923911
0.88648000,-0.0245848987
0.88652000,0.0375678428
0.88656000,0.0630664006
0.88660000,0.0117505491
0.88664000,0.00346351694
0.88668000,0.0433050171
0.88672000,0.0586041547
0.88676000,0.0455361418
0.88680000,0.0633851364
0.88684000,0.0197188482
0.88688000,0.0130254766
0.88692000,0.0560542978
0.88696000,0.0560542978
0.88700000,0.00123239297
0.88704000,-0.030640807
0.88708000,-0.0319157355
0.88712000,-0.0242661666
0.88716000,-0.0271347556
0.88720000,-0.0542269759
0.88724000,-0.0577330254
0.88728000,-0.0567768328
0.88732000,-0.0421151593
0.88736000,-0.0351030566
0.88740000,-0.059326686
0.88744000,-0.0555019043
0.88748000,-0.00386731909
0.88752000,-0.0433900878
0.88756000,-0.0564581007
0.88760000,-0.00546097895
0.88764000,-0.0105606914
0.88768000,0.00760703301
0.88772000,0.0241810977
0.88776000,0.0327868611
0.88780000,0.0308744684
0.88784000,0.0582854226
0.88788000,0.0382053033
0.88792000,0.0484047309
0.88796000,0.0608352758
0.88800000,0.040436428
0.88804000,-0.0223537758
0.88808000,0.0225874372
0.88812000,-0.00195492711
0.88816000,0.0181251895
0.88820000,0.0515920483
0.88824000,0.0117505491
0.88828000,-0.0185289904
0.88832000,0.00983815733
0.88836000,-0.00322985509
0.88840000,-0.0360592492
0.88844000,0.0200375803
0.88848000,-0.0325531997
0.88852000,-0.0233099703
0.88856000,0.00505717704
0.88860000,0.0484047309
0.88864000,-0.0182102583
0.88868000,0.00218858896
0.88872000,-0.0166165996
0.88876000,-0.000998731004
0.88880000,-0.00705463905
0.88884000,-0.0025923911
0.88888000,0.0327868611
0.88892000,0.00378224906
0.88896000,0.0162127968
0.88900000,-0.00195492711
0.88904000,-0.0351030566
0.88908000,0.00983815733
0.88912000,0.00378224906
0.88916000,-0.0150229391
0.88920000,-0.0417964272
0.88924000,0.00951942522
0.88928000,-0.038290374
0.88932000,-0.001317463
0.88936000,-0.0198039189
0.88940000,0.0315119326
0.88944000,0.0120692812
0.88948000,0.0225874372
0.88952000,-0.00801083539
0.88956000,-0.0233099703
0.88960000,-0.0220350437
0.88964000,-0.0185289904
0.88968000,-0.0143854748
0.88972000,0.0324681289
0.88976000,0.0117505491
0.88980000,0.0165315289
0.88984000,-0.0465774052
0.88988000,-0.0198039189
0.88992000,-0.00705463905
0.88996000,0.0171689931
0.89000000,0.0184439216
0.89004000,-0.020122651
0.89008000,0.0206750445
0.89012000,0.0187626537
0.89016000,0.0133442087
0.89020000,-0.0025923911
0.89024000,-0.0105606914
0.89028000,0.0190813858
0.89032000,0.0216312408
0.89036000,0.00696956879
0.89040000,-0.041158963
0.89044000,0.021949973
0.89048000,-0.00227365899
0.89052000,-0.0153416712
0.89056000,-0.0386091061
0.89060000,0.0299182739
0.89064000,0.0289620776
0.89068000,0.0152566014
0.89072000,-0.0261785593
0.89076000,0.0152566014
0.89080000,-0.0417964272
0.89084000,-0.025222363
0.89088000,-0.0303220749
0.89092000,-0.0312782712
0.89096000,-0.0405214988
0.89100000,-0.00801083539
0.89104000,-0.0220350437
0.89108000,-0.0459399447
0.89112000,-0.0443462841
0.89116000,-0.0370154455
0.89120000,-0.0574142933
0.89124000,-0.0405214988
0.89128000,-0.0366967134
0.89132000,-0.0491272621
0.89136000,0.00537590915
0.89140000,-0.0111981547
0.89144000,-0.0108794225
0.89148000,0.0356554501
0.89152000,0.0598790795
0.89156000,0.0375678428
0.89160000,0.0190813858
0.89164000,0.0356554501
0.89168000,0.0668911859
0.89172000,0.0535044409
0.89176000,0.0426675528
0.89180000,0.0302370042
0.89184000,0.0346992537
0.89188000,0.0433050171
0.89192000,0.0535044409
0.89196000,0.011431817
0.89200000,0.0439424813
0.89204000,-0.0207601152
0.89208000,-0.0137480106
0.89212000,0.00505717704
0.89216000,-0.000361267012
0.89220000,-0.00482351519
0.89224000,0.00186985696
0.89228000,0.0123880133
0.89232000,-0.0150229391
0.89236000,-0.0025923911
0.89240000,-0.025222363
0.89244000,0.00951942522
0.89248000,-0.0175727941
0.89252000,0.0056946408
0.89256000,-0.0025923911
0.89260000,-0.00769210281
0.89264000,-0.0258598272
0.89268000,-0.0239474345
0.89272000,0.00410098117
0.89276000,-0.0491272621
0.89280000,-0.0484897979
0.89284000,-0.020122651
0.89288000,0.0056946408
0.89292000,-0.012154351
0.89296000,-0.00482351519
0.89300000,-0.0166165996
0.89304000,-0.00386731909
0.89308000,-0.0118356189
0.89312000,-0.0456212126
0.89316000,-0.000679999008
0.89320000,0.0146191372
0.89324000,0.00951942522
0.89328000,-0.0433900878
0.89332000,0.00250732107
0.89336000,-0.00577971106
0.89340000,0.00123239297
0.89344000,0.00505717704
0.89348000,0.0229061693
0.89352000,0.00792576466
0.89356000,-0.00418605097
0.89360000,0.011431817
0.89364000,0.0104756206
0.89368000,-0.00705463905
0.89372000,0.00410098117
0.89376000,-0.00577971106
0.89380000,0.0184439216
0.89384000,-0.00322985509
0.89388000,0.0308744684
0.89392000,0.0254560243
0.89396000,0.0213125087
0.89400000,-0.0300033428
0.89404000,-0.0268160235
0.89408000,-4.25350008e-05
0.89412000,0.011431817
0.89416000,-0.0395653024
0.89420000,-0.0236287024
0.89424000,-0.00705463905
0.89428000,-0.0284096822
0.89432000,-0.0315970033
0.89436000,-0.0239474345
0.89440000,-0.0408402309
0.89444000,-0.0277722199
0.89448000,-0.0131105473
0.89452000,-0.0185289904
0.89456000,-0.00928576291
0.89460000,0.00186985696
0.89464000,-0.00769210281
0.89468000,-0.00928576291
0.89472000,-4.25350008e-05
0.89476000,-0.0105606914
0.89480000,-0.000998731004
0.89484000,0.0197188482
0.89488000,0.0206750445
0.89492000,0.0197188482
0.89496000,0.00792576466
0.89500000,0.00346351694
0.89504000,0.0295995418
0.89508000,0.0194001179
0.89512000,0.0056946408
0.89516000,0.00441971282
0.89520000,-0.00641717482
0.89524000,0.00123239297
0.89528000,-0.001317463
0.89532000,0.00824449677
0.89536000,-0.00641717482
0.89540000,0.00473844493
0.89544000,-0.00992322713
0.89548000,-0.0194851868
0.89552000,-0.000679999008
0.89556000,-0.00450478308
0.89560000,0.0299182739
0.89564000,-0.0102419592
0.89568000,-0.0277722199
0.89572000,-0.000361267012
0.89576000,0.00250732107
0.89580000,0.0104756206
0.89584000,-0.0134292794
0.89588000,-0.0172540639
0.89592000,-0.0102419592
0.89596000,-0.00450478308
0.89600000,-0.00291112298
0.89604000,-0.0137480106
0.89608000,0.000594928977
0.89612000,0.00027619701
0.89616000,0.0072883009
0.89620000,-0.00482351519
0.89624000,0.00633210503
0.89628000,-0.0166165996
0.89632000,-0.0417964272
0.89636000,-0.0392465703
0.89640000,-0.0290471464
0.89644000,-0.0261785593
0.89648000,-0.014704207
0.89652000,-0.0105606914
0.89656000,-0.00450478308
0.89660000,-0.0331906639
0.89664000,-0.0430713557
0.89668000,-0.00960449502
0.89672000,-0.0398840345
0.89676000,-0.0264972914
0.89680000,-0.0386091061
0.89684000,-0.051677119
0.89688000,-4.25350008e-05
0.89692000,-0.0280909501
0.89696000,-0.0277722199
0.89700000,-0.0194851868
0.89704000,-0.0370154455
0.89708000,-0.0414776951
0.89712000,-0.00992322713
0.89716000,0.0276871491
0.89720000,0.0136629408
0.89724000,0.0072883009
0.89728000,-0.000361267012
0.89732000,-0.00769210281
0.89736000,0.0152566014
0.89740000,0.00314478506
0.89744000,0.0311932005
0.89748000,0.0426675528
0.89752000,0.0382053033
0.89756000,0.0426675528
0.89760000,0.0461736061
0.89764000,0.0356554501
0.89768000,0.0452174097
0.89772000,0.0439424813
0.89776000,0.0637038648
0.89780000,0.0302370042
0.89784000,0.0541419052
0.89788000,0.0579666905
0.89792000,0.0394802317
0.89796000,0.0452174097
0.89800000,0.0276871491
0.89804000,0.0194001179
0.89808000,-0.0159791354
0.89812000,0.014300405
0.89816000,-0.00227365899
0.89820000,-0.00482351519
0.89824000,-0.0159791354
0.89828000,-0.0166165996
0.89832000,-0.0497647263
0.89836000,-0.0462586768
0.89840000,-0.051677119
0.89844000,-0.0500834584
0.89848000,-0.0577330254
0.89852000,-0.0462586768
0.89856000,-0.0609203465
0.89860000,-0.0408402309
0.89864000,-0.0564581007
0.89868000,-0.0695261136
0.89872000,-0.059326686
0.89876000,-0.0229912382
0.89880000,-0.030640807
0.89884000,-0.0408402309
0.89888000,-0.0481710657
0.89892000,-0.0207601152
0.89896000,-0.0140667427
0.89900000,-0.00291112298
0.89904000,-4.25350008e-05
0.89908000,-0.0191664547
0.89912000,0.0178064574
0.89916000,0.0264122207
0.89920000,0.0152566014
0.89924000,0.0158940647
0.89928000,0.0190813858
0.89932000,0.00951942522
0.89936000,-0.012154351
0.89940000,-0.0207601152
0.89944000,-0.0271347556
0.89948000,-0.0379716419
0.89952000,-0.0500834584
0.89956000,-0.0437088199
0.89960000,-0.0631514713
0.89964000,-0.0590079539
0.89968000,-0.0641076639
0.89972000,-0.0376529098
0.89976000,-0.081319198
0.89980000,-0.0660200566
0.89984000,-0.0293658786
0.89988000,-0.00641717482
0.89992000,-0.00769210281
0.89996000,-0.0277722199
0.90000000,0.00441971282
0.90004000,-4.25350008e-05
0.90008000,0.00760703301
0.90012000,0.0719908997
0.90016000,0.0528669767
0.90020000,0.0350179859
0.90024000,0.0350179859
0.90028000,0.0841027126
0.90032000,0.101951703
0.90036000,0.0608352758
0.90040000,0.0952583328
0.90044000,0.0933459401
0.90048000,0.0566917621
0.90052000,0.0608352758
0.90056000,0.0190813858
0.90060000,0.0385240354
0.90064000,-0.0115168868
0.90068000,-0.0271347556
0.90072000,-0.020122651
0.90076000,-0.0220350437
0.90080000,-0.0424338914
0.90084000,-0.0341468602
0.90088000,-0.0424338914
0.90092000,-0.0453024805
0.90096000,-0.0548644401
0.90100000,-0.0491272621
0.90104000,-0.0478523336
0.90108000,-0.0465774052
0.90112000,-0.0185289904
0.90116000,-0.000679999008
0.90120000,-0.00514224684
0.90124000,-0.00705463905
0.90128000,0.011431817
0.90132000,0.0139816729
0.90136000,0.0181251895
0.90140000,0.0445799455
0.90144000,0.0289620776
0.90148000,0.0334243253
0.90152000,0.0152566014
0.90156000,0.0225874372
0.90160000,0.00250732107
0.90164000,0.011431817
0.90168000,0.0072883009
0.90172000,-0.0245848987
0.90176000,-0.00609844318
0.90180000,-0.00514224684
0.90184000,-0.0118356189
0.90188000,0.00951942522
0.90192000,0.00505717704
0.90196000,-0.0124730831
0.90200000,-0.0188477226
0.90204000,-0.0175727941
0.90208000,0.00378224906
0.90212000,-0.00769210281
0.90216000,-0.0264972914
0.90220000,-0.0280909501
0.90224000,-0.00864829868
0.90228000,-0.0175727941
0.90232000,-0.0124730831
0.90236000,0.0133442087
0.90240000,-0.0233099703
0.90244000,-0.0303220749
0.90248000,-0.014704207
0.90252000,0.00218858896
0.90256000,0.00601337291
0.90260000,-0.00354858697
0.90264000,0.0184439216
0.90268000,-0.0331906639
0.90272000,-0.0175727941
0.90276000,-0.0325531997
0.90280000,-0.0293658786
0.90284000,-0.0338281281
0.90288000,-0.00514224684
0.90292000,0.0165315289
0.90296000,0.0203563124
0.90300000,0.027368417
0.90304000,0.000913660973
0.90308000,0.0107943527
0.90312000,0.0340617895
0.90316000,0.00760703301
0.90320000,0.109601274
0.90324000,-0.000361267012
0.90328000,-0.0325531997
0.90332000,0.0302370042
0.90336000,-0.0315970033
0.90340000,-0.0325531997
0.90344000,-0.0188477226
0.90348000,0.0165315289
0.90352000,-0.00928576291
0.90356000,0.0184439216
0.90360000,-0.0427526236
0.90364000,-0.0746258199
0.90368000,-0.0363779813
0.90372000,-0.0226725079
0.90376000,-0.0386091061
0.90380000,-0.00832956657
0.90384000,-0.00737337116
0.90388000,-0.0178915262
0.90392000,0.00441971282
0.90396000,0.016850261
0.90400000,0.0535044409
0.90404000,0.0554168336
0.90408000,0.0707159713
0.90412000,0.0605165437
0.90416000,0.0595603473
0.90420000,0.0340617895
0.90424000,0.0311932005
0.90428000,-0.00705463905
0.90432000,-0.000998731004
0.90436000,-0.0143854748
0.90440000,-0.0229912382
0.90444000,-0.0185289904
0.90448000,-0.0296846107
0.90452000,-0.0685699135
0.90456000,-0.0618765429
0.90460000,-0.0249036308
0.90464000,-0.0497647263
0.90468000,-0.0456212126
0.90472000,0.00824449677
0.90476000,-0.0331906639
0.90480000,-0.0347843245
0.90484000,-0.0191664547
0.90488000,-0.0274534877
0.90492000,-0.0303220749
0.90496000,-0.00992322713
0.90500000,-0.0115168868
0.90504000,-0.0459399447
0.90508000,-0.0188477226
0.90512000,-0.0746258199
0.90516000,-0.0701635778
0.90520000,-0.0459399447
0.90524000,-0.0194851868
0.90528000,-0.0379716419
0.90532000,-0.0478523336
0.90536000,-0.0739883557
0.90540000,-0.0405214988
0.90544000,-0.0822753906
0.90548000,-0.0832315907
0.90552000,-0.0609203465
0.90556000,-0.0344655924
0.90560000,-0.0443462841
0.90564000,-0.00418605097
0.90568000,-0.0303220749
0.90572000,0.00155112497
0.90576000,-0.00450478308
0.90580000,-0.0153416712
0.90584000,0.0506358519
0.90588000,0.0178064574
0.90592000,0.0531857088
0.90596000,0.0844214484
0.90600000,0.0579666905
0.90604000,0.0222687051
0.90608000,0.0484047309
0.90612000,0.0981269181
0.90616000,0.0420300886
0.90620000,0.0735845566
0.90624000,0.0535044409
0.90628000,0.0519107804
0.90632000,0.0640226007
0.90636000,-0.00609844318
0.90640000,0.0222687051
0.90644000,0.0321493968
0.90648000,0.0343805216
0.90652000,-0.00960449502
0.90656000,0.0289620776
0.90660000,0.0254560243
0.90664000,0.0152566014
0.90668000,0.0579666905
0.90672000,0.0171689931
0.90676000,0.0471298024
0.90680000,0.0264122207
0.90684000,0.00473844493
0.90688000,0.0197188482
0.90692000,-0.0437088199
0.90696000,-0.0102419592
0.90700000,-0.0150229391
0.90704000,-0.0153416712
0.90708000,-0.0679324493
0.90712000,-0.00514224684
0.90716000,-0.0606016144
0.90720000,-0.0433900878
0.90724000,-0.0347843245
0.90728000,-0.0357405208
0.90732000,-0.0338281281
0.90736000,-0.126897871
0.90740000,-0.0427526236
0.90744000,-0.001317463
0.90748000,-0.0118356189
0.90752000,-0.119885765
0.90756000,0.0378865711
0.90760000,-0.0507209226
0.90764000,-0.0204413831
0.90768000,0.027368417
0.90772000,0.000594928977
0.90776000,-0.0366967134
0.90780000,-0.0182102583
0.90784000,-0.0217163116
0.90788000,-0.0567768328
0.90792000,-0.0328719318
0.90796000,-0.0354217887
0.90800000,-0.0105606914
0.90804000,-0.0198039189
0.90808000,0.016850261
0.90812000,0.00696956879
0.90816000,0.0174877252
0.90820000,-0.00418605097
0.90824000,-0.0363779813
0.90828000,0.027368417
0.90832000,0.0171689931
0.90836000,0.0420300886
0.90840000,-0.00514224684
0.90844000,0.027368417
0.90848000,0.0232249014
0.90852000,0.0445799455
0.90856000,0.0136629408
0.90860000,0.0522295125
0.90864000,0.0423488207
0.90868000,0.0410738923
0.90872000,0.0130254766
0.90876000,0.0595603473
0.90880000,0.0474485345
0.90884000,0.0388427675
0.90888000,0.00473844493
0.90892000,0.0423488207
0.90896000,0.0295995418
0.90900000,-0.0274534877
0.90904000,-0.0637889355
0.90908000,-0.0315970033
0.90912000,-0.0220350437
0.90916000,-0.0331906639
0.90920000,-0.0564581007
0.90924000,0.00282605295
0.90928000,-0.0255410951
0.90932000,-4.25350008e-05
0.90936000,-0.0236287024
0.90940000,-0.00609844318
0.90944000,0.0289620776
0.90948000,0.0375678428
0.90952000,0.0146191372
0.90956000,0.0197188482
0.90960000,0.0152566014
0.90964000,0.0289620776
0.90968000,0.0302370042
0.90972000,0.0238623656
0.90976000,0.0155753326
0.90980000,-0.0188477226
0.90984000,-0.0229912382
0.90988000,-0.0551831722
0.90992000,-0.0405214988
0.90996000,-0.0510396548
0.91000000,-0.0325531997
0.91004000,-0.0491272621
0.91008000,-0.0500834584
0.91012000,-0.033509396
0.91016000,-0.001317463
0.91020000,-0.0513583869
0.91024000,-0.0462586768
0.91028000,-0.00514224684
0.91032000,-0.00482351519
0.91036000,-0.0242661666
0.91040000,-0.0191664547
0.91044000,0.00856322888
0.91048000,0.0244998299
0.91052000,0.0162127968
0.91056000,0.00378224906
0.91060000,-0.00673590694
0.91064000,0.0072883009
0.91068000,0.0244998299
0.91072000,-0.00769210281
0.91076000,0.0340617895
0.91080000,0.0423488207
0.91084000,0.0178064574
0.91088000,0.0190813858
0.91092000,0.0474485345
0.91096000,0.0442612134
0.91100000,0.0452174097
0.91104000,0.0397989638
0.91108000,0.0382053033
0.91112000,0.0471298024
0.91116000,0.00378224906
0.91120000,-0.00577971106
0.91124000,-0.0172540639
0.91128000,-0.00737337116
0.91132000,-0.00577971106
0.91136000,0.00123239297
0.91140000,-0.0529520474
0.91144000,-0.0669762567
0.91148000,-0.0711197704
0.91152000,-0.0421151593
0.91156000,-0.0730321631
0.91160000,-0.0634701997
0.91164000,-0.0398840345
0.91168000,-0.0166165996
0.91172000,-0.0459399447
0.91176000,-0.0542269759
0.91180000,0.016850261
0.91184000,0.0244998299
0.91188000,0.0155753326
0.91192000,0.00696956879
0.91196000,0.0264122207
0.91200000,0.0149378693
0.91204000,0.0420300886
0.91208000,0.0439424813
0.91212000,0.0531857088
0.91216000,0.0244998299
0.91220000,0.0127067454
0.91224000,0.0496796556
0.91228000,0.0305557363
0.91232000,0.0149378693
0.91236000,0.0222687051
0.91240000,0.0197188482
0.91244000,-0.00227365899
0.91248000,-0.00928576291
0.91252000,-0.0191664547
0.91256000,-0.000361267012
0.91260000,0.0133442087
0.91264000,0.00473844493
0.91268000,0.0152566014
0.91272000,0.0111130849
0.91276000,0.0200375803
0.91280000,-0.0331906639
0.91284000,0.00186985696
0.91288000,0.0229061693
0.91292000,0.014300405
0.91296000,0.0197188482
0.91300000,0.00441971282
0.91304000,0.0283246133
0.91308000,0.0366116464
0.91312000,-0.001317463
0.91316000,0.0101568894
0.91320000,-0.00418605097
0.91324000,-0.00609844318
0.91328000,0.00633210503
0.91332000,-0.0284096822
0.91336000,-0.0612390786
0.91340000,-0.012154351
0.91344000,0.00920069311
0.91348000,-0.0198039189
0.91352000,-0.0389278382
0.91356000,-0.0405214988
0.91360000,-0.04880853
0.91364000,-0.0300033428
0.91368000,-0.0618765429
0.91372000,-0.0437088199
0.91376000,-0.00864829868
0.91380000,0.0072883009
0.91384000,-0.0153416712
0.91388000,-0.0127918152
0.91392000,0.00473844493
0.91396000,0.00027619701
0.91400000,-0.0328719318
0.91404000,-0.0102419592
0.91408000,0.0181251895
0.91412000,0.0321493968
0.91416000,0.000913660973
0.91420000,0.00314478506
0.91424000,0.0385240354
0.91428000,0.0203563124
0.91432000,0.0487234592
0.91436000,0.0292808097
0.91440000,0.0267309528
0.91444000,0.0407551602
0.91448000,0.00665083714
0.91452000,0.0194001179
0.91456000,0.00186985696
0.91460000,-0.00864829868
0.91464000,-0.0223537758
0.91468000,0.045854874
0.91472000,0.000913660973
0.91476000,-0.0207601152
0.91480000,-0.00832956657
0.91484000,-0.001317463
0.91488000,0.0206750445
0.91492000,0.00123239297
0.91496000,0.0203563124
0.91500000,0.0187626537
0.91504000,0.00951942522
0.91508000,0.0174877252
0.91512000,0.0260934886
0.91516000,0.0311932005
0.91520000,0.0448986776
0.91524000,-0.00864829868
0.91528000,0.00824449677
0.91532000,0.0388427675
0.91536000,-0.00195492711
0.91540000,-0.0172540639
0.91544000,-0.0182102583
0.91548000,-0.00354858697
0.91552000,-0.0338281281
0.91556000,-0.00577971106
0.91560000,0.000913660973
0.91564000,-0.0182102583
0.91568000,0.00314478506
0.91572000,-0.0108794225
0.91576000,0.0184439216
0.91580000,0.0139816729
0.91584000,0.00378224906
0.91588000,0.0372491106
0.91592000,0.0331055932
0.91596000,0.0257747564
0.91600000,0.0203563124
0.91604000,0.0630664006
0.91608000,0.0394802317
0.91612000,0.0337430574
0.91616000,0.0391614996
0.91620000,0.0601978116
0.91624000,0.0286433455
0.91628000,0.00346351694
0.91632000,0.00856322888
0.91636000,0.0146191372
0.91640000,-0.00609844318
0.91644000,-0.0162978675
0.91648000,-0.0328719318
0.91652000,-0.0551831722
0.91656000,0.00123239297
0.91660000,-0.0417964272
0.91664000,-0.038290374
0.91668000,-0.0456212126
0.91672000,-0.0236287024
0.91676000,-0.0398840345
0.91680000,-0.0625140071
0.91684000,-0.0602828823
0.91688000,-0.0421151593
0.91692000,-0.0236287024
0.91696000,-0.0459399447
0.91700000,-0.0226725079
0.91704000,-0.0386091061
0.91708000,0.0072883009
0.91712000,0.008881961
0.91716000,0.0174877252
0.91720000,-0.00801083539
0.91724000,0.00601337291
0.91728000,-0.00546097895
0.91732000,-0.00450478308
0.91736000,0.00282605295
0.91740000,0.014300405
0.91744000,0.0222687051
0.91748000,-0.00291112298
0.91752000,0.0321493968
0.91756000,0.0104756206
0.91760000,-0.000361267012
0.91764000,0.00760703301
0.91768000,0.0190813858
0.91772000,0.0184439216
0.91776000,0.0305557363
0.91780000,0.0270496849
0.91784000,0.011431817
0.91788000,0.0471298024
0.91792000,0.0315119326
0.91796000,0.00505717704
0.91800000,0.0158940647
0.91804000,0.0178064574
0.91808000,0.00983815733
0.91812000,0.0251372922
0.91816000,0.0270496849
0.91820000,0.0120692812
0.91824000,0.0305557363
0.91828000,0.0305557363
0.91832000,0.0203563124
0.91836000,0.0222687051
0.91840000,0.0107943527
0.91844000,0.0158940647
0.91848000,-0.00546097895
0.91852000,-0.0175727941
0.91856000,-0.0287284143
0.91860000,-0.0465774052
0.91864000,-0.0370154455
0.91868000,-0.000998731004
0.91872000,-0.001317463
0.91876000,-0.0143854748
0.91880000,-0.0127918152
0.91884000,0.035336718
0.91888000,-0.00227365899
0.91892000,0.0305557363
0.91896000,0.011431817
0.91900000,0.0171689931
0.91904000,0.0286433455
0.91908000,0.0385240354
0.91912000,0.0541419052
0.91916000,0.0471298024
0.91920000,0.0694410428
0.91924000,0.0678473786
0.91928000,0.0528669767
0.91932000,0.0378865711
0.91936000,0.0372491106
0.91940000,0.0452174097
0.91944000,0.0468110703
0.91948000,0.0209937766
0.91952000,0.00633210503
0.91956000,-0.0143854748
0.91960000,-0.0198039189
0.91964000,-0.0315970033
0.91968000,-0.0322344676
0.91972000,-0.0102419592
0.91976000,-0.0325531997
0.91980000,-0.00354858697
0.91984000,-0.00227365899
0.91988000,0.0178064574
0.91992000,-0.0134292794
0.91996000,0.0139816729
0.92000000,0.00410098117
0.92004000,-0.00705463905
0.92008000,0.000913660973
0.92012000,-0.0322344676
0.92016000,0.00250732107
0.92020000,-0.0249036308
0.92024000,-0.0025923911
0.92028000,-0.0175727941
0.92032000,-0.0322344676
0.92036000,-0.0236287024
0.92040000,-0.00673590694
0.92044000,-0.020122651
0.92048000,-0.0264972914
0.92052000,-0.00450478308
0.92056000,-0.0510396548
0.92060000,-0.0519958511
0.92064000,-0.0561393686
0.92068000,-0.0714385062
0.92072000,-0.07558202
0.92076000,-0.0730321631
0.92080000,-0.044027552
0.92084000,-0.0274534877
0.92088000,-0.0555019043
0.92092000,-0.020122651
0.92096000,-0.0118356189
0.92100000,0.011431817
0.92104000,0.0216312408
0.92108000,0.0350179859
0.92112000,0.0139816729
0.92116000,0.00155112497
0.92120000,0.0111130849
0.92124000,0.0136629408
0.92128000,0.00505717704
0.92132000,-0.0124730831
0.92136000,-0.001317463
0.92140000,0.0101568894
0.92144000,-0.0124730831
0.92148000,-0.0220350437
0.92152000,-0.0204413831
0.92156000,-0.0370154455
0.92160000,-0.0548644401
0.92164000,-0.0191664547
0.92168000,-0.0264972914
0.92172000,-0.0210788473
0.92176000,-0.0408402309
0.92180000,-0.000361267012
0.92184000,0.0203563124
0.92188000,0.0194001179
0.92192000,0.0146191372
0.92196000,0.0264122207
0.92200000,0.0528669767
0.92204000,0.0213125087
0.92208000,0.00696956879
0.92212000,-0.0124730831
0.92216000,-0.000679999008
0.92220000,-0.00928576291
0.92224000,-0.0185289904
0.92228000,0.0072883009
0.92232000,0.0158940647
0.92236000,-4.25350008e-05
0.92240000,-0.0118356189
0.92244000,0.0203563124
0.92248000,0.00760703301
0.92252000,0.00441971282
0.92256000,0.0101568894
0.92260000,-0.0156604033
0.92264000,-0.0137480106
0.92268000,-0.00801083539
0.92272000,-0.0217163116
0.92276000,-0.00832956657
0.92280000,-0.0296846107
0.92284000,-0.0548644401
0.92288000,-0.0261785593
0.92292000,-0.0449837483
0.92296000,-0.0402027667
0.92300000,-0.0408402309
0.92304000,-0.0261785593
0.92308000,-0.0261785593
0.92312000,-0.0357405208
0.92316000,-0.0249036308
0.92320000,-0.0169353317
0.92324000,-0.00386731909
0.92328000,-0.0389278382
0.92332000,-0.0504021905
0.92336000,-0.0354217887
0.92340000,-0.0127918152
0.92344000,-0.0386091061
0.92348000,-0.00418605097
0.92352000,-0.0153416712
0.92356000,-0.0169353317
0.92360000,-0.00928576291
0.92364000,0.0187626537
0.92368000,0.00633210503
0.92372000,0.0378865711
0.92376000,0.06147274
0.92380000,0.0646600574
0.92384000,0.08314652
0.92388000,0.0490421914
0.92392000,0.0407551602
0.92396000,0.0260934886
0.92400000,0.0445799455
0.92404000,0.0235436335
0.92408000,0.0123880133
0.92412000,0.00951942522
0.92416000,0.0178064574
0.92420000,-0.0539082438
0.92424000,-0.0373341776
0.92428000,-0.0762194842
0.92432000,-0.0669762567
0.92436000,-0.0494459942
0.92440000,-0.0293658786
0.92444000,-0.0287284143
0.92448000,-0.0217163116
0.92452000,-0.0287284143
0.92456000,-0.0124730831
0.92460000,-0.0127918152
0.92464000,-0.0143854748
0.92468000,0.00951942522
0.92472000,-0.0025923911
0.92476000,-0.000361267012
0.92480000,0.06147274
0.92484000,0.035336718
0.92488000,0.0178064574
0.92492000,0.0130254766
0.92496000,0.000913660973
0.92500000,-0.00832956657
0.92504000,0.0206750445
0.92508000,0.0127067454
0.92512000,-0.0175727941
0.92516000,-0.00354858697
0.92520000,0.0111130849
0.92524000,-0.0249036308
0.92528000,-0.0370154455
0.92532000,-0.0236287024
0.92536000,-0.0357405208
0.92540000,0.00824449677
0.92544000,-0.00482351519
0.92548000,-0.0456212126
0.92552000,-0.0459399447
0.92556000,-0.00418605097
0.92560000,0.0158940647
0.92564000,-0.000679999008
0.92568000,-0.0172540639
0.92572000,-0.0229912382
0.92576000,-0.0580517575
0.92580000,-0.0172540639
0.92584000,-0.025222363
0.92588000,0.0101568894
0.92592000,0.0056946408
0.92596000,-0.0229912382
0.92600000,-0.0118356189
0.92604000,0.008881961
0.92608000,0.0203563124
0.92612000,-0.0555019043
0.92616000,-0.0255410951
0.92620000,0.000913660973
0.92624000,0.00282605295
0.92628000,-0.0370154455
0.92632000,-0.0577330254
0.92636000,-0.0217163116
0.92640000,-0.0172540639
0.92644000,0.0286433455
0.92648000,-0.00609844318
0.92652000,0.0149378693
0.92656000,0.0190813858
0.92660000,0.0439424813
0.92664000,0.0499983877
0.92668000,0.0318306647
0.92672000,0.0292808097
0.92676000,-0.00482351519
0.92680000,-0.00801083539
0.92684000,-0.0300033428
0.92688000,-0.0366967134
0.92692000,0.035336718
0.92696000,0.0554168336
0.92700000,-0.104905359
0.92704000,-0.0261785593
0.92708000,-0.0233099703
0.92712000,-0.0768569484
0.92716000,-0.0848252475
0.92720000,0.0158940647
0.92724000,-0.0424338914
0.92728000,-0.0717572346
0.92732000,0.000594928977
0.92736000,-0.081319198
0.92740000,-0.0293658786
0.92744000,0.0295995418
0.92748000,-0.00354858697
0.92752000,0.0056946408
0.92756000,0.0436237492
0.92760000,0.0420300886
0.92764000,0.0155753326
0.92768000,0.011431817
0.92772000,0.0302370042
0.92776000,0.0260934886
0.92780000,0.0359741822
0.92784000,-0.00705463905
0.92788000,-0.0118356189
0.92792000,0.0267309528
0.92796000,0.00346351694
0.92800000,0.014300405
0.92804000,-0.00418605097
0.92808000,0.0101568894
0.92812000,-0.0583704896
0.92816000,0.0232249014
0.92820000,-0.00896703079
0.92824000,0.00633210503
0.92828000,-0.0194851868
0.92832000,-0.00450478308
0.92836000,-0.0602828823
0.92840000,-0.00673590694
0.92844000,-0.00482351519
0.92848000,-0.00195492711
0.92852000,0.0343805216
0.92856000,0.00696956879
0.92860000,0.0340617895
0.92864000,-0.00450478308
0.92868000,-0.0258598272
0.92872000,-0.000361267012
0.92876000,-0.0178915262
0.92880000,0.00123239297
0.92884000,0.0178064574
0.92888000,0.00250732107
0.92892000,-0.0392465703
0.92896000,0.0104756206
0.92900000,0.0123880133
0.92904000,-0.0220350437
0.92908000,-0.0127918152
0.92912000,-0.0347843245
0.92916000,-0.0433900878
0.92920000,-0.0188477226
0.92924000,-0.0328719318
0.92928000,-0.0523145832
0.92932000,-0.00769210281
0.92936000,0.00346351694
0.92940000,-0.00450478308
0.92944000,0.021949973
0.92948000,-0.0239474345
0.92952000,0.00218858896
0.92956000,0.011431817
0.92960000,-0.0150229391
0.92964000,-0.0182102583
0.92968000,0.0232249014
0.92972000,0.0286433455
0.92976000,-0.00960449502
0.92980000,0.00505717704
0.92984000,-0.0274534877
0.92988000,0.0123880133
0.92992000,-0.0325531997
0.92996000,0.0241810977
0.93000000,0.00186985696
0.93004000,0.008881961
0.93008000,-0.0115168868
0.93012000,-0.0535895117
0.93016000,-0.00227365899
0.93020000,-0.0242661666
0.93024000,-0.0653825924
0.93028000,-0.0338281281
0.93032000,-0.0105606914
0.93036000,-0.0739883557
0.93040000,-0.0153416712
0.93044000,-0.00960449502
0.93048000,-0.0475336015
0.93052000,-0.00928576291
0.93056000,-0.0217163116
0.93060000,-0.0204413831
0.93064000,-0.0363779813
0.93068000,0.0232249014
0.93072000,-0.0115168868
0.93076000,-0.020122651
0.93080000,-0.00769210281
0.93084000,0.0241810977
0.93088000,-0.00609844318
0.93092000,0.0337430574
0.93096000,0.0356554501
0.93100000,0.0155753326
0.93104000,0.00792576466
0.93108000,0.0213125087
0.93112000,0.011431817
0.93116000,0.00027619701
0.93120000,0.0216312408
0.93124000,0.000594928977
0.93128000,0.00378224906
0.93132000,0.0448986776
0.93136000,0.0264122207
0.93140000,0.0251372922
0.93144000,-0.012154351
0.93148000,0.014300405
0.93152000,0.0356554501
0.93156000,-0.0175727941
0.93160000,-0.0268160235
0.93164000,0.00696956879
0.93168000,0.0229061693
0.93172000,0.0260934886
0.93176000,0.00951942522
0.93180000,-0.0217163116
0.93184000,-0.00418605097
0.93188000,0.0117505491
0.93192000,-0.00705463905
0.93196000,-0.0475336015
0.93200000,-0.0213975795
0.93204000,-0.00896703079
0.93208000,-0.0280909501
0.93212000,-0.0175727941
0.93216000,-0.00386731909
0.93220000,0.0311932005
0.93224000,0.0264122207
0.93228000,-0.0213975795
0.93232000,-0.0379716419
0.93236000,0.00250732107
0.93240000,-0.0102419592
0.93244000,-0.0153416712
0.93248000,-0.0108794225
0.93252000,0.00537590915
0.93256000,0.014300405
0.93260000,0.0056946408
0.93264000,-0.0140667427
0.93268000,-0.0102419592
0.93272000,-0.0268160235
0.93276000,-0.0277722199
0.93280000,-0.00960449502
0.93284000,-0.0446650162
0.93288000,-0.0586892217
0.93292000,-0.0341468602
0.93296000,-0.00801083539
0.93300000,-0.044027552
0.93304000,-0.014704207
0.93308000,0.0123880133
0.93312000,0.0171689931
0.93316000,-0.0025923911
0.93320000,-0.00960449502
0.93324000,-0.00514224684
0.93328000,0.000913660973
0.93332000,0.0267309528
0.93336000,0.0286433455
0.93340000,0.0340617895
0.93344000,0.0260934886
0.93348000,0.0302370042
0.93352000,0.0299182739
0.93356000,0.0292808097
0.93360000,0.0251372922
0.93364000,0.0260934886
0.93368000,-0.00418605097
0.93372000,0.00155112497
0.93376000,0.0222687051
0.93380000,0.00951942522
0.93384000,0.0197188482
0.93388000,-0.0462586768
0.93392000,-0.0127918152
0.93396000,-0.00546097895
0.93400000,-0.0300033428
0.93404000,-0.0280909501
0.93408000,-0.0108794225
0.93412000,-0.00832956657
0.93416000,-0.025222363
0.93420000,0.0162127968
0.93424000,-0.0118356189
0.93428000,0.0254560243
0.93432000,0.0305557363
0.93436000,0.00983815733
0.93440000,0.00951942522
0.93444000,0.0289620776
0.93448000,0.0235436335
0.93452000,-0.0258598272
0.93456000,0.0582854226
0.93460000,0.0388427675
0.93464000,0.0286433455
0.93468000,0.0178064574
0.93472000,0.0292808097
0.93476000,0.0280058812
0.93480000,-0.000998731004
0.93484000,-0.0417964272
0.93488000,0.00824449677
0.93492000,-0.0255410951
0.93496000,-0.00354858697
0.93500000,-0.030640807
0.93504000,-4.25350008e-05
0.93508000,0.016850261
0.93512000,-0.000679999008
0.93516000,0.00792576466
0.93520000,-0.0284096822
0.93524000,-0.00832956657
0.93528000,-0.0873751044
0.93532000,-0.0242661666
0.93536000,-0.0529520474
0.93540000,-0.0341468602
0.93544000,0.00186985696
0.93548000,-0.0220350437
0.93552000,0.0155753326
0.93556000,-0.0264972914
0.93560000,-0.0338281281
0.93564000,-0.00673590694
0.93568000,0.0378865711
0.93572000,-0.00195492711
0.93576000,-0.0105606914
0.93580000,-0.0280909501
0.93584000,-0.033509396
0.93588000,0.0158940647
0.93592000,0.00346351694
0.93596000,-0.000361267012
0.93600000,-0.00514224684
0.93604000,0.0139816729
0.93608000,0.0072883009
0.93612000,0.00314478506
0.93616000,0.00027619701
0.93620000,0.0337430574
0.93624000,0.0136629408
0.93628000,-0.014704207
0.93632000,0.0340617895
0.93636000,0.040436428
0.93640000,-0.0150229391
0.93644000,0.0123880133
0.93648000,0.0248185601
0.93652000,0.0130254766
0.93656000,-0.000998731004
0.93660000,0.0216312408
0.93664000,-0.0465774052
0.93668000,-0.0398840345
0.93672000,0.0120692812
0.93676000,0.00378224906
0.93680000,-0.0102419592
0.93684000,-0.00641717482
0.93688000,-0.0102419592
0.93692000,-0.0229912382
0.93696000,-0.014704207
0.93700000,-0.0175727941
0.93704000,-0.0140667427
0.93708000,0.0178064574
0.93712000,0.0136629408
0.93716000,-0.0204413831
0.93720000,-0.0105606914
0.93724000,0.0350179859
0.93728000,0.0254560243
0.93732000,0.0181251895
0.93736000,0.00186985696
0.93740000,0.045854874
0.93744000,0.00346351694
0.93748000,0.0117505491
0.93752000,-0.0140667427
0.93756000,0.050954584
0.93760000,0.016850261
0.93764000,0.00441971282
0.93768000,0.0111130849
0.93772000,-0.00386731909
0.93776000,-0.0185289904
0.93780000,-0.000998731004
0.93784000,-0.0150229391
0.93788000,0.00378224906
0.93792000,-0.0159791354
0.93796000,-4.25350008e-05
0.93800000,-0.0609203465
0.93804000,-0.0268160235
0.93808000,-0.0405214988
0.93812000,-0.00801083539
0.93816000,-0.00673590694
0.93820000,0.00123239297
0.93824000,0.00186985696
0.93828000,-0.0162978675
0.93832000,0.0203563124
0.93836000,-0.0108794225
0.93840000,0.0184439216
0.93844000,0.00665083714
0.93848000,0.0184439216
0.93852000,0.0107943527
0.93856000,0.00123239297
0.93860000,0.00792576466
0.93864000,0.0181251895
0.93868000,0.00665083714
0.93872000,-0.0150229391
0.93876000,0.0072883009
0.93880000,-0.0169353317
0.93884000,-0.0175727941
0.93888000,-0.0102419592
0.93892000,0.00410098117
0.93896000,-0.0433900878
0.93900000,-0.0373341776
0.93904000,-0.044027552
0.93908000,-0.0366967134
0.93912000,-0.0338281281
0.93916000,-0.020122651
0.93920000,-0.0328719318
0.93924000,-0.0478523336
0.93928000,-0.0284096822
0.93932000,-0.0351030566
0.93936000,-0.0386091061
0.93940000,-0.0379716419
0.93944000,-0.0379716419
0.93948000,-0.00960449502
0.93952000,-0.00832956657
0.93956000,-0.00322985509
0.93960000,-0.0102419592
0.93964000,0.0206750445
0.93968000,0.00601337291
0.93972000,0.0155753326
0.93976000,0.0101568894
0.93980000,0.0566917621
0.93984000,0.0254560243
0.93988000,0.027368417
0.93992000,0.0385240354
0.93996000,0.0254560243
0.94000000,0.0382053033
0.94004000,0.0442612134
0.94008000,0.0445799455
0.94012000,0.0362929143
0.94016000,0.0506358519
0.94020000,0.0133442087
0.94024000,0.0181251895
0.94028000,0.0206750445
0.94032000,-0.001317463
0.94036000,-0.00960449502
0.94040000,0.011431817
0.94044000,0.0187626537
0.94048000,-0.00705463905
0.94052000,-0.0194851868
0.94056000,-0.0213975795
0.94060000,-0.00641717482
0.94064000,-0.0322344676
0.94068000,-0.0504021905
0.94072000,-0.069844842
0.94076000,-0.0561393686
0.94080000,-0.0625140071
0.94084000,-0.044027552
0.94088000,-0.0459399447
0.94092000,-0.0481710657
0.94096000,-0.00928576291
0.94100000,-0.0284096822
0.94104000,-0.0175727941
0.94108000,-0.0220350437
0.94112000,-0.0153416712
0.94116000,0.0194001179
0.94120000,0.0187626537
0.94124000,0.008881961
0.94128000,0.00218858896
0.94132000,0.0254560243
0.94136000,0.0133442087
0.94140000,0.0362929143
0.94144000,0.0155753326
0.94148000,0.0244998299
0.94152000,0.0311932005
0.94156000,0.0366116464
0.94160000,0.0385240354
0.94164000,0.0299182739
0.94168000,0.040436428
0.94172000,0.0318306647
0.94176000,0.0238623656
0.94180000,0.0388427675
0.94184000,0.0235436335
0.94188000,0.00696956879
0.94192000,0.0107943527
0.94196000,0.0350179859
0.94200000,-0.0108794225
0.94204000,0.00505717704
0.94208000,-0.00450478308
0.94212000,-0.0223537758
0.94216000,-0.0153416712
0.94220000,-0.0102419592
0.94224000,-0.00769210281
0.94228000,-0.00992322713
0.94232000,0.00696956879
0.94236000,-0.0303220749
0.94240000,-0.014704207
0.94244000,-0.00514224684
0.94248000,-0.0261785593
0.94252000,-0.0229912382
0.94256000,-0.00992322713
0.94260000,-0.00801083539
0.94264000,-0.0271347556
0.94268000,-0.0162978675
0.94272000,-0.0261785593
0.94276000,-0.0236287024
0.94280000,-0.0287284143
0.94284000,-0.0220350437
0.94288000,-0.00960449502
0.94292000,0.00505717704
0.94296000,0.0101568894
0.94300000,0.0213125087
0.94304000,0.0241810977
0.94308000,0.014300405
0.94312000,0.0241810977
0.94316000,0.0388427675
0.94320000,0.0605165437
0.94324000,0.0254560243
0.94328000,0.0283246133
0.94332000,0.0490421914
0.94336000,0.0541419052
0.94340000,0.0605165437
0.94344000,0.069122307
0.94348000,0.0522295125
0.94352000,0.0601978116
0.94356000,0.0229061693
0.94360000,0.0235436335
0.94364000,-0.0172540639
0.94368000,-0.000361267012
0.94372000,-0.0111981547
0.94376000,0.00920069311
0.94380000,-0.0290471464
0.94384000,-0.0366967134
0.94388000,-0.0229912382
0.94392000,-0.0398840345
0.94396000,-0.0376529098
0.94400000,-0.0239474345
0.94404000,-0.00482351519
0.94408000,-0.0182102583
0.94412000,-0.00514224684
0.94416000,-0.00641717482
0.94420000,-0.00769210281
0.94424000,0.0056946408
0.94428000,-0.00673590694
0.94432000,0.00155112497
0.94436000,0.00505717704
0.94440000,0.0178064574
0.94444000,0.0104756206
0.94448000,0.0194001179
0.94452000,0.0187626537
0.94456000,0.0251372922
0.94460000,0.0468110703
0.94464000,0.0506358519
0.94468000,0.0229061693
0.94472000,0.000913660973
0.94476000,-0.00960449502
0.94480000,-0.0178915262
0.94484000,-0.00864829868
0.94488000,0.00856322888
0.94492000,0.0133442087
0.94496000,-0.0229912382
0.94500000,-0.0220350437
0.94504000,-0.00641717482
0.94508000,0.0101568894
0.94512000,-0.00546097895
0.94516000,0.00378224906
0.94520000,0.0120692812
0.94524000,0.00410098117
0.94528000,0.016850261
0.94532000,0.0158940647
0.94536000,-0.0322344676
0.94540000,-0.0188477226
0.94544000,0.0101568894
0.94548000,0.0158940647
0.94552000,-0.00960449502
0.94556000,-0.001317463
0.94560000,-0.0172540639
0.94564000,0.00473844493
0.94568000,-0.0166165996
0.94572000,-0.00832956657
0.94576000,-0.025222363
0.94580000,-0.0366967134
0.94584000,-0.0271347556
0.94588000,-0.0389278382
0.94592000,-0.0392465703
0.94596000,-0.0417964272
0.94600000,-0.0389278382
0.94604000,-0.0261785593
0.94608000,-0.0223537758
0.94612000,-0.000361267012
0.94616000,-0.00322985509
0.94620000,0.0152566014
0.94624000,0.0136629408
0.94628000,0.0136629408
0.94632000,0.00633210503
0.94636000,0.0299182739
0.94640000,0.0174877252
0.94644000,-0.0140667427
0.94648000,0.00282605295
0.94652000,-0.020122651
0.94656000,-0.00960449502
0.94660000,-0.00705463905
0.94664000,-0.0131105473
0.94668000,-0.0574142933
0.94672000,-0.0127918152
0.94676000,-0.0178915262
0.94680000,-0.0363779813
0.94684000,-0.0204413831
0.94688000,-0.030640807
0.94692000,-0.0417964272
0.94696000,-0.0105606914
0.94700000,-0.0185289904
0.94704000,-0.00450478308
0.94708000,0.0350179859
0.94712000,0.0324681289
0.94716000,0.0410738923
0.94720000,0.0244998299
0.94724000,0.0130254766
0.94728000,0.0394802317
0.94732000,0.0493609235
0.94736000,0.0264122207
0.94740000,0.0127067454
0.94744000,0.0111130849
0.94748000,0.0190813858
0.94752000,0.00250732107
0.94756000,0.0420300886
0.94760000,0.0133442087
0.94764000,0.000594928977
0.94768000,0.00378224906
0.94772000,0.0216312408
0.94776000,0.00314478506
0.94780000,0.0072883009
0.94784000,-0.0692073777
0.94788000,-0.0555019043
0.94792000,-0.0430713557
0.94796000,-0.0389278382
0.94800000,-0.0370154455
0.94804000,-0.00577971106
0.94808000,0.0295995418
0.94812000,0.0235436335
0.94816000,-0.0025923911
0.94820000,-0.0115168868
0.94824000,0.00983815733
0.94828000,0.0178064574
0.94832000,0.0311932005
0.94836000,0.0213125087
0.94840000,0.00473844493
0.94844000,0.0420300886
0.94848000,0.0334243253
0.94852000,0.0056946408
0.94856000,-0.00291112298
0.94860000,0.0184439216
0.94864000,0.0315119326
0.94868000,-0.0207601152
0.94872000,-0.0284096822
0.94876000,-0.0421151593
0.94880000,-0.0408402309
0.94884000,-0.0182102583
0.94888000,-0.0513583869
0.94892000,-0.0577330254
0.94896000,-0.033509396
0.94900000,-0.0172540639
0.94904000,-0.0274534877
0.94908000,-0.020122651
0.94912000,-0.020122651
0.94916000,-0.00992322713
0.94920000,0.00601337291
0.94924000,0.00696956879
0.94928000,0.00601337291
0.94932000,0.0056946408
0.94936000,0.000594928977
0.94940000,0.0369303785
0.94944000,0.0308744684
0.94948000,0.0130254766
0.94952000,0.0270496849
0.94956000,0.0197188482
0.94960000,0.0337430574
0.94964000,0.0194001179
0.94968000,0.00983815733
0.94972000,-0.0025923911
0.94976000,-0.001317463
0.94980000,-0.0226725079
0.94984000,-0.001636195
0.94988000,0.0056946408
0.94992000,-0.00227365899
0.94996000,-0.0025923911
0.95000000,-0.0172540639
0.95004000,0.0158940647
0.95008000,0.0270496849
0.95012000,0.00218858896
0.95016000,0.0190813858
0.95020000,0.0244998299
0.95024000,-0.0124730831
0.95028000,-0.0185289904
0.95032000,-0.00227365899
0.95036000,-0.0140667427
0.95040000,-0.0115168868
0.95044000,0.00920069311
0.95048000,-0.0204413831
0.95052000,-0.0284096822
0.95056000,0.0305557363
0.95060000,0.00218858896
0.95064000,-0.0405214988
0.95068000,-0.025222363
0.95072000,-0.0111981547
0.95076000,0.00123239297
0.95080000,-0.00801083539
0.95084000,-0.0194851868
0.95088000,-0.0319157355
0.95092000,-0.0025923911
0.95096000,-0.0118356189
0.95100000,-0.0223537758
0.95104000,-0.00769210281
0.95108000,0.00505717704
0.95112000,-0.0309595391
0.95116000,-0.0644263998
0.95120000,-0.0341468602
0.95124000,-0.0293658786
0.95128000,0.000913660973
0.95132000,-0.0159791354
0.95136000,-0.0124730831
0.95140000,-0.0328719318
0.95144000,0.00378224906
0.95148000,0.00983815733
0.95152000,-0.000679999008
0.95156000,-0.0303220749
0.95160000,-0.0386091061
0.95164000,0.0187626537
0.95168000,0.0410738923
0.95172000,0.0550981015
0.95176000,0.0490421914
0.95180000,-0.00641717482
0.95184000,0.0264122207
0.95188000,0.0174877252
0.95192000,-0.0223537758
0.95196000,-0.0108794225
0.95200000,-0.0459399447
0.95204000,0.00760703301
0.95208000,-0.0102419592
0.95212000,0.0350179859
0.95216000,0.00920069311
0.95220000,0.0162127968
0.95224000,0.0570104942
0.95228000,0.00951942522
0.95232000,0.0927084759
0.95236000,-0.00514224684
0.95240000,0.0232249014
0.95244000,0.0652975217
0.95248000,0.0382053033
0.95252000,-4.25350008e-05
0.95256000,-0.0217163116
0.95260000,-0.00673590694
0.95264000,-0.00832956657
0.95268000,-0.0347843245
0.95272000,-0.0105606914
0.95276000,-0.0115168868
0.95280000,0.0133442087
0.95284000,-0.0153416712
0.95288000,0.00760703301
0.95292000,0.00505717704
0.95296000,-0.00609844318
0.95300000,0.0232249014
0.95304000,-0.00386731909
0.95308000,0.0321493968
0.95312000,0.00824449677
0.95316000,0.0318306647
0.95320000,0.0120692812
0.95324000,0.0394802317
0.95328000,0.0072883009
0.95332000,0.0117505491
0.95336000,0.0139816729
0.95340000,-0.0500834584
0.95344000,-0.0239474345
0.95348000,-0.00673590694
0.95352000,-0.0303220749
0.95356000,0.00920069311
0.95360000,-0.0351030566
0.95364000,-0.103949167
0.95368000,-0.0504021905
0.95372000,-0.0150229391
0.95376000,-0.0736696273
0.95380000,0.0356554501
0.95384000,-0.0459399447
0.95388000,-0.0357405208
0.95392000,0.0324681289
0.95396000,-0.0453024805
0.95400000,-0.00992322713
0.95404000,0.0267309528
0.95408000,-0.0290471464
0.95412000,-0.0325531997
0.95416000,-0.0207601152
0.95420000,-0.0287284143
0.95424000,-0.0169353317
0.95428000,0.0346992537
0.95432000,-0.0233099703
0.95436000,-0.0025923911
0.95440000,0.0184439216
0.95444000,0.0550981015
0.95448000,0.0621102042
0.95452000,0.0251372922
0.95456000,0.0267309528
0.95460000,0.0630664006
0.95464000,0.0197188482
0.95468000,0.0187626537
0.95472000,-0.0236287024
0.95476000,0.0490421914
0.95480000,0.0260934886
0.95484000,0.0139816729
0.95488000,-0.0245848987
0.95492000,-0.0950246677
0.95496000,-0.0561393686
0.95500000,-0.0500834584
0.95504000,-0.0771756768
0.95508000,-0.101718046
0.95512000,-0.0625140071
0.95516000,-0.0586892217
0.95520000,-0.0599641502
0.95524000,-0.0558206365
0.95528000,-0.0727134347
0.95532000,-0.0749445558
0.95536000,0.00505717704
0.95540000,-0.0733508915
0.95544000,-0.0641076639
0.95548000,-0.00832956657
0.95552000,-0.0236287024
0.95556000,-0.00418605097
0.95560000,0.00378224906
0.95564000,0.00473844493
0.95568000,0.0222687051
0.95572000,0.0321493968
0.95576000,0.00505717704
0.95580000,-0.00195492711
0.95584000,0.0605165437
0.95588000,0.0136629408
0.95592000,0.00505717704
0.95596000,-0.0274534877
0.95600000,-0.0194851868
0.95604000,-0.0360592492
0.95608000,0.0123880133
0.95612000,-0.0127918152
0.95616000,0.0238623656
0.95620000,0.0327868611
0.95624000,0.0318306647
0.95628000,0.0203563124
0.95632000,-0.0172540639
0.95636000,0.00441971282
0.95640000,0.0072883009
0.95644000,0.0235436335
0.95648000,-0.0169353317
0.95652000,0.0171689931
0.95656000,-0.00577971106
0.95660000,-0.000361267012
0.95664000,0.0184439216
0.95668000,0.00155112497
0.95672000,0.000913660973
0.95676000,-0.0194851868
0.95680000,-0.001636195
0.95684000,0.0174877252
0.95688000,0.00665083714
0.95692000,-0.0210788473
0.95696000,0.00218858896
0.95700000,0.00601337291
0.95704000,0.00378224906
0.95708000,0.0229061693
0.95712000,0.0158940647
0.95716000,-0.012154351
0.95720000,-0.0319157355
0.95724000,-0.001317463
0.95728000,-0.00418605097
0.95732000,-0.025222363
0.95736000,-0.0612390786
0.95740000,-0.0787693411
0.95744000,-0.0561393686
0.95748000,-0.0749445558
0.95752000,-0.0599641502
0.95756000,-0.0580517575
0.95760000,-0.0615578108
0.95764000,-0.0453024805
0.95768000,-0.0596454181
0.95772000,-0.0226725079
0.95776000,-0.0153416712
0.95780000,-0.0172540639
0.95784000,-0.00227365899
0.95788000,0.0260934886
0.95792000,0.0222687051
0.95796000,0.0324681289
0.95800000,0.0535044409
0.95804000,0.0522295125
0.95808000,0.0566917621
0.95812000,0.0576479584
0.95816000,0.040436428
0.95820000,0.0515920483
0.95824000,0.0260934886
0.95828000,0.00824449677
0.95832000,0.0321493968
0.95836000,0.0515920483
0.95840000,0.0181251895
0.95844000,0.0283246133
0.95848000,0.00856322888
0.95852000,0.0178064574
0.95856000,0.00410098117
0.95860000,0.0130254766
0.95864000,0.00314478506
0.95868000,0.00537590915
0.95872000,-0.0134292794
0.95876000,-0.0268160235
0.95880000,-0.0430713557
0.95884000,-0.0239474345
0.95888000,-0.0660200566
0.95892000,-0.0156604033
0.95896000,-0.0245848987
0.95900000,-0.070801042
0.95904000,-0.0730321631
0.95908000,-0.0532707796
0.95912000,-0.0175727941
0.95916000,-0.044027552
0.95920000,-0.0229912382
0.95924000,-0.0481710657
0.95928000,-0.0395653024
0.95932000,-0.00291112298
0.95936000,-0.0124730831
0.95940000,-0.051677119
0.95944000,0.00792576466
0.95948000,0.0184439216
0.95952000,-0.00673590694
0.95956000,-0.0137480106
0.95960000,-0.00514224684
0.95964000,0.0127067454
0.95968000,0.0248185601
0.95972000,0.0410738923
0.95976000,0.0190813858
0.95980000,0.0184439216
0.95984000,0.0200375803
0.95988000,0.0299182739
0.95992000,0.00983815733
0.95996000,0.0056946408
0.96000000,0.011431817
0.96004000,0.0292808097
0.96008000,-0.00546097895
0.96012000,-0.0300033428
0.96016000,-0.00354858697
0.96020000,-0.0156604033
0.96024000,-0.0255410951
0.96028000,-0.0319157355
0.96032000,-0.00928576291
0.96036000,-0.0322344676
0.96040000,-0.0182102583
0.96044000,-0.0172540639
0.96048000,-0.0162978675
0.96052000,-0.0357405208
0.96056000,-0.0194851868
0.96060000,-0.00386731909
0.96064000,0.00250732107
0.96068000,0.0139816729
0.96072000,-0.00577971106
0.96076000,0.0248185601
0.96080000,0.00250732107
0.96084000,0.0295995418
0.96088000,-0.000679999008
0.96092000,0.00792576466
0.96096000,0.0410738923
0.96100000,0.0464923382
0.96104000,0.0232249014
0.96108000,0.0397989638
0.96112000,0.0321493968
0.96116000,0.0190813858
0.96120000,0.0200375803
0.96124000,0.0576479584
0.96128000,0.00314478506
0.96132000,0.0480859987
0.96136000,0.0621102042
0.96140000,0.0229061693
0.96144000,0.0229061693
0.96148000,0.0535044409
0.96152000,0.0375678428
0.96156000,0.0149378693
0.96160000,0.0280058812
0.96164000,0.0174877252
0.96168000,0.011431817
0.96172000,0.0257747564
0.96176000,0.0190813858
0.96180000,0.011431817
0.96184000,0.0213125087
0.96188000,0.0289620776
0.96192000,0.0280058812
0.96196000,0.00696956879
0.96200000,0.0120692812
0.96204000,0.0327868611
0.96208000,-0.0115168868
0.96212000,-0.0376529098
0.96216000,-0.0207601152
0.96220000,-0.0182102583
0.96224000,-0.0797255337
0.96228000,-0.0548644401
0.96232000,-0.0494459942
0.96236000,-0.0453024805
0.96240000,-0.0319157355
0.96244000,-0.069844842
0.96248000,-0.0379716419
0.96252000,-0.0315970033
0.96256000,-0.0025923911
0.96260000,-0.0421151593
0.96264000,-0.0025923911
0.96268000,-0.0472148694
0.96272000,-0.0300033428
0.96276000,-0.0437088199
0.96280000,-0.0124730831
0.96284000,0.0327868611
0.96288000,0.045854874
0.96292000,0.0270496849
0.96296000,-0.00227365899
0.96300000,0.0401176959
0.96304000,0.00983815733
0.96308000,0.0158940647
0.96312000,0.00856322888
0.96316000,-0.0127918152
0.96320000,-0.0140667427
0.96324000,-0.00928576291
0.96328000,-0.00514224684
0.96332000,-0.0437088199
0.96336000,-0.0704823062
0.96340000,-0.07558202
0.96344000,-0.0790880695
0.96348000,-0.0790880695
0.96352000,-0.0797255337
0.96356000,-0.0736696273
0.96360000,-0.0692073777
0.96364000,-0.0956621319
0.96368000,-0.0402027667
0.96372000,-0.0759007484
0.96376000,-0.0752632841
0.96380000,-0.0558206365
0.96384000,-0.0417964272
0.96388000,-0.0491272621
0.96392000,-0.0261785593
0.96396000,0.0225874372
0.96400000,0.0178064574
0.96404000,0.0544606373
0.96408000,0.0617914721
0.96412000,0.0707159713
0.96416000,0.0378865711
0.96420000,0.0515920483
0.96424000,0.0665724501
0.96428000,0.0962145254
0.96432000,0.079640463
0.96436000,0.0499983877
0.96440000,0.0133442087
0.96444000,0.00473844493
0.96448000,0.0340617895
0.96452000,-0.00227365899
0.96456000,0.0257747564
0.96460000,0.0264122207
0.96464000,0.0203563124
0.96468000,0.0417113565
0.96472000,0.0433050171
0.96476000,0.00282605295
0.96480000,0.0111130849
0.96484000,0.050954584
0.96488000,0.0659349859
0.96492000,0.0260934886
0.96496000,0.0394802317
0.96500000,0.0162127968
0.96504000,0.0139816729
0.96508000,0.00282605295
0.96512000,0.0127067454
0.96516000,0.0382053033
0.96520000,0.00951942522
0.96524000,-0.014704207
0.96528000,0.0235436335
0.96532000,-0.0223537758
0.96536000,-0.0437088199
0.96540000,-0.0325531997
0.96544000,-0.0131105473
0.96548000,-0.0300033428
0.96552000,-0.0108794225
0.96556000,-0.0105606914
0.96560000,-0.044027552
0.96564000,-0.0268160235
0.96568000,-0.0580517575
0.96572000,-0.0277722199
0.96576000,0.0171689931
0.96580000,-0.0328719318
0.96584000,-0.0127918152
0.96588000,0.0178064574
0.96592000,0.00696956879
0.96596000,-0.0370154455
0.96600000,0.00633210503
0.96604000,0.00027619701
0.96608000,0.00665083714
0.96612000,0.0072883009
0.96616000,0.00123239297
0.96620000,-0.0274534877
0.96624000,-0.0159791354
0.96628000,-0.00832956657
0.96632000,-0.0290471464
0.96636000,-0.00386731909
0.96640000,-0.0354217887
0.96644000,-0.0459399447
0.96648000,-0.0198039189
0.96652000,-0.0194851868
0.96656000,-0.00801083539
0.96660000,-0.00801083539
0.96664000,-0.033509396
0.96668000,-0.00291112298
0.96672000,-4.25350008e-05
0.96676000,0.00792576466
0.96680000,-0.0178915262
0.96684000,-0.0166165996
0.96688000,0.00378224906
0.96692000,-0.0198039189
0.96696000,-0.0261785593
0.96700000,-0.0143854748
0.96704000,-0.0500834584
0.96708000,-0.0351030566
0.96712000,-0.0344655924
0.96716000,-0.0338281281
0.96720000,0.00250732107
0.96724000,-0.00705463905
0.96728000,0.0181251895
0.96732000,-0.00291112298
0.96736000,-0.0143854748
0.96740000,-0.0140667427
0.96744000,-0.0025923911
0.96748000,0.00824449677
0.96752000,0.0190813858
0.96756000,0.0152566014
0.96760000,0.016850261
0.96764000,0.0503171198
0.96768000,0.0413926244
0.96772000,0.0225874372
0.96776000,0.0295995418
0.96780000,0.0158940647
0.96784000,0.0222687051
0.96788000,0.053823173
0.96792000,0.0331055932
0.96796000,0.0117505491
0.96800000,-0.00386731909
0.96804000,0.00824449677
0.96808000,-0.0025923911
0.96812000,-0.00514224684
0.96816000,-0.044027552
0.96820000,-0.0245848987
0.96824000,-0.0296846107
0.96828000,-0.0025923911
0.96832000,-0.00992322713
0.96836000,-0.0328719318
0.96840000,-0.0344655924
0.96844000,-0.0239474345
0.96848000,-0.0331906639
0.96852000,-0.0223537758
0.96856000,-0.0124730831
0.96860000,-0.0271347556
0.96864000,-0.0398840345
0.96868000,-0.0290471464
0.96872000,-0.0570955612
0.96876000,-0.0433900878
0.96880000,-0.0405214988
0.96884000,-0.020122651
0.96888000,-0.0414776951
0.96892000,-0.00896703079
0.96896000,-0.00322985509
0.96900000,-0.0194851868
0.96904000,0.0152566014
0.96908000,0.00282605295
0.96912000,0.00792576466
0.96916000,-0.0236287024
0.96920000,-0.001317463
0.96924000,-0.001317463
0.96928000,-0.0127918152
0.96932000,-0.0166165996
0.96936000,-0.0233099703
0.96940000,-0.0140667427
0.96944000,-0.0328719318
0.96948000,-0.0131105473
0.96952000,0.0190813858
0.96956000,0.0241810977
0.96960000,0.00314478506
0.96964000,0.00155112497
0.96968000,-0.00928576291
0.96972000,-0.0134292794
0.96976000,-0.0115168868
0.96980000,-0.0392465703
0.96984000,-0.00482351519
0.96988000,-0.0182102583
0.96992000,0.0178064574
0.96996000,0.0283246133
0.97000000,0.0072883009
0.97004000,0.0139816729
0.97008000,-0.001636195
0.97012000,0.0229061693
0.97016000,0.0315119326
0.97020000,0.00951942522
0.97024000,0.0343805216
0.97028000,-0.00992322713
0.97032000,0.0216312408
0.97036000,0.0311932005
0.97040000,-0.00386731909
0.97044000,-0.0207601152
0.97048000,0.0295995418
0.97052000,0.0318306647
0.97056000,0.0582854226
0.97060000,0.0751782134
0.97064000,0.0369303785
0.97068000,0.0311932005
0.97072000,0.0375678428
0.97076000,0.0257747564
0.97080000,0.0136629408
0.97084000,-0.0338281281
0.97088000,-0.0108794225
0.97092000,-0.033509396
0.97096000,-0.038290374
0.97100000,-0.0459399447
0.97104000,-0.0437088199
0.97108000,-0.0357405208
0.97112000,-0.0535895117
0.97116000,-0.0542269759
0.97120000,-0.0421151593
0.97124000,-0.0325531997
0.97128000,-0.0153416712
0.97132000,-0.0210788473
0.97136000,-0.00546097895
0.97140000,-0.00195492711
0.97144000,-0.00896703079
0.97148000,0.00505717704
0.97152000,0.0235436335
0.97156000,-0.00992322713
0.97160000,0.00824449677
0.97164000,0.0280058812
0.97168000,0.011431817
0.97172000,0.0203563124
0.97176000,0.021949973
0.97180000,0.00920069311
0.97184000,-0.0111981547
0.97188000,0.0308744684
0.97192000,0.00250732107
0.97196000,-0.001636195
0.97200000,-0.0166165996
0.97204000,-0.0131105473
0.97208000,-0.0475336015
0.97212000,-0.0507209226
0.97216000,-0.0309595391
0.97220000,-0.0395653024
0.97224000,-0.0746258199
0.97228000,-0.0351030566
0.97232000,-0.0472148694
0.97236000,-0.0682511851
0.97240000,-0.0220350437
0.97244000,-0.04880853
0.97248000,-0.0519958511
0.97252000,-0.0417964272
0.97256000,-0.030640807
0.97260000,-0.0484897979
0.97264000,-0.00195492711
0.97268000,0.0359741822
0.97272000,0.0515920483
0.97276000,0.0292808097
0.97280000,0.0758156776
0.97284000,0.0550981015
0.97288000,0.0366116464
0.97292000,0.0646600574
0.97296000,0.0566917621
0.97300000,0.0732658282
0.97304000,0.0949396044
0.97308000,0.0512733161
0.97312000,-0.000361267012
0.97316000,0.0608352758
0.97320000,0.0174877252
0.97324000,0.0162127968
0.97328000,0.0171689931
0.97332000,0.0174877252
0.97336000,-0.012154351
0.97340000,-0.0204413831
0.97344000,-0.0229912382
0.97348000,-0.0115168868
0.97352000,-0.0296846107
0.97356000,-0.0577330254
0.97360000,-0.0433900878
0.97364000,0.0178064574
0.97368000,-0.00673590694
0.97372000,-0.0386091061
0.97376000,-0.0408402309
0.97380000,-0.0153416712
0.97384000,-0.0478523336
0.97388000,-0.0166165996
0.97392000,-0.0191664547
0.97396000,-0.0328719318
0.97400000,-0.0437088199
0.97404000,-0.0124730831
0.97408000,-0.0300033428
0.97412000,-0.044027552
0.97416000,-0.0360592492
0.97420000,-0.0172540639
0.97424000,0.0171689931
0.97428000,-0.00769210281
0.97432000,0.0111130849
0.97436000,0.0203563124
0.97440000,0.00027619701
0.97444000,0.0139816729
0.97448000,0.00505717704
0.97452000,-0.0115168868
0.97456000,-0.0115168868
0.97460000,0.0139816729
0.97464000,-0.001317463
0.97468000,0.00123239297
0.97472000,0.0611540079
0.97476000,0.0241810977
0.97480000,-0.0111981547
0.97484000,0.00920069311
0.97488000,0.00856322888
0.97492000,0.0123880133
0.97496000,0.00410098117
0.97500000,0.00983815733
0.97504000,-0.0140667427
0.97508000,0.00760703301
0.97512000,-0.0166165996
0.97516000,-0.0220350437
0.97520000,0.00346351694
0.97524000,0.0072883009
0.97528000,-0.0025923911
0.97532000,-0.00769210281
0.97536000,0.021949973
0.97540000,0.0493609235
0.97544000,0.0232249014
0.97548000,0.0292808097
0.97552000,0.0359741822
0.97556000,0.0292808097
0.97560000,0.0178064574
0.97564000,0.00441971282
0.97568000,-0.0233099703
0.97572000,-0.0166165996
0.97576000,0.0139816729
0.97580000,0.0321493968
0.97584000,0.00314478506
0.97588000,-0.0484897979
0.97592000,-0.0714385062
0.97596000,-0.0268160235
0.97600000,-0.0880125687
0.97604000,-0.0864189044
0.97608000,0.0146191372
0.97612000,0.0315119326
0.97616000,-0.0526333153
0.97620000,0.00027619701
0.97624000,-0.0351030566
0.97628000,0.0174877252
0.97632000,-0.0204413831
0.97636000,0.0321493968
0.97640000,-0.0229912382
0.97644000,0.0324681289
0.97648000,0.0716721639
0.97652000,0.0576479584
0.97656000,0.0429862849
0.97660000,0.0194001179
0.97664000,0.0547793694
0.97668000,0.0222687051
0.97672000,0.0056946408
0.97676000,-0.0373341776
0.97680000,-0.0137480106
0.97684000,-0.0140667427
0.97688000,-0.0194851868
0.97692000,-0.0567768328
0.97696000,-0.0293658786
0.97700000,-0.0223537758
0.97704000,-0.0523145832
0.97708000,-0.0255410951
0.97712000,-0.0213975795
0.97716000,-0.00322985509
0.97720000,-0.00322985509
0.97724000,-0.0210788473
0.97728000,-0.00577971106
0.97732000,0.0260934886
0.97736000,0.0222687051
0.97740000,0.0136629408
0.97744000,0.0499983877
0.97748000,0.0758156776
0.97752000,0.0477672666
0.97756000,0.00665083714
0.97760000,0.0331055932
0.97764000,0.00378224906
0.97768000,0.0184439216
0.97772000,0.027368417
0.97776000,0.0072883009
0.97780000,0.0222687051
0.97784000,0.0260934886
0.97788000,-0.000361267012
0.97792000,0.0187626537
0.97796000,0.0394802317
0.97800000,0.0200375803
0.97804000,0.0123880133
0.97808000,0.0139816729
0.97812000,-0.0140667427
0.97816000,-0.038290374
0.97820000,0.00824449677
0.97824000,0.00696956879
0.97828000,0.0260934886
0.97832000,-0.020122651
0.97836000,-0.0261785593
0.97840000,-0.0507209226
0.97844000,-0.0430713557
0.97848000,-0.0363779813
0.97852000,-0.0481710657
0.97856000,-0.0462586768
0.97860000,-0.0663387924
0.97864000,-0.0245848987
0.97868000,-0.0386091061
0.97872000,-0.0296846107
0.97876000,-0.0395653024
0.97880000,-0.0360592492
0.97884000,-0.0280909501
0.97888000,0.00186985696
0.97892000,0.0324681289
0.97896000,0.0187626537
0.97900000,0.0107943527
0.97904000,0.0238623656
0.97908000,0.0668911859
0.97912000,-0.00450478308
0.97916000,-0.0124730831
0.97920000,-0.00514224684
0.97924000,0.0136629408
0.97928000,0.0117505491
0.97932000,-0.0268160235
0.97936000,-0.0264972914
0.97940000,-0.0223537758
0.97944000,0.0101568894
0.97948000,-0.0242661666
0.97952000,0.00920069311
0.97956000,0.00027619701
0.97960000,0.00123239297
0.97964000,0.00696956879
0.97968000,-0.00227365899
0.97972000,-0.0143854748
0.97976000,0.0162127968
0.97980000,0.0178064574
0.97984000,0.0152566014
0.97988000,0.00218858896
0.97992000,0.0557355657
0.97996000,0.0331055932
0.98000000,0.0206750445
0.98004000,0.00218858896
0.98008000,-0.0268160235
0.98012000,-0.0143854748
0.98016000,0.0190813858
0.98020000,0.0127067454
0.98024000,-0.0300033428
0.98028000,-0.0140667427
0.98032000,-0.0293658786
0.98036000,-0.00322985509
0.98040000,-0.0277722199
0.98044000,-0.0229912382
0.98048000,-0.0360592492
0.98052000,-0.0242661666
0.98056000,0.00696956879
0.98060000,-0.00832956657
0.98064000,0.00601337291
0.98068000,-0.00769210281
0.98072000,0.00665083714
0.98076000,-0.0140667427
0.98080000,0.0340617895
0.98084000,-0.00801083539
0.98088000,0.0194001179
0.98092000,0.000594928977
0.98096000,-0.0182102583
0.98100000,0.00505717704
0.98104000,-0.0331906639
0.98108000,-0.001317463
0.98112000,0.0270496849
0.98116000,0.0375678428
0.98120000,-0.00291112298
0.98124000,0.0433050171
0.98128000,0.00792576466
0.98132000,0.0190813858
0.98136000,0.0468110703
0.98140000,0.00983815733
0.98144000,0.016850261
0.98148000,0.0308744684
0.98152000,0.0541419052
0.98156000,0.0209937766
0.98160000,0.00760703301
0.98164000,0.000594928977
0.98168000,-0.00992322713
0.98172000,-0.0523145832
0.98176000,-0.0564581007
0.98180000,-0.0395653024
0.98184000,-0.0150229391
0.98188000,-0.0300033428
0.98192000,-0.0465774052
0.98196000,-0.0322344676
0.98200000,-0.0424338914
0.98204000,-0.0481710657
0.98208000,-0.0481710657
0.98212000,-0.0555019043
0.98216000,-0.0395653024
0.98220000,-0.00354858697
0.98224000,0.00155112497
0.98228000,-0.012154351
0.98232000,0.0120692812
0.98236000,0.0241810977
0.98240000,-0.00801083539
0.98244000,-0.0296846107
0.98248000,-0.0258598272
0.98252000,0.00346351694
0.98256000,0.00027619701
0.98260000,-0.00705463905
0.98264000,0.0397989638
0.98268000,0.00537590915
0.98272000,0.0203563124
0.98276000,0.00155112497
0.98280000,0.0257747564
0.98284000,0.0343805216
0.98288000,0.0343805216
0.98292000,0.021949973
0.98296000,0.0388427675
0.98300000,0.0299182739
0.98304000,0.0107943527
0.98308000,-0.001317463
0.98312000,-0.0140667427
0.98316000,0.0155753326
0.98320000,-0.00896703079
0.98324000,0.0117505491
0.98328000,-0.0137480106
0.98332000,0.011431817
0.98336000,-0.0204413831
0.98340000,0.00665083714
0.98344000,-0.00546097895
0.98348000,0.00633210503
0.98352000,-0.00386731909
0.98356000,0.0056946408
0.98360000,0.0133442087
0.98364000,0.00983815733
0.98368000,0.0327868611
0.98372000,0.0480859987
0.98376000,-0.00195492711
0.98380000,0.0248185601
0.98384000,0.016850261
0.98388000,0.00760703301
0.98392000,0.0292808097
0.98396000,0.0187626537
0.98400000,0.040436428
0.98404000,0.0308744684
0.98408000,0.0397989638
0.98412000,0.0413926244
0.98416000,0.00250732107
0.98420000,-0.00769210281
0.98424000,-0.00418605097
0.98428000,0.0146191372
0.98432000,-0.00322985509
0.98436000,-0.00514224684
0.98440000,-0.00418605097
0.98444000,-0.0108794225
0.98448000,-0.0124730831
0.98452000,-0.0398840345
0.98456000,-0.0484897979
0.98460000,-0.0507209226
0.98464000,-0.0484897979
0.98468000,-0.065063864
0.98472000,-0.0475336015
0.98476000,-0.0312782712
0.98480000,-0.0344655924
0.98484000,-0.0631514713
0.98488000,-0.0357405208
0.98492000,-0.0392465703
0.98496000,-0.0484897979
0.98500000,-0.0357405208
0.98504000,0.00218858896
0.98508000,-0.0162978675
0.98512000,-0.0213975795
0.98516000,0.00951942522
0.98520000,-0.000361267012
0.98524000,0.0056946408
0.98528000,-0.0025923911
0.98532000,0.0267309528
0.98536000,0.0206750445
0.98540000,0.0235436335
0.98544000,0.0184439216
0.98548000,0.0372491106
0.98552000,0.0589228868
0.98556000,0.0216312408
0.98560000,0.0286433455
0.98564000,0.0149378693
0.98568000,0.0216312408
0.98572000,0.0292808097
0.98576000,0.0162127968
0.98580000,0.0197188482
0.98584000,0.0366116464
0.98588000,0.0194001179
0.98592000,0.00250732107
0.98596000,0.00473844493
0.98600000,0.008881961
0.98604000,0.0133442087
0.98608000,-0.0143854748
0.98612000,-0.00864829868
0.98616000,0.00792576466
0.98620000,0.000913660973
0.98624000,-0.0277722199
0.98628000,-0.0137480106
0.98632000,-0.00864829868
0.98636000,-0.00322985509
0.98640000,0.0292808097
0.98644000,0.0257747564
0.98648000,0.0295995418
0.98652000,0.0477672666
0.98656000,0.0327868611
0.98660000,0.0391614996
0.98664000,0.0394802317
0.98668000,0.0238623656
0.98672000,0.0136629408
0.98676000,0.0318306647
0.98680000,0.0308744684
0.98684000,-0.0108794225
0.98688000,0.00378224906
0.98692000,-0.0166165996
0.98696000,-0.00832956657
0.98700000,-0.0185289904
0.98704000,-0.0249036308
0.98708000,-0.0303220749
0.98712000,-0.0102419592
0.98716000,-0.00641717482
0.98720000,-0.0140667427
0.98724000,0.0139816729
0.98728000,0.008881961
0.98732000,0.0139816729
0.98736000,-0.00609844318
0.98740000,0.00123239297
0.98744000,0.0072883009
0.98748000,-0.00641717482
0.98752000,0.0270496849
0.98756000,0.0203563124
0.98760000,0.0123880133
0.98764000,0.0372491106
0.98768000,0.0295995418
0.98772000,0.0295995418
0.98776000,0.0315119326
0.98780000,0.0331055932
0.98784000,0.0222687051
0.98788000,0.0382053033
0.98792000,0.0401176959
0.98796000,0.0276871491
0.98800000,0.0130254766
0.98804000,-0.0025923911
0.98808000,-0.0182102583
0.98812000,-0.0137480106
0.98816000,-4.25350008e-05
0.98820000,-0.0213975795
0.98824000,-0.0108794225
0.98828000,-0.0245848987
0.98832000,-0.0166165996
0.98836000,-0.0150229391
0.98840000,-0.00928576291
0.98844000,-0.0169353317
0.98848000,-0.00418605097
0.98852000,-0.001636195
0.98856000,-0.0249036308
0.98860000,-0.00227365899
0.98864000,-0.0137480106
0.98868000,-0.020122651
0.98872000,-0.0105606914
0.98876000,-0.020122651
0.98880000,-0.0182102583
0.98884000,-0.0354217887
0.98888000,-0.0134292794
0.98892000,-0.0280909501
0.98896000,-0.0172540639
0.98900000,-0.0236287024
0.98904000,-0.0309595391
0.98908000,-0.00832956657
0.98912000,-0.0159791354
0.98916000,0.00218858896
0.98920000,-0.0118356189
0.98924000,-0.0268160235
0.98928000,-0.0331906639
0.98932000,-0.0217163116
0.98936000,-0.0354217887
0.98940000,-0.00386731909
0.98944000,-0.0264972914
0.98948000,-0.0188477226
0.98952000,0.00505717704
0.98956000,0.0292808097
0.98960000,0.0318306647
0.98964000,0.0751782134
0.98968000,0.0496796556
0.98972000,0.0251372922
0.98976000,0.0366116464
0.98980000,0.0474485345
0.98984000,0.0149378693
0.98988000,0.0382053033
0.98992000,0.0554168336
0.98996000,0.0493609235
0.99000000,0.0162127968
0.99004000,0.0260934886
0.99008000,0.00155112497
0.99012000,0.0295995418
0.99016000,0.0181251895
0.99020000,-0.0322344676
0.99024000,0.00920069311
0.99028000,-0.0166165996
0.99032000,-0.0376529098
0.99036000,-0.0271347556
0.99040000,0.00282605295
0.99044000,-0.0188477226
0.99048000,-0.0102419592
0.99052000,-0.00769210281
0.99056000,-0.0217163116
0.99060000,-0.00322985509
0.99064000,-0.0213975795
0.99068000,-0.0325531997
0.99072000,-0.0239474345
0.99076000,-0.0191664547
0.99080000,-0.0217163116
0.99084000,-0.0102419592
0.99088000,-0.0459399447
0.99092000,-0.0315970033
0.99096000,-0.00641717482
0.99100000,-0.0268160235
0.99104000,-0.0249036308
0.99108000,-0.0220350437
0.99112000,-4.25350008e-05
0.99116000,-0.0115168868
0.99120000,0.00155112497
0.99124000,-0.012154351
0.99128000,-0.0239474345
0.99132000,-0.00291112298
0.99136000,-0.00450478308
0.99140000,0.00410098117
0.99144000,0.0149378693
0.99148000,0.0311932005
0.99152000,0.0356554501
0.99156000,0.0372491106
0.99160000,0.0346992537
0.99164000,0.035336718
0.99168000,0.0519107804
0.99172000,0.0601978116
0.99176000,0.0407551602
0.99180000,0.0362929143
0.99184000,0.0544606373
0.99188000,0.0200375803
0.99192000,0.0241810977
0.99196000,-0.00864829868
0.99200000,-0.00546097895
0.99204000,-0.0484897979
0.99208000,-0.0504021905
0.99212000,-0.0586892217
0.99216000,-0.0787693411
0.99220000,-0.0825941265
0.99224000,-0.0714385062
0.99228000,-0.0590079539
0.99232000,-0.0612390786
0.99236000,-0.0414776951
0.99240000,-0.00546097895
0.99244000,0.00282605295
0.99248000,0.0254560243
0.99252000,0.0120692812
0.99256000,0.0111130849
0.99260000,0.0206750445
0.99264000,0.0155753326
0.99268000,0.0433050171
0.99272000,0.0506358519
0.99276000,0.0448986776
0.99280000,0.0461736061
0.99284000,0.0477672666
0.99288000,0.0299182739
0.99292000,0.0152566014
0.99296000,0.00856322888
0.99300000,-0.0185289904
0.99304000,-0.0555019043
0.99308000,-0.088331297
0.99312000,-0.0915186182
0.99316000,-0.088331297
0.99320000,-0.122116894
0.99324000,-0.0845065117
0.99328000,-0.0982119888
0.99332000,-0.0752632841
0.99336000,-0.0494459942
0.99340000,-0.0290471464
0.99344000,-0.00418605097
0.99348000,-0.0207601152
0.99352000,-0.0657013282
0.99356000,-0.0156604033
0.99360000,0.0340617895
0.99364000,0.0158940647
0.99368000,0.0197188482
0.99372000,0.0519107804
0.99376000,0.0793217346
0.99380000,0.0611540079
0.99384000,0.0480859987
0.99388000,0.0334243253
0.99392000,-0.00641717482
0.99396000,-0.0172540639
0.99400000,-0.0233099703
0.99404000,-0.0217163116
0.99408000,-0.001317463
0.99412000,0.0139816729
0.99416000,-0.000361267012
0.99420000,0.00920069311
0.99424000,-0.0131105473
0.99428000,0.00378224906
0.99432000,-4.25350008e-05
0.99436000,0.0283246133
0.99440000,0.0187626537
0.99444000,-0.00482351519
0.99448000,-0.0025923911
0.99452000,0.016850261
0.99456000,0.0229061693
0.99460000,0.0174877252
0.99464000,0.0640226007
0.99468000,0.064341329
0.99472000,0.0327868611
0.99476000,0.0388427675
0.99480000,0.0213125087
0.99484000,-0.0185289904
0.99488000,-4.25350008e-05
0.99492000,0.00983815733
0.99496000,-0.0363779813
0.99500000,-0.0175727941
0.99504000,0.0194001179
0.99508000,-0.00928576291
0.99512000,-0.00322985509
0.99516000,0.0276871491
0.99520000,0.0104756206
0.99524000,-0.0296846107
0.99528000,0.0162127968
0.99532000,-0.0124730831
0.99536000,-0.0242661666
0.99540000,-0.0363779813
0.99544000,-0.0153416712
0.99548000,-0.0118356189
0.99552000,-0.0102419592
0.99556000,-0.0217163116
0.99560000,-0.0347843245
0.99564000,-0.0172540639
0.99568000,-0.0570955612
0.99572000,-0.0456212126
0.99576000,-0.0437088199
0.99580000,-0.0558206365
0.99584000,-0.014704207
0.99588000,-0.0424338914
0.99592000,-0.0300033428
0.99596000,0.00314478506
0.99600000,-0.00227365899
0.99604000,-0.0131105473
0.99608000,0.00410098117
0.99612000,-0.0127918152
0.99616000,-0.000998731004
0.99620000,0.0254560243
0.99624000,-0.0025923911
0.99628000,0.0120692812
0.99632000,0.0356554501
0.99636000,-0.0137480106
0.99640000,0.00473844493
0.99644000,0.0178064574
0.99648000,-0.0124730831
0.99652000,-0.0249036308
0.99656000,-0.0198039189
0.99660000,-0.00769210281
0.99664000,-0.0414776951
0.99668000,-0.0366967134
0.99672000,-0.0264972914
0.99676000,-0.0472148694
0.99680000,-0.0468961373
0.99684000,-0.0558206365
0.99688000,-0.0344655924
0.99692000,-0.0507209226
0.99696000,-0.0127918152
0.99700000,-0.0309595391
0.99704000,0.00250732107
0.99708000,-0.0131105473
0.99712000,-0.00960449502
0.99716000,-0.0134292794
0.99720000,-4.25350008e-05
0.99724000,0.0146191372
0.99728000,0.0359741822
0.99732000,0.0146191372
0.99736000,0.0445799455
0.99740000,0.0155753326
0.99744000,-0.0386091061
0.99748000,-0.0194851868
0.99752000,-0.0580517575
0.99756000,-0.0156604033
0.99760000,-0.0178915262
0.99764000,0.0216312408
0.99768000,0.00346351694
0.99772000,-0.00673590694
0.99776000,-0.0131105473
0.99780000,-0.0102419592
0.99784000,-0.0249036308
0.99788000,-0.0242661666
0.99792000,0.0308744684
0.99796000,-0.0561393686
0.99800000,0.00760703301
0.99804000,0.0637038648
0.99808000,0.0452174097
0.99812000,0.0413926244
0.99816000,0.0630664006
0.99820000,0.0382053033
0.99824000,0.0503171198
0.99828000,0.0770906061
0.99832000,0.0410738923
0.99836000,0.0429862849
0.99840000,0.0340617895
0.99844000,0.06147274
0.99848000,0.0235436335
0.99852000,0.0426675528
0.99856000,0.0640226007
0.99860000,0.0206750445
0.99864000,-0.0204413831
0.99868000,-0.044027552
0.99872000,-0.0338281281
0.99876000,-0.0602828823
0.99880000,-0.0344655924
0.99884000,-0.0261785593
0.99888000,-0.0472148694
0.99892000,-0.0331906639
0.99896000,-0.119885765
0.99900000,0.0276871491
0.99904000,-0.00386731909
0.99908000,-0.0625140071
0.99912000,-0.0402027667
0.99916000,-0.0711197704
0.99920000,0.00951942522
0.99924000,-0.00577971106
0.99928000,0.0652975217
0.99932000,0.045854874
0.99936000,-0.0233099703
0.99940000,-0.00195492711
0.99944000,0.0382053033
0.99948000,0.00378224906
0.99952000,-0.00386731909
0.99956000,0.0337430574
0.99960000,-0.0561393686
0.99964000,-0.0529520474
0.99968000,-0.0446650162
0.99972000,-0.0268160235
0.99976000,0.000913660973
0.99980000,0.00760703301
0.99984000,-0.0198039189
0.99988000,0.0382053033
0.99992000,-0.0555019043
0.99996000,-0.0484897979
